Workbook

Sheet Assumptions
A1: Kelvin Dynamics — Series F Analysis Assumptions
A3: ROUND TERMS
A4: Series F pre-money (USD) | B4: 1400000000 | C4: Knob
A5: Series F primary raise (USD) | B5: 30000000
A6: Series F secondary raise (USD) | B6: 15000000 | C6: Tender
A7: Tender PPS multiplier | B7: 0.85 | C7: Tender PPS = mult × F_PPS
A8: ESOP refresh target (post-F FD) | B8: 0.13
A9: Our fund check (USD) | B9: 10000000 | C9: 1/3 of primary
A10: F_LEAD primary check (USD) | B10: 20000000 | C10: 2/3 of primary
A11: Option strike (USD) | B11: 1
A13: EXIT SCENARIOS
A14: Exit 1 (USD) | B14: 700000000
A15: Exit 2 (USD) | B15: 1200000000
A16: Exit 3 (USD) | B16: 2000000000 | C16: Sensitivity ref
A17: Exit 4 (USD) | B17: 4000000000
A18: Exit 5 (USD) | B18: 8000000000
A20: PRIOR-ROUND OCPs
A21: Seed OCP | B21: 1
A22: Series A OCP | B22: 3
A23: Series B OCP | B23: 10
A24: Series C OCP | B24: 25
A25: Series D OCP (post-E NCP) | B25: 58.118347 | C25: AD-effective
A26: Series D original OCP | B26: 60
A27: Series E OCP | B27: 49.158311
A29: PRE-F SHARE COUNTS
A30: Founder F1 common | B30: 4000000 | C30: CEO 50%
A31: Founder F2 common | B31: 2500000 | C31: CTO 31.25%
A32: Founder F3 common | B32: 1500000 | C32: CSO 18.75%
A33: Employee RSAs total | B33: 1000000 | C33: 10×100K
A34: Seed preferred shares | B34: 5000000
A35: Series A preferred shares | B35: 5000000
A36: Series B preferred shares | B36: 3000000
A37: Series C preferred shares | B37: 2400000
A38: Series D preferred shares (orig) | B38: 1666667 | C38: Issued at $60
A39: Series D preferred shares (post-E) | B39: 1720627 | C39: After E AD
A40: Series E preferred shares | B40: 6102667
A41: Pre-F issued options | B41: 2500000
A42: Pre-F unissued options | B42: 1894667
A43: Pre-F total options pool | B43: 4394667
A44: Pre-F broad-based FD total | B44: 36617961 | C44: AD denominator A
A46: PREFERENCE AMOUNTS
A47: Seed preference | B47: 5000000
A48: Series A preference | B48: 15000000
A49: Series B preference | B49: 30000000
A50: Series C preference | B50: 60000000
A51: Series D preference | B51: 100000000
A52: Series E preference | B52: 300000000
A53: Series F preference | B53: 30000000 | C53: =primary
A55: CONVERTIBLE NOTES
A56: Note A principal (USD) | B56: 5000000
A57: Note A cap (USD) | B57: 1000000000
A58: Note A discount | B58: 0.2
A59: Note B principal (USD) | B59: 3000000
A60: Note B cap (USD) | B60: 1600000000
A61: Note B discount | B61: 0.15
A63: SENSITIVITY GRID AXES
A64: ESOP low | B64: 0.11
A65: ESOP base | B65: 0.13
A66: ESOP high | B66: 0.15
A67: Pre-money low (USD) | B67: 1200000000
A68: Pre-money base (USD) | B68: 1400000000
A69: Pre-money high (USD) | B69: 1800000000
A71: RETURN TARGETS
A72: 3× multiple | B72: 3
A73: 4× multiple | B73: 4

Sheet Pro-Forma
A1: Pro-Forma Cap Table — Post Series F Closing
A3: Pro-Forma Solver — Base Case
A4: Iter | B4: F_PPS | C4: F_prim_shares | D4: NCP_E | E4: new_E_shares | F4: AD_inc_E | G4: NCP_D | H4: new_D_shares | I4: AD_inc_D | J4: ESOP_topup | K4: cap_FD_A | L4: cap_pps_A | M4: disc_pps_A | N4: conv_pps_A | O4: N_A | P4: cap_FD_B | Q4: cap_pps_B | R4: disc_pps_B | S4: conv_pps_B | T4: N_B | U4: pre_money_FD | V4: T_F
A5: 0 | B5: ='Assumptions'!$B$4/'Assumptions'!$B$44 | C5: ='Assumptions'!$B$5/$B$5 | D5: ='Assumptions'!$B$27*('Assumptions'!$B$44+'Assumptions'!$B$5/'Assumptions'!$B$27)/('Assumptions'!$B$44+'Assumptions'!$B$5/$B$5) | E5: ='Assumptions'!$B$40*'Assumptions'!$B$27/$D$5 | F5: =$E$5-'Assumptions'!$B$40 | G5: ='Assumptions'!$B$25*('Assumptions'!$B$44+'Assumptions'!$B$5/'Assumptions'!$B$25)/('Assumptions'!$B$44+'Assumptions'!$B$5/$B$5) | H5: ='Assumptions'!$B$38*'Assumptions'!$B$26/$G$5 | I5: =$H$5-'Assumptions'!$B$39 | J5: =MAX(0,'Assumptions'!$B$8*('Assumptions'!$B$44+$F$5+$I$5+$C$5)/(1-'Assumptions'!$B$8)-'Assumptions'!$B$43) | K5: ='Assumptions'!$B$44+$J$5+$F$5+$I$5+0 | L5: ='Assumptions'!$B$57/$K$5 | M5: =$B$5*(1-'Assumptions'!$B$58) | N5: =MIN($L$5,$M$5) | O5: ='Assumptions'!$B$56/$N$5 | P5: ='Assumptions'!$B$44+$J$5+$F$5+$I$5+$O$5 | Q5: ='Assumptions'!$B$60/$P$5 | R5: =$B$5*(1-'Assumptions'!$B$61) | S5: =MIN($Q$5,$R$5) | T5: ='Assumptions'!$B$59/$S$5 | U5: ='Assumptions'!$B$44+$J$5+$F$5+$I$5+$O$5+$T$5 | V5: =$U$5+$C$5
A6: 1 | B6: ='Assumptions'!$B$4/$U$5 | C6: ='Assumptions'!$B$5/$B$6 | D6: ='Assumptions'!$B$27*('Assumptions'!$B$44+'Assumptions'!$B$5/'Assumptions'!$B$27)/('Assumptions'!$B$44+'Assumptions'!$B$5/$B$6) | E6: ='Assumptions'!$B$40*'Assumptions'!$B$27/$D$6 | F6: =$E$6-'Assumptions'!$B$40 | G6: ='Assumptions'!$B$25*('Assumptions'!$B$44+'Assumptions'!$B$5/'Assumptions'!$B$25)/('Assumptions'!$B$44+'Assumptions'!$B$5/$B$6) | H6: ='Assumptions'!$B$38*'Assumptions'!$B$26/$G$6 | I6: =$H$6-'Assumptions'!$B$39 | J6: =MAX(0,'Assumptions'!$B$8*$V$5-'Assumptions'!$B$43) | K6: ='Assumptions'!$B$44+$J$6+$F$6+$I$6+$T$5 | L6: ='Assumptions'!$B$57/$K$6 | M6: =$B$6*(1-'Assumptions'!$B$58) | N6: =MIN($L$6,$M$6) | O6: ='Assumptions'!$B$56/$N$6 | P6: ='Assumptions'!$B$44+$J$6+$F$6+$I$6+$O$6 | Q6: ='Assumptions'!$B$60/$P$6 | R6: =$B$6*(1-'Assumptions'!$B$61) | S6: =MIN($Q$6,$R$6) | T6: ='Assumptions'!$B$59/$S$6 | U6: ='Assumptions'!$B$44+$J$6+$F$6+$I$6+$O$6+$T$6 | V6: =$U$6+$C$6
A7: 2 | B7: ='Assumptions'!$B$4/$U$6 | C7: ='Assumptions'!$B$5/$B$7 | D7: ='Assumptions'!$B$27*('Assumptions'!$B$44+'Assumptions'!$B$5/'Assumptions'!$B$27)/('Assumptions'!$B$44+'Assumptions'!$B$5/$B$7) | E7: ='Assumptions'!$B$40*'Assumptions'!$B$27/$D$7 | F7: =$E$7-'Assumptions'!$B$40 | G7: ='Assumptions'!$B$25*('Assumptions'!$B$44+'Assumptions'!$B$5/'Assumptions'!$B$25)/('Assumptions'!$B$44+'Assumptions'!$B$5/$B$7) | H7: ='Assumptions'!$B$38*'Assumptions'!$B$26/$G$7 | I7: =$H$7-'Assumptions'!$B$39 | J7: =MAX(0,'Assumptions'!$B$8*$V$6-'Assumptions'!$B$43) | K7: ='Assumptions'!$B$44+$J$7+$F$7+$I$7+$T$6 | L7: ='Assumptions'!$B$57/$K$7 | M7: =$B$7*(1-'Assumptions'!$B$58) | N7: =MIN($L$7,$M$7) | O7: ='Assumptions'!$B$56/$N$7 | P7: ='Assumptions'!$B$44+$J$7+$F$7+$I$7+$O$7 | Q7: ='Assumptions'!$B$60/$P$7 | R7: =$B$7*(1-'Assumptions'!$B$61) | S7: =MIN($Q$7,$R$7) | T7: ='Assumptions'!$B$59/$S$7 | U7: ='Assumptions'!$B$44+$J$7+$F$7+$I$7+$O$7+$T$7 | V7: =$U$7+$C$7
A8: 3 | B8: ='Assumptions'!$B$4/$U$7 | C8: ='Assumptions'!$B$5/$B$8 | D8: ='Assumptions'!$B$27*('Assumptions'!$B$44+'Assumptions'!$B$5/'Assumptions'!$B$27)/('Assumptions'!$B$44+'Assumptions'!$B$5/$B$8) | E8: ='Assumptions'!$B$40*'Assumptions'!$B$27/$D$8 | F8: =$E$8-'Assumptions'!$B$40 | G8: ='Assumptions'!$B$25*('Assumptions'!$B$44+'Assumptions'!$B$5/'Assumptions'!$B$25)/('Assumptions'!$B$44+'Assumptions'!$B$5/$B$8) | H8: ='Assumptions'!$B$38*'Assumptions'!$B$26/$G$8 | I8: =$H$8-'Assumptions'!$B$39 | J8: =MAX(0,'Assumptions'!$B$8*$V$7-'Assumptions'!$B$43) | K8: ='Assumptions'!$B$44+$J$8+$F$8+$I$8+$T$7 | L8: ='Assumptions'!$B$57/$K$8 | M8: =$B$8*(1-'Assumptions'!$B$58) | N8: =MIN($L$8,$M$8) | O8: ='Assumptions'!$B$56/$N$8 | P8: ='Assumptions'!$B$44+$J$8+$F$8+$I$8+$O$8 | Q8: ='Assumptions'!$B$60/$P$8 | R8: =$B$8*(1-'Assumptions'!$B$61) | S8: =MIN($Q$8,$R$8) | T8: ='Assumptions'!$B$59/$S$8 | U8: ='Assumptions'!$B$44+$J$8+$F$8+$I$8+$O$8+$T$8 | V8: =$U$8+$C$8
A9: 4 | B9: ='Assumptions'!$B$4/$U$8 | C9: ='Assumptions'!$B$5/$B$9 | D9: ='Assumptions'!$B$27*('Assumptions'!$B$44+'Assumptions'!$B$5/'Assumptions'!$B$27)/('Assumptions'!$B$44+'Assumptions'!$B$5/$B$9) | E9: ='Assumptions'!$B$40*'Assumptions'!$B$27/$D$9 | F9: =$E$9-'Assumptions'!$B$40 | G9: ='Assumptions'!$B$25*('Assumptions'!$B$44+'Assumptions'!$B$5/'Assumptions'!$B$25)/('Assumptions'!$B$44+'Assumptions'!$B$5/$B$9) | H9: ='Assumptions'!$B$38*'Assumptions'!$B$26/$G$9 | I9: =$H$9-'Assumptions'!$B$39 | J9: =MAX(0,'Assumptions'!$B$8*$V$8-'Assumptions'!$B$43) | K9: ='Assumptions'!$B$44+$J$9+$F$9+$I$9+$T$8 | L9: ='Assumptions'!$B$57/$K$9 | M9: =$B$9*(1-'Assumptions'!$B$58) | N9: =MIN($L$9,$M$9) | O9: ='Assumptions'!$B$56/$N$9 | P9: ='Assumptions'!$B$44+$J$9+$F$9+$I$9+$O$9 | Q9: ='Assumptions'!$B$60/$P$9 | R9: =$B$9*(1-'Assumptions'!$B$61) | S9: =MIN($Q$9,$R$9) | T9: ='Assumptions'!$B$59/$S$9 | U9: ='Assumptions'!$B$44+$J$9+$F$9+$I$9+$O$9+$T$9 | V9: =$U$9+$C$9
A10: 5 | B10: ='Assumptions'!$B$4/$U$9 | C10: ='Assumptions'!$B$5/$B$10 | D10: ='Assumptions'!$B$27*('Assumptions'!$B$44+'Assumptions'!$B$5/'Assumptions'!$B$27)/('Assumptions'!$B$44+'Assumptions'!$B$5/$B$10) | E10: ='Assumptions'!$B$40*'Assumptions'!$B$27/$D$10 | F10: =$E$10-'Assumptions'!$B$40 | G10: ='Assumptions'!$B$25*('Assumptions'!$B$44+'Assumptions'!$B$5/'Assumptions'!$B$25)/('Assumptions'!$B$44+'Assumptions'!$B$5/$B$10) | H10: ='Assumptions'!$B$38*'Assumptions'!$B$26/$G$10 | I10: =$H$10-'Assumptions'!$B$39 | J10: =MAX(0,'Assumptions'!$B$8*$V$9-'Assumptions'!$B$43) | K10: ='Assumptions'!$B$44+$J$10+$F$10+$I$10+$T$9 | L10: ='Assumptions'!$B$57/$K$10 | M10: =$B$10*(1-'Assumptions'!$B$58) | N10: =MIN($L$10,$M$10) | O10: ='Assumptions'!$B$56/$N$10 | P10: ='Assumptions'!$B$44+$J$10+$F$10+$I$10+$O$10 | Q10: ='Assumptions'!$B$60/$P$10 | R10: =$B$10*(1-'Assumptions'!$B$61) | S10: =MIN($Q$10,$R$10) | T10: ='Assumptions'!$B$59/$S$10 | U10: ='Assumptions'!$B$44+$J$10+$F$10+$I$10+$O$10+$T$10 | V10: =$U$10+$C$10
A11: 6 | B11: ='Assumptions'!$B$4/$U$10 | C11: ='Assumptions'!$B$5/$B$11 | D11: ='Assumptions'!$B$27*('Assumptions'!$B$44+'Assumptions'!$B$5/'Assumptions'!$B$27)/('Assumptions'!$B$44+'Assumptions'!$B$5/$B$11) | E11: ='Assumptions'!$B$40*'Assumptions'!$B$27/$D$11 | F11: =$E$11-'Assumptions'!$B$40 | G11: ='Assumptions'!$B$25*('Assumptions'!$B$44+'Assumptions'!$B$5/'Assumptions'!$B$25)/('Assumptions'!$B$44+'Assumptions'!$B$5/$B$11) | H11: ='Assumptions'!$B$38*'Assumptions'!$B$26/$G$11 | I11: =$H$11-'Assumptions'!$B$39 | J11: =MAX(0,'Assumptions'!$B$8*$V$10-'Assumptions'!$B$43) | K11: ='Assumptions'!$B$44+$J$11+$F$11+$I$11+$T$10 | L11: ='Assumptions'!$B$57/$K$11 | M11: =$B$11*(1-'Assumptions'!$B$58) | N11: =MIN($L$11,$M$11) | O11: ='Assumptions'!$B$56/$N$11 | P11: ='Assumptions'!$B$44+$J$11+$F$11+$I$11+$O$11 | Q11: ='Assumptions'!$B$60/$P$11 | R11: =$B$11*(1-'Assumptions'!$B$61) | S11: =MIN($Q$11,$R$11) | T11: ='Assumptions'!$B$59/$S$11 | U11: ='Assumptions'!$B$44+$J$11+$F$11+$I$11+$O$11+$T$11 | V11: =$U$11+$C$11
A12: 7 | B12: ='Assumptions'!$B$4/$U$11 | C12: ='Assumptions'!$B$5/$B$12 | D12: ='Assumptions'!$B$27*('Assumptions'!$B$44+'Assumptions'!$B$5/'Assumptions'!$B$27)/('Assumptions'!$B$44+'Assumptions'!$B$5/$B$12) | E12: ='Assumptions'!$B$40*'Assumptions'!$B$27/$D$12 | F12: =$E$12-'Assumptions'!$B$40 | G12: ='Assumptions'!$B$25*('Assumptions'!$B$44+'Assumptions'!$B$5/'Assumptions'!$B$25)/('Assumptions'!$B$44+'Assumptions'!$B$5/$B$12) | H12: ='Assumptions'!$B$38*'Assumptions'!$B$26/$G$12 | I12: =$H$12-'Assumptions'!$B$39 | J12: =MAX(0,'Assumptions'!$B$8*$V$11-'Assumptions'!$B$43) | K12: ='Assumptions'!$B$44+$J$12+$F$12+$I$12+$T$11 | L12: ='Assumptions'!$B$57/$K$12 | M12: =$B$12*(1-'Assumptions'!$B$58) | N12: =MIN($L$12,$M$12) | O12: ='Assumptions'!$B$56/$N$12 | P12: ='Assumptions'!$B$44+$J$12+$F$12+$I$12+$O$12 | Q12: ='Assumptions'!$B$60/$P$12 | R12: =$B$12*(1-'Assumptions'!$B$61) | S12: =MIN($Q$12,$R$12) | T12: ='Assumptions'!$B$59/$S$12 | U12: ='Assumptions'!$B$44+$J$12+$F$12+$I$12+$O$12+$T$12 | V12: =$U$12+$C$12
A13: 8 | B13: ='Assumptions'!$B$4/$U$12 | C13: ='Assumptions'!$B$5/$B$13 | D13: ='Assumptions'!$B$27*('Assumptions'!$B$44+'Assumptions'!$B$5/'Assumptions'!$B$27)/('Assumptions'!$B$44+'Assumptions'!$B$5/$B$13) | E13: ='Assumptions'!$B$40*'Assumptions'!$B$27/$D$13 | F13: =$E$13-'Assumptions'!$B$40 | G13: ='Assumptions'!$B$25*('Assumptions'!$B$44+'Assumptions'!$B$5/'Assumptions'!$B$25)/('Assumptions'!$B$44+'Assumptions'!$B$5/$B$13) | H13: ='Assumptions'!$B$38*'Assumptions'!$B$26/$G$13 | I13: =$H$13-'Assumptions'!$B$39 | J13: =MAX(0,'Assumptions'!$B$8*$V$12-'Assumptions'!$B$43) | K13: ='Assumptions'!$B$44+$J$13+$F$13+$I$13+$T$12 | L13: ='Assumptions'!$B$57/$K$13 | M13: =$B$13*(1-'Assumptions'!$B$58) | N13: =MIN($L$13,$M$13) | O13: ='Assumptions'!$B$56/$N$13 | P13: ='Assumptions'!$B$44+$J$13+$F$13+$I$13+$O$13 | Q13: ='Assumptions'!$B$60/$P$13 | R13: =$B$13*(1-'Assumptions'!$B$61) | S13: =MIN($Q$13,$R$13) | T13: ='Assumptions'!$B$59/$S$13 | U13: ='Assumptions'!$B$44+$J$13+$F$13+$I$13+$O$13+$T$13 | V13: =$U$13+$C$13
A14: 9 | B14: ='Assumptions'!$B$4/$U$13 | C14: ='Assumptions'!$B$5/$B$14 | D14: ='Assumptions'!$B$27*('Assumptions'!$B$44+'Assumptions'!$B$5/'Assumptions'!$B$27)/('Assumptions'!$B$44+'Assumptions'!$B$5/$B$14) | E14: ='Assumptions'!$B$40*'Assumptions'!$B$27/$D$14 | F14: =$E$14-'Assumptions'!$B$40 | G14: ='Assumptions'!$B$25*('Assumptions'!$B$44+'Assumptions'!$B$5/'Assumptions'!$B$25)/('Assumptions'!$B$44+'Assumptions'!$B$5/$B$14) | H14: ='Assumptions'!$B$38*'Assumptions'!$B$26/$G$14 | I14: =$H$14-'Assumptions'!$B$39 | J14: =MAX(0,'Assumptions'!$B$8*$V$13-'Assumptions'!$B$43) | K14: ='Assumptions'!$B$44+$J$14+$F$14+$I$14+$T$13 | L14: ='Assumptions'!$B$57/$K$14 | M14: =$B$14*(1-'Assumptions'!$B$58) | N14: =MIN($L$14,$M$14) | O14: ='Assumptions'!$B$56/$N$14 | P14: ='Assumptions'!$B$44+$J$14+$F$14+$I$14+$O$14 | Q14: ='Assumptions'!$B$60/$P$14 | R14: =$B$14*(1-'Assumptions'!$B$61) | S14: =MIN($Q$14,$R$14) | T14: ='Assumptions'!$B$59/$S$14 | U14: ='Assumptions'!$B$44+$J$14+$F$14+$I$14+$O$14+$T$14 | V14: =$U$14+$C$14
A15: 10 | B15: ='Assumptions'!$B$4/$U$14 | C15: ='Assumptions'!$B$5/$B$15 | D15: ='Assumptions'!$B$27*('Assumptions'!$B$44+'Assumptions'!$B$5/'Assumptions'!$B$27)/('Assumptions'!$B$44+'Assumptions'!$B$5/$B$15) | E15: ='Assumptions'!$B$40*'Assumptions'!$B$27/$D$15 | F15: =$E$15-'Assumptions'!$B$40 | G15: ='Assumptions'!$B$25*('Assumptions'!$B$44+'Assumptions'!$B$5/'Assumptions'!$B$25)/('Assumptions'!$B$44+'Assumptions'!$B$5/$B$15) | H15: ='Assumptions'!$B$38*'Assumptions'!$B$26/$G$15 | I15: =$H$15-'Assumptions'!$B$39 | J15: =MAX(0,'Assumptions'!$B$8*$V$14-'Assumptions'!$B$43) | K15: ='Assumptions'!$B$44+$J$15+$F$15+$I$15+$T$14 | L15: ='Assumptions'!$B$57/$K$15 | M15: =$B$15*(1-'Assumptions'!$B$58) | N15: =MIN($L$15,$M$15) | O15: ='Assumptions'!$B$56/$N$15 | P15: ='Assumptions'!$B$44+$J$15+$F$15+$I$15+$O$15 | Q15: ='Assumptions'!$B$60/$P$15 | R15: =$B$15*(1-'Assumptions'!$B$61) | S15: =MIN($Q$15,$R$15) | T15: ='Assumptions'!$B$59/$S$15 | U15: ='Assumptions'!$B$44+$J$15+$F$15+$I$15+$O$15+$T$15 | V15: =$U$15+$C$15
A16: 11 | B16: ='Assumptions'!$B$4/$U$15 | C16: ='Assumptions'!$B$5/$B$16 | D16: ='Assumptions'!$B$27*('Assumptions'!$B$44+'Assumptions'!$B$5/'Assumptions'!$B$27)/('Assumptions'!$B$44+'Assumptions'!$B$5/$B$16) | E16: ='Assumptions'!$B$40*'Assumptions'!$B$27/$D$16 | F16: =$E$16-'Assumptions'!$B$40 | G16: ='Assumptions'!$B$25*('Assumptions'!$B$44+'Assumptions'!$B$5/'Assumptions'!$B$25)/('Assumptions'!$B$44+'Assumptions'!$B$5/$B$16) | H16: ='Assumptions'!$B$38*'Assumptions'!$B$26/$G$16 | I16: =$H$16-'Assumptions'!$B$39 | J16: =MAX(0,'Assumptions'!$B$8*$V$15-'Assumptions'!$B$43) | K16: ='Assumptions'!$B$44+$J$16+$F$16+$I$16+$T$15 | L16: ='Assumptions'!$B$57/$K$16 | M16: =$B$16*(1-'Assumptions'!$B$58) | N16: =MIN($L$16,$M$16) | O16: ='Assumptions'!$B$56/$N$16 | P16: ='Assumptions'!$B$44+$J$16+$F$16+$I$16+$O$16 | Q16: ='Assumptions'!$B$60/$P$16 | R16: =$B$16*(1-'Assumptions'!$B$61) | S16: =MIN($Q$16,$R$16) | T16: ='Assumptions'!$B$59/$S$16 | U16: ='Assumptions'!$B$44+$J$16+$F$16+$I$16+$O$16+$T$16 | V16: =$U$16+$C$16
A17: 12 | B17: ='Assumptions'!$B$4/$U$16 | C17: ='Assumptions'!$B$5/$B$17 | D17: ='Assumptions'!$B$27*('Assumptions'!$B$44+'Assumptions'!$B$5/'Assumptions'!$B$27)/('Assumptions'!$B$44+'Assumptions'!$B$5/$B$17) | E17: ='Assumptions'!$B$40*'Assumptions'!$B$27/$D$17 | F17: =$E$17-'Assumptions'!$B$40 | G17: ='Assumptions'!$B$25*('Assumptions'!$B$44+'Assumptions'!$B$5/'Assumptions'!$B$25)/('Assumptions'!$B$44+'Assumptions'!$B$5/$B$17) | H17: ='Assumptions'!$B$38*'Assumptions'!$B$26/$G$17 | I17: =$H$17-'Assumptions'!$B$39 | J17: =MAX(0,'Assumptions'!$B$8*$V$16-'Assumptions'!$B$43) | K17: ='Assumptions'!$B$44+$J$17+$F$17+$I$17+$T$16 | L17: ='Assumptions'!$B$57/$K$17 | M17: =$B$17*(1-'Assumptions'!$B$58) | N17: =MIN($L$17,$M$17) | O17: ='Assumptions'!$B$56/$N$17 | P17: ='Assumptions'!$B$44+$J$17+$F$17+$I$17+$O$17 | Q17: ='Assumptions'!$B$60/$P$17 | R17: =$B$17*(1-'Assumptions'!$B$61) | S17: =MIN($Q$17,$R$17) | T17: ='Assumptions'!$B$59/$S$17 | U17: ='Assumptions'!$B$44+$J$17+$F$17+$I$17+$O$17+$T$17 | V17: =$U$17+$C$17
A18: 13 | B18: ='Assumptions'!$B$4/$U$17 | C18: ='Assumptions'!$B$5/$B$18 | D18: ='Assumptions'!$B$27*('Assumptions'!$B$44+'Assumptions'!$B$5/'Assumptions'!$B$27)/('Assumptions'!$B$44+'Assumptions'!$B$5/$B$18) | E18: ='Assumptions'!$B$40*'Assumptions'!$B$27/$D$18 | F18: =$E$18-'Assumptions'!$B$40 | G18: ='Assumptions'!$B$25*('Assumptions'!$B$44+'Assumptions'!$B$5/'Assumptions'!$B$25)/('Assumptions'!$B$44+'Assumptions'!$B$5/$B$18) | H18: ='Assumptions'!$B$38*'Assumptions'!$B$26/$G$18 | I18: =$H$18-'Assumptions'!$B$39 | J18: =MAX(0,'Assumptions'!$B$8*$V$17-'Assumptions'!$B$43) | K18: ='Assumptions'!$B$44+$J$18+$F$18+$I$18+$T$17 | L18: ='Assumptions'!$B$57/$K$18 | M18: =$B$18*(1-'Assumptions'!$B$58) | N18: =MIN($L$18,$M$18) | O18: ='Assumptions'!$B$56/$N$18 | P18: ='Assumptions'!$B$44+$J$18+$F$18+$I$18+$O$18 | Q18: ='Assumptions'!$B$60/$P$18 | R18: =$B$18*(1-'Assumptions'!$B$61) | S18: =MIN($Q$18,$R$18) | T18: ='Assumptions'!$B$59/$S$18 | U18: ='Assumptions'!$B$44+$J$18+$F$18+$I$18+$O$18+$T$18 | V18: =$U$18+$C$18
A19: 14 | B19: ='Assumptions'!$B$4/$U$18 | C19: ='Assumptions'!$B$5/$B$19 | D19: ='Assumptions'!$B$27*('Assumptions'!$B$44+'Assumptions'!$B$5/'Assumptions'!$B$27)/('Assumptions'!$B$44+'Assumptions'!$B$5/$B$19) | E19: ='Assumptions'!$B$40*'Assumptions'!$B$27/$D$19 | F19: =$E$19-'Assumptions'!$B$40 | G19: ='Assumptions'!$B$25*('Assumptions'!$B$44+'Assumptions'!$B$5/'Assumptions'!$B$25)/('Assumptions'!$B$44+'Assumptions'!$B$5/$B$19) | H19: ='Assumptions'!$B$38*'Assumptions'!$B$26/$G$19 | I19: =$H$19-'Assumptions'!$B$39 | J19: =MAX(0,'Assumptions'!$B$8*$V$18-'Assumptions'!$B$43) | K19: ='Assumptions'!$B$44+$J$19+$F$19+$I$19+$T$18 | L19: ='Assumptions'!$B$57/$K$19 | M19: =$B$19*(1-'Assumptions'!$B$58) | N19: =MIN($L$19,$M$19) | O19: ='Assumptions'!$B$56/$N$19 | P19: ='Assumptions'!$B$44+$J$19+$F$19+$I$19+$O$19 | Q19: ='Assumptions'!$B$60/$P$19 | R19: =$B$19*(1-'Assumptions'!$B$61) | S19: =MIN($Q$19,$R$19) | T19: ='Assumptions'!$B$59/$S$19 | U19: ='Assumptions'!$B$44+$J$19+$F$19+$I$19+$O$19+$T$19 | V19: =$U$19+$C$19 | W19: branch_A | X19: branch_B | Y19: post_F_options | Z19: unissued_opts | AA19: issued_opts
A20: 15 | B20: ='Assumptions'!$B$4/$U$19 | C20: ='Assumptions'!$B$5/$B$20 | D20: ='Assumptions'!$B$27*('Assumptions'!$B$44+'Assumptions'!$B$5/'Assumptions'!$B$27)/('Assumptions'!$B$44+'Assumptions'!$B$5/$B$20) | E20: ='Assumptions'!$B$40*'Assumptions'!$B$27/$D$20 | F20: =$E$20-'Assumptions'!$B$40 | G20: ='Assumptions'!$B$25*('Assumptions'!$B$44+'Assumptions'!$B$5/'Assumptions'!$B$25)/('Assumptions'!$B$44+'Assumptions'!$B$5/$B$20) | H20: ='Assumptions'!$B$38*'Assumptions'!$B$26/$G$20 | I20: =$H$20-'Assumptions'!$B$39 | J20: =MAX(0,'Assumptions'!$B$8*$V$19-'Assumptions'!$B$43) | K20: ='Assumptions'!$B$44+$J$20+$F$20+$I$20+$T$19 | L20: ='Assumptions'!$B$57/$K$20 | M20: =$B$20*(1-'Assumptions'!$B$58) | N20: =MIN($L$20,$M$20) | O20: ='Assumptions'!$B$56/$N$20 | P20: ='Assumptions'!$B$44+$J$20+$F$20+$I$20+$O$20 | Q20: ='Assumptions'!$B$60/$P$20 | R20: =$B$20*(1-'Assumptions'!$B$61) | S20: =MIN($Q$20,$R$20) | T20: ='Assumptions'!$B$59/$S$20 | U20: ='Assumptions'!$B$44+$J$20+$F$20+$I$20+$O$20+$T$20 | V20: =$U$20+$C$20 | W20: =IF('Pro-Forma'!$L$20<'Pro-Forma'!$M$20,"cap","discount") | X20: =IF('Pro-Forma'!$Q$20<'Pro-Forma'!$R$20,"cap","discount") | Y20: ='Assumptions'!$B$43+'Pro-Forma'!$J$20 | Z20: ='Assumptions'!$B$42+'Pro-Forma'!$J$20 | AA20: ='Assumptions'!$B$41
A23: ANTI-DILUTION BLOCK
A24: Class | B24: OCP-for-AD | C24: Trigger (F_PPS<OCP) | D24: New NCP | E24: New ratio | F24: Original shares | G24: As-converted shares
A25: Series Seed | B25: ='Assumptions'!$B$21 | C25: =IF('Pro-Forma'!$B$20<'Assumptions'!$B$21,"trigger","dormant") | D25: ='Assumptions'!$B$21 | E25: =1 | F25: ='Assumptions'!$B$34 | G25: ='Assumptions'!$B$34
A26: Series A | B26: ='Assumptions'!$B$22 | C26: =IF('Pro-Forma'!$B$20<'Assumptions'!$B$22,"trigger","dormant") | D26: ='Assumptions'!$B$22 | E26: =1 | F26: ='Assumptions'!$B$35 | G26: ='Assumptions'!$B$35
A27: Series B | B27: ='Assumptions'!$B$23 | C27: =IF('Pro-Forma'!$B$20<'Assumptions'!$B$23,"trigger","dormant") | D27: ='Assumptions'!$B$23 | E27: =1 | F27: ='Assumptions'!$B$36 | G27: ='Assumptions'!$B$36
A28: Series C | B28: ='Assumptions'!$B$24 | C28: =IF('Pro-Forma'!$B$20<'Assumptions'!$B$24,"trigger","dormant") | D28: ='Assumptions'!$B$24 | E28: =1 | F28: ='Assumptions'!$B$37 | G28: ='Assumptions'!$B$37
A29: Series D | B29: ='Assumptions'!$B$25 | C29: =IF('Pro-Forma'!$B$20<'Assumptions'!$B$25,"trigger","dormant") | D29: ='Pro-Forma'!$G$20 | E29: ='Assumptions'!$B$26/'Pro-Forma'!$G$20 | F29: ='Assumptions'!$B$38 | G29: ='Pro-Forma'!$H$20
A30: Series E | B30: ='Assumptions'!$B$27 | C30: =IF('Pro-Forma'!$B$20<'Assumptions'!$B$27,"trigger","dormant") | D30: ='Pro-Forma'!$D$20 | E30: ='Assumptions'!$B$27/'Pro-Forma'!$D$20 | F30: ='Assumptions'!$B$40 | G30: ='Pro-Forma'!$E$20
A32: NOTES BLOCK
A33: Note | B33: Cap-implied PPS | C33: Discount-implied PPS | D33: Conversion PPS (MIN) | E33: Branch (IF) | F33: Shares issued
A34: Note A | B34: ='Pro-Forma'!$L$20 | C34: ='Pro-Forma'!$M$20 | D34: ='Pro-Forma'!$N$20 | E34: ='Pro-Forma'!$W$20 | F34: ='Pro-Forma'!$O$20
A35: Note B | B35: ='Pro-Forma'!$Q$20 | C35: ='Pro-Forma'!$R$20 | D35: ='Pro-Forma'!$S$20 | E35: ='Pro-Forma'!$X$20 | F35: ='Pro-Forma'!$T$20
A37: TENDER BLOCK
A38: Tender PPS (= mult × F_PPS) | B38: ='Assumptions'!$B$7*'Pro-Forma'!$B$20
A39: Tender shares (= secondary / tender PPS) | B39: ='Assumptions'!$B$6/'Pro-Forma'!$B$38
A40: F1 tender share-out (50%) | B40: ='Pro-Forma'!$B$39*0.50
A41: F2 tender share-out (31.25%) | B41: ='Pro-Forma'!$B$39*0.3125
A42: F3 tender share-out (18.75%) | B42: ='Pro-Forma'!$B$39*0.1875
A43: F_LEAD secondary common holding | B43: ='Pro-Forma'!$B$39
A44: F_LEAD primary F shares | B44: ='Assumptions'!$B$10/'Pro-Forma'!$B$20
A45: Our fund F shares | B45: ='Assumptions'!$B$9/'Pro-Forma'!$B$20
A47: POST-F CAP TABLE BY STAKEHOLDER
A48: Stakeholder | B48: Common+RSAs | C48: Seed | D48: A | E48: B | F48: C | G48: D | H48: E | I48: Series F | J48: Notes-eq | K48: Issued opts | L48: Unissued opts | M48: Total FD | N48: Ownership %
A49: Founder F1 (CEO) | B49: ='Assumptions'!$B$30-'Pro-Forma'!$B$40 | M49: =SUM(B49:L49) | N49: =M49/'Pro-Forma'!$V$20
A50: Founder F2 (CTO) | B50: ='Assumptions'!$B$31-'Pro-Forma'!$B$41 | M50: =SUM(B50:L50) | N50: =M50/'Pro-Forma'!$V$20
A51: Founder F3 (CSO) | B51: ='Assumptions'!$B$32-'Pro-Forma'!$B$42 | M51: =SUM(B51:L51) | N51: =M51/'Pro-Forma'!$V$20
A52: Employee RSAs | B52: ='Assumptions'!$B$33 | M52: =SUM(B52:L52) | N52: =M52/'Pro-Forma'!$V$20
A53: SEED1 | C53: ='Assumptions'!$B$34 | M53: =SUM(B53:L53) | N53: =M53/'Pro-Forma'!$V$20
A54: A1 | D54: ='Assumptions'!$B$35 | M54: =SUM(B54:L54) | N54: =M54/'Pro-Forma'!$V$20
A55: B1 | E55: ='Assumptions'!$B$36 | M55: =SUM(B55:L55) | N55: =M55/'Pro-Forma'!$V$20
A56: C1 | F56: ='Assumptions'!$B$37 | M56: =SUM(B56:L56) | N56: =M56/'Pro-Forma'!$V$20
A57: D1 | G57: ='Pro-Forma'!$H$20 | M57: =SUM(B57:L57) | N57: =M57/'Pro-Forma'!$V$20
A58: Series E LPs | H58: ='Pro-Forma'!$E$20 | M58: =SUM(B58:L58) | N58: =M58/'Pro-Forma'!$V$20
A59: NA1 (Note A holder) | J59: ='Pro-Forma'!$O$20 | M59: =SUM(B59:L59) | N59: =M59/'Pro-Forma'!$V$20
A60: NB1 (Note B holder) | J60: ='Pro-Forma'!$T$20 | M60: =SUM(B60:L60) | N60: =M60/'Pro-Forma'!$V$20
A61: F_LEAD primary (F) | I61: ='Pro-Forma'!$B$44 | M61: =SUM(B61:L61) | N61: =M61/'Pro-Forma'!$V$20
A62: F_LEAD secondary (common) | B62: ='Pro-Forma'!$B$43 | M62: =SUM(B62:L62) | N62: =M62/'Pro-Forma'!$V$20
A63: F_FUND (Our fund) | I63: ='Pro-Forma'!$B$45 | M63: =SUM(B63:L63) | N63: =M63/'Pro-Forma'!$V$20
A64: Issued options | K64: ='Pro-Forma'!$AA$20 | M64: =SUM(B64:L64) | N64: =M64/'Pro-Forma'!$V$20
A65: Unissued options | L65: ='Pro-Forma'!$Z$20 | M65: =SUM(B65:L65) | N65: =M65/'Pro-Forma'!$V$20
A66: TOTAL | B66: =SUM(B49:B65) | C66: =SUM(C49:C65) | D66: =SUM(D49:D65) | E66: =SUM(E49:E65) | F66: =SUM(F49:F65) | G66: =SUM(G49:G65) | H66: =SUM(H49:H65) | I66: =SUM(I49:I65) | ... N66: =SUM(N49:N65)

Sheet Waterfall
A1: Waterfall — 1× Non-Participating with Conversion Election
A3: Exit value (USD) | B3: ='Assumptions'!$B$14 | C3: ='Assumptions'!$B$15 | D3: ='Assumptions'!$B$16 | E3: ='Assumptions'!$B$17 | F3: ='Assumptions'!$B$18
A5: STATIC POOL COMPONENTS
A6: Common+RSAs shares (founders post-tender + RSAs + tender to F_LEAD) | B6: ='Assumptions'!$B$30+'Assumptions'!$B$31+'Assumptions'!$B$32+'Assumptions'!$B$33
A7: Notes converted (N_A + N_B) | B7: ='Pro-Forma'!$O$20+'Pro-Forma'!$T$20
A8: Issued options (always assume ITM at these exits) | B8: ='Pro-Forma'!$AA$20
A10: PER-CLASS AS-CONVERTED SHARES
A11: F shares | B11: ='Pro-Forma'!$C$20
A12: E shares | B12: ='Pro-Forma'!$E$20
A13: D shares | B13: ='Pro-Forma'!$H$20
A14: C shares | B14: ='Assumptions'!$B$37
A15: B shares | B15: ='Assumptions'!$B$36
A16: A shares | B16: ='Assumptions'!$B$35
A17: Seed shares | B17: ='Assumptions'!$B$34
A19: PER-CLASS PREFERENCE (USD)
A20: F pref | B20: ='Assumptions'!$B$53
A21: E pref | B21: ='Assumptions'!$B$52
A22: D pref | B22: ='Assumptions'!$B$51
A23: C pref | B23: ='Assumptions'!$B$50
A24: B pref | B24: ='Assumptions'!$B$49
A25: A pref | B25: ='Assumptions'!$B$48
A26: Seed pref | B26: ='Assumptions'!$B$47
A28: --- F class ---
A29: Senior pref total (paid above F) | B29: =0 | C29: =0 | D29: =0 | E29: =0 | F29: =0
A30: Senior convert pool shares | B30: =0 | C30: =0 | D30: =0 | E30: =0 | F30: =0
A31: Junior pool shares (assume convert) | B31: =$B$12+$B$13+$B$14+$B$15+$B$16+$B$17 | C31: =$B$12+$B$13+$B$14+$B$15+$B$16+$B$17 | D31: =$B$12+$B$13+$B$14+$B$15+$B$16+$B$17 | E31: =$B$12+$B$13+$B$14+$B$15+$B$16+$B$17 | F31: =$B$12+$B$13+$B$14+$B$15+$B$16+$B$17
A32: Convert pool size (incl. F) | B32: =$B$11+B30+B31+$B$6+$B$7+$B$8 | C32: =$B$11+C30+C31+$B$6+$B$7+$B$8 | D32: =$B$11+D30+D31+$B$6+$B$7+$B$8 | E32: =$B$11+E30+E31+$B$6+$B$7+$B$8 | F32: =$B$11+F30+F31+$B$6+$B$7+$B$8
A33: Residual cash (exit + opts strike − senior pref) | B33: =$B$3+'Assumptions'!$B$11*$B$8-B29 | C33: =$C$3+'Assumptions'!$B$11*$B$8-C29 | D33: =$D$3+'Assumptions'!$B$11*$B$8-D29 | E33: =$E$3+'Assumptions'!$B$11*$B$8-E29 | F33: =$F$3+'Assumptions'!$B$11*$B$8-F29
A34: Per-share (residual / pool) | B34: =B33/B32 | C34: =C33/C32 | D34: =D33/D32 | E34: =E33/E32 | F34: =F33/F32
A35: F convert payoff | B35: =$B$11*B34 | C35: =$B$11*C34 | D35: =$B$11*D34 | E35: =$B$11*E34 | F35: =$B$11*F34
A36: F preference payoff | B36: =$B$20 | C36: =$B$20 | D36: =$B$20 | E36: =$B$20 | F36: =$B$20
A37: F ELECTION (IF formula) | B37: =IF(B35>B36,"convert","preference") | C37: =IF(C35>C36,"convert","preference") | D37: =IF(D35>D36,"convert","preference") | E37: =IF(E35>E36,"convert","preference") | F37: =IF(F35>F36,"convert","preference")
A38: F realized payoff | B38: =IF(B37="convert",B35,B36) | C38: =IF(C37="convert",C35,C36) | D38: =IF(D37="convert",D35,D36) | E38: =IF(E37="convert",E35,E36) | F38: =IF(F37="convert",F35,F36)
A40: --- E class ---
A41: Senior pref total (paid above E) | B41: =IF(B37="preference",$B$20,0) | C41: =IF(C37="preference",$B$20,0) | D41: =IF(D37="preference",$B$20,0) | E41: =IF(E37="preference",$B$20,0) | F41: =IF(F37="preference",$B$20,0)
A42: Senior convert pool shares | B42: =IF(B37="convert",$B$11,0) | C42: =IF(C37="convert",$B$11,0) | D42: =IF(D37="convert",$B$11,0) | E42: =IF(E37="convert",$B$11,0) | F42: =IF(F37="convert",$B$11,0)
A43: Junior pool shares (assume convert) | B43: =$B$13+$B$14+$B$15+$B$16+$B$17 | C43: =$B$13+$B$14+$B$15+$B$16+$B$17 | D43: =$B$13+$B$14+$B$15+$B$16+$B$17 | E43: =$B$13+$B$14+$B$15+$B$16+$B$17 | F43: =$B$13+$B$14+$B$15+$B$16+$B$17
A44: Convert pool size (incl. E) | B44: =$B$12+B42+B43+$B$6+$B$7+$B$8 | C44: =$B$12+C42+C43+$B$6+$B$7+$B$8 | D44: =$B$12+D42+D43+$B$6+$B$7+$B$8 | E44: =$B$12+E42+E43+$B$6+$B$7+$B$8 | F44: =$B$12+F42+F43+$B$6+$B$7+$B$8
A45: Residual cash (exit + opts strike − senior pref) | B45: =$B$3+'Assumptions'!$B$11*$B$8-B41 | C45: =$C$3+'Assumptions'!$B$11*$B$8-C41 | D45: =$D$3+'Assumptions'!$B$11*$B$8-D41 | E45: =$E$3+'Assumptions'!$B$11*$B$8-E41 | F45: =$F$3+'Assumptions'!$B$11*$B$8-F41
A46: Per-share (residual / pool) | B46: =B45/B44 | C46: =C45/C44 | D46: =D45/D44 | E46: =E45/E44 | F46: =F45/F44
A47: E convert payoff | B47: =$B$12*B46 | C47: =$B$12*C46 | D47: =$B$12*D46 | E47: =$B$12*E46 | F47: =$B$12*F46
A48: E preference payoff | B48: =$B$21 | C48: =$B$21 | D48: =$B$21 | E48: =$B$21 | F48: =$B$21
A49: E ELECTION (IF formula) | B49: =IF(B47>B48,"convert","preference") | C49: =IF(C47>C48,"convert","preference") | D49: =IF(D47>D48,"convert","preference") | E49: =IF(E47>E48,"convert","preference") | F49: =IF(F47>F48,"convert","preference")
A50: E realized payoff | B50: =IF(B49="convert",B47,B48) | C50: =IF(C49="convert",C47,C48) | D50: =IF(D49="convert",D47,D48) | E50: =IF(E49="convert",E47,E48) | F50: =IF(F49="convert",F47,F48)
A52: --- D class ---
A53: Senior pref total (paid above D) | B53: =IF(B37="preference",$B$20,0)+IF(B49="preference",$B$21,0) | C53: =IF(C37="preference",$B$20,0)+IF(C49="preference",$B$21,0) | D53: =IF(D37="preference",$B$20,0)+IF(D49="preference",$B$21,0) | E53: =IF(E37="preference",$B$20,0)+IF(E49="preference",$B$21,0) | F53: =IF(F37="preference",$B$20,0)+IF(F49="preference",$B$21,0)
A54: Senior convert pool shares | B54: =IF(B37="convert",$B$11,0)+IF(B49="convert",$B$12,0) | C54: =IF(C37="convert",$B$11,0)+IF(C49="convert",$B$12,0) | D54: =IF(D37="convert",$B$11,0)+IF(D49="convert",$B$12,0) | E54: =IF(E37="convert",$B$11,0)+IF(E49="convert",$B$12,0) | F54: =IF(F37="convert",$B$11,0)+IF(F49="convert",$B$12,0)
A55: Junior pool shares (assume convert) | B55: =$B$14+$B$15+$B$16+$B$17 | C55: =$B$14+$B$15+$B$16+$B$17 | D55: =$B$14+$B$15+$B$16+$B$17 | E55: =$B$14+$B$15+$B$16+$B$17 | F55: =$B$14+$B$15+$B$16+$B$17
A56: Convert pool size (incl. D) | B56: =$B$13+B54+B55+$B$6+$B$7+$B$8 | C56: =$B$13+C54+C55+$B$6+$B$7+$B$8 | D56: =$B$13+D54+D55+$B$6+$B$7+$B$8 | E56: =$B$13+E54+E55+$B$6+$B$7+$B$8 | F56: =$B$13+F54+F55+$B$6+$B$7+$B$8
A57: Residual cash (exit + opts strike − senior pref) | B57: =$B$3+'Assumptions'!$B$11*$B$8-B53 | C57: =$C$3+'Assumptions'!$B$11*$B$8-C53 | D57: =$D$3+'Assumptions'!$B$11*$B$8-D53 | E57: =$E$3+'Assumptions'!$B$11*$B$8-E53 | F57: =$F$3+'Assumptions'!$B$11*$B$8-F53
A58: Per-share (residual / pool) | B58: =B57/B56 | C58: =C57/C56 | D58: =D57/D56 | E58: =E57/E56 | F58: =F57/F56
A59: D convert payoff | B59: =$B$13*B58 | C59: =$B$13*C58 | D59: =$B$13*D58 | E59: =$B$13*E58 | F59: =$B$13*F58
A60: D preference payoff | B60: =$B$22 | C60: =$B$22 | D60: =$B$22 | E60: =$B$22 | F60: =$B$22
A61: D ELECTION (IF formula) | B61: =IF(B59>B60,"convert","preference") | C61: =IF(C59>C60,"convert","preference") | D61: =IF(D59>D60,"convert","preference") | E61: =IF(E59>E60,"convert","preference") | F61: =IF(F59>F60,"convert","preference")
A62: D realized payoff | B62: =IF(B61="convert",B59,B60) | C62: =IF(C61="convert",C59,C60) | D62: =IF(D61="convert",D59,D60) | E62: =IF(E61="convert",E59,E60) | F62: =IF(F61="convert",F59,F60)
A64: --- C class ---
A65: Senior pref total (paid above C) | B65: =IF(B37="preference",$B$20,0)+IF(B49="preference",$B$21,0)+IF(B61="preference",$B$22,0) | C65: =IF(C37="preference",$B$20,0)+IF(C49="preference",$B$21,0)+IF(C61="preference",$B$22,0) | D65: =IF(D37="preference",$B$20,0)+IF(D49="preference",$B$21,0)+IF(D61="preference",$B$22,0) | E65: =IF(E37="preference",$B$20,0)+IF(E49="preference",$B$21,0)+IF(E61="preference",$B$22,0) | F65: =IF(F37="preference",$B$20,0)+IF(F49="preference",$B$21,0)+IF(F61="preference",$B$22,0)
A66: Senior convert pool shares | B66: =IF(B37="convert",$B$11,0)+IF(B49="convert",$B$12,0)+IF(B61="convert",$B$13,0) | C66: =IF(C37="convert",$B$11,0)+IF(C49="convert",$B$12,0)+IF(C61="convert",$B$13,0) | D66: =IF(D37="convert",$B$11,0)+IF(D49="convert",$B$12,0)+IF(D61="convert",$B$13,0) | E66: =IF(E37="convert",$B$11,0)+IF(E49="convert",$B$12,0)+IF(E61="convert",$B$13,0) | F66: =IF(F37="convert",$B$11,0)+IF(F49="convert",$B$12,0)+IF(F61="convert",$B$13,0)
A67: Junior pool shares (assume convert) | B67: =$B$15+$B$16+$B$17 | C67: =$B$15+$B$16+$B$17 | D67: =$B$15+$B$16+$B$17 | E67: =$B$15+$B$16+$B$17 | F67: =$B$15+$B$16+$B$17
A68: Convert pool size (incl. C) | B68: =$B$14+B66+B67+$B$6+$B$7+$B$8 | C68: =$B$14+C66+C67+$B$6+$B$7+$B$8 | D68: =$B$14+D66+D67+$B$6+$B$7+$B$8 | E68: =$B$14+E66+E67+$B$6+$B$7+$B$8 | F68: =$B$14+F66+F67+$B$6+$B$7+$B$8
A69: Residual cash (exit + opts strike − senior pref) | B69: =$B$3+'Assumptions'!$B$11*$B$8-B65 | C69: =$C$3+'Assumptions'!$B$11*$B$8-C65 | D69: =$D$3+'Assumptions'!$B$11*$B$8-D65 | E69: =$E$3+'Assumptions'!$B$11*$B$8-E65 | F69: =$F$3+'Assumptions'!$B$11*$B$8-F65
A70: Per-share (residual / pool) | B70: =B69/B68 | C70: =C69/C68 | D70: =D69/D68 | E70: =E69/E68 | F70: =F69/F68
A71: C convert payoff | B71: =$B$14*B70 | C71: =$B$14*C70 | D71: =$B$14*D70 | E71: =$B$14*E70 | F71: =$B$14*F70
A72: C preference payoff | B72: =$B$23 | C72: =$B$23 | D72: =$B$23 | E72: =$B$23 | F72: =$B$23
A73: C ELECTION (IF formula) | B73: =IF(B71>B72,"convert","preference") | C73: =IF(C71>C72,"convert","preference") | D73: =IF(D71>D72,"convert","preference") | E73: =IF(E71>E72,"convert","preference") | F73: =IF(F71>F72,"convert","preference")
A74: C realized payoff | B74: =IF(B73="convert",B71,B72) | C74: =IF(C73="convert",C71,C72) | D74: =IF(D73="convert",D71,D72) | E74: =IF(E73="convert",E71,E72) | F74: =IF(F73="convert",F71,F72)
A76: --- B class ---
A77: Senior pref total (paid above B) | B77: =IF(B37="preference",$B$20,0)+IF(B49="preference",$B$21,0)+IF(B61="preference",$B$22,0)+IF(B73="preference",$B$23,0) | C77: =IF(C37="preference",$B$20,0)+IF(C49="preference",$B$21,0)+IF(C61="preference",$B$22,0)+IF(C73="preference",$B$23,0) | D77: =IF(D37="preference",$B$20,0)+IF(D49="preference",$B$21,0)+IF(D61="preference",$B$22,0)+IF(D73="preference",$B$23,0) | E77: =IF(E37="preference",$B$20,0)+IF(E49="preference",$B$21,0)+IF(E61="preference",$B$22,0)+IF(E73="preference",$B$23,0) | F77: =IF(F37="preference",$B$20,0)+IF(F49="preference",$B$21,0)+IF(F61="preference",$B$22,0)+IF(F73="preference",$B$23,0)
A78: Senior convert pool shares | B78: =IF(B37="convert",$B$11,0)+IF(B49="convert",$B$12,0)+IF(B61="convert",$B$13,0)+IF(B73="convert",$B$14,0) | C78: =IF(C37="convert",$B$11,0)+IF(C49="convert",$B$12,0)+IF(C61="convert",$B$13,0)+IF(C73="convert",$B$14,0) | D78: =IF(D37="convert",$B$11,0)+IF(D49="convert",$B$12,0)+IF(D61="convert",$B$13,0)+IF(D73="convert",$B$14,0) | E78: =IF(E37="convert",$B$11,0)+IF(E49="convert",$B$12,0)+IF(E61="convert",$B$13,0)+IF(E73="convert",$B$14,0) | F78: =IF(F37="convert",$B$11,0)+IF(F49="convert",$B$12,0)+IF(F61="convert",$B$13,0)+IF(F73="convert",$B$14,0)
A79: Junior pool shares (assume convert) | B79: =$B$16+$B$17 | C79: =$B$16+$B$17 | D79: =$B$16+$B$17 | E79: =$B$16+$B$17 | F79: =$B$16+$B$17
A80: Convert pool size (incl. B) | B80: =$B$15+B78+B79+$B$6+$B$7+$B$8 | C80: =$B$15+C78+C79+$B$6+$B$7+$B$8 | D80: =$B$15+D78+D79+$B$6+$B$7+$B$8 | E80: =$B$15+E78+E79+$B$6+$B$7+$B$8 | F80: =$B$15+F78+F79+$B$6+$B$7+$B$8
A81: Residual cash (exit + opts strike − senior pref) | B81: =$B$3+'Assumptions'!$B$11*$B$8-B77 | C81: =$C$3+'Assumptions'!$B$11*$B$8-C77 | D81: =$D$3+'Assumptions'!$B$11*$B$8-D77 | E81: =$E$3+'Assumptions'!$B$11*$B$8-E77 | F81: =$F$3+'Assumptions'!$B$11*$B$8-F77
A82: Per-share (residual / pool) | B82: =B81/B80 | C82: =C81/C80 | D82: =D81/D80 | E82: =E81/E80 | F82: =F81/F80
A83: B convert payoff | B83: =$B$15*B82 | C83: =$B$15*C82 | D83: =$B$15*D82 | E83: =$B$15*E82 | F83: =$B$15*F82
A84: B preference payoff | B84: =$B$24 | C84: =$B$24 | D84: =$B$24 | E84: =$B$24 | F84: =$B$24
A85: B ELECTION (IF formula) | B85: =IF(B83>B84,"convert","preference") | C85: =IF(C83>C84,"convert","preference") | D85: =IF(D83>D84,"convert","preference") | E85: =IF(E83>E84,"convert","preference") | F85: =IF(F83>F84,"convert","preference")
A86: B realized payoff | B86: =IF(B85="convert",B83,B84) | C86: =IF(C85="convert",C83,C84) | D86: =IF(D85="convert",D83,D84) | E86: =IF(E85="convert",E83,E84) | F86: =IF(F85="convert",F83,F84)
A88: --- A class ---
A89: Senior pref total (paid above A) | B89: =IF(B37="preference",$B$20,0)+IF(B49="preference",$B$21,0)+IF(B61="preference",$B$22,0)+IF(B73="preference",$B$23,0)+IF(B85="preference",$B$24,0) | C89: =IF(C37="preference",$B$20,0)+IF(C49="preference",$B$21,0)+IF(C61="preference",$B$22,0)+IF(C73="preference",$B$23,0)+IF(C85="preference",$B$24,0) | D89: =IF(D37="preference",$B$20,0)+IF(D49="preference",$B$21,0)+IF(D61="preference",$B$22,0)+IF(D73="preference",$B$23,0)+IF(D85="preference",$B$24,0) | E89: =IF(E37="preference",$B$20,0)+IF(E49="preference",$B$21,0)+IF(E61="preference",$B$22,0)+IF(E73="preference",$B$23,0)+IF(E85="preference",$B$24,0) | F89: =IF(F37="preference",$B$20,0)+IF(F49="preference",$B$21,0)+IF(F61="preference",$B$22,0)+IF(F73="preference",$B$23,0)+IF(F85="preference",$B$24,0)
A90: Senior convert pool shares | B90: =IF(B37="convert",$B$11,0)+IF(B49="convert",$B$12,0)+IF(B61="convert",$B$13,0)+IF(B73="convert",$B$14,0)+IF(B85="convert",$B$15,0) | C90: =IF(C37="convert",$B$11,0)+IF(C49="convert",$B$12,0)+IF(C61="convert",$B$13,0)+IF(C73="convert",$B$14,0)+IF(C85="convert",$B$15,0) | D90: =IF(D37="convert",$B$11,0)+IF(D49="convert",$B$12,0)+IF(D61="convert",$B$13,0)+IF(D73="convert",$B$14,0)+IF(D85="convert",$B$15,0) | E90: =IF(E37="convert",$B$11,0)+IF(E49="convert",$B$12,0)+IF(E61="convert",$B$13,0)+IF(E73="convert",$B$14,0)+IF(E85="convert",$B$15,0) | F90: =IF(F37="convert",$B$11,0)+IF(F49="convert",$B$12,0)+IF(F61="convert",$B$13,0)+IF(F73="convert",$B$14,0)+IF(F85="convert",$B$15,0)
A91: Junior pool shares (assume convert) | B91: =$B$17 | C91: =$B$17 | D91: =$B$17 | E91: =$B$17 | F91: =$B$17
A92: Convert pool size (incl. A) | B92: =$B$16+B90+B91+$B$6+$B$7+$B$8 | C92: =$B$16+C90+C91+$B$6+$B$7+$B$8 | D92: =$B$16+D90+D91+$B$6+$B$7+$B$8 | E92: =$B$16+E90+E91+$B$6+$B$7+$B$8 | F92: =$B$16+F90+F91+$B$6+$B$7+$B$8
A93: Residual cash (exit + opts strike − senior pref) | B93: =$B$3+'Assumptions'!$B$11*$B$8-B89 | C93: =$C$3+'Assumptions'!$B$11*$B$8-C89 | D93: =$D$3+'Assumptions'!$B$11*$B$8-D89 | E93: =$E$3+'Assumptions'!$B$11*$B$8-E89 | F93: =$F$3+'Assumptions'!$B$11*$B$8-F89
A94: Per-share (residual / pool) | B94: =B93/B92 | C94: =C93/C92 | D94: =D93/D92 | E94: =E93/E92 | F94: =F93/F92
A95: A convert payoff | B95: =$B$16*B94 | C95: =$B$16*C94 | D95: =$B$16*D94 | E95: =$B$16*E94 | F95: =$B$16*F94
A96: A preference payoff | B96: =$B$25 | C96: =$B$25 | D96: =$B$25 | E96: =$B$25 | F96: =$B$25
A97: A ELECTION (IF formula) | B97: =IF(B95>B96,"convert","preference") | C97: =IF(C95>C96,"convert","preference") | D97: =IF(D95>D96,"convert","preference") | E97: =IF(E95>E96,"convert","preference") | F97: =IF(F95>F96,"convert","preference")
A98: A realized payoff | B98: =IF(B97="convert",B95,B96) | C98: =IF(C97="convert",C95,C96) | D98: =IF(D97="convert",D95,D96) | E98: =IF(E97="convert",E95,E96) | F98: =IF(F97="convert",F95,F96)
A100: --- Seed class ---
A101: Senior pref total (paid above Seed) | B101: =IF(B37="preference",$B$20,0)+IF(B49="preference",$B$21,0)+IF(B61="preference",$B$22,0)+IF(B73="preference",$B$23,0)+IF(B85="preference",$B$24,0)+IF(B97="preference",$B$25,0) | C101: =IF(C37="preference",$B$20,0)+IF(C49="preference",$B$21,0)+IF(C61="preference",$B$22,0)+IF(C73="preference",$B$23,0)+IF(C85="preference",$B$24,0)+IF(C97="preference",$B$25,0) | D101: =IF(D37="preference",$B$20,0)+IF(D49="preference",$B$21,0)+IF(D61="preference",$B$22,0)+IF(D73="preference",$B$23,0)+IF(D85="preference",$B$24,0)+IF(D97="preference",$B$25,0) | E101: =IF(E37="preference",$B$20,0)+IF(E49="preference",$B$21,0)+IF(E61="preference",$B$22,0)+IF(E73="preference",$B$23,0)+IF(E85="preference",$B$24,0)+IF(E97="preference",$B$25,0) | F101: =IF(F37="preference",$B$20,0)+IF(F49="preference",$B$21,0)+IF(F61="preference",$B$22,0)+IF(F73="preference",$B$23,0)+IF(F85="preference",$B$24,0)+IF(F97="preference",$B$25,0)
A102: Senior convert pool shares | B102: =IF(B37="convert",$B$11,0)+IF(B49="convert",$B$12,0)+IF(B61="convert",$B$13,0)+IF(B73="convert",$B$14,0)+IF(B85="convert",$B$15,0)+IF(B97="convert",$B$16,0) | C102: =IF(C37="convert",$B$11,0)+IF(C49="convert",$B$12,0)+IF(C61="convert",$B$13,0)+IF(C73="convert",$B$14,0)+IF(C85="convert",$B$15,0)+IF(C97="convert",$B$16,0) | D102: =IF(D37="convert",$B$11,0)+IF(D49="convert",$B$12,0)+IF(D61="convert",$B$13,0)+IF(D73="convert",$B$14,0)+IF(D85="convert",$B$15,0)+IF(D97="convert",$B$16,0) | E102: =IF(E37="convert",$B$11,0)+IF(E49="convert",$B$12,0)+IF(E61="convert",$B$13,0)+IF(E73="convert",$B$14,0)+IF(E85="convert",$B$15,0)+IF(E97="convert",$B$16,0) | F102: =IF(F37="convert",$B$11,0)+IF(F49="convert",$B$12,0)+IF(F61="convert",$B$13,0)+IF(F73="convert",$B$14,0)+IF(F85="convert",$B$15,0)+IF(F97="convert",$B$16,0)
A103: Junior pool shares (assume convert) | B103: =0 | C103: =0 | D103: =0 | E103: =0 | F103: =0
A104: Convert pool size (incl. Seed) | B104: =$B$17+B102+B103+$B$6+$B$7+$B$8 | C104: =$B$17+C102+C103+$B$6+$B$7+$B$8 | D104: =$B$17+D102+D103+$B$6+$B$7+$B$8 | E104: =$B$17+E102+E103+$B$6+$B$7+$B$8 | F104: =$B$17+F102+F103+$B$6+$B$7+$B$8
A105: Residual cash (exit + opts strike − senior pref) | B105: =$B$3+'Assumptions'!$B$11*$B$8-B101 | C105: =$C$3+'Assumptions'!$B$11*$B$8-C101 | D105: =$D$3+'Assumptions'!$B$11*$B$8-D101 | E105: =$E$3+'Assumptions'!$B$11*$B$8-E101 | F105: =$F$3+'Assumptions'!$B$11*$B$8-F101
A106: Per-share (residual / pool) | B106: =B105/B104 | C106: =C105/C104 | D106: =D105/D104 | E106: =E105/E104 | F106: =F105/F104
A107: Seed convert payoff | B107: =$B$17*B106 | C107: =$B$17*C106 | D107: =$B$17*D106 | E107: =$B$17*E106 | F107: =$B$17*F106
A108: Seed preference payoff | B108: =$B$26 | C108: =$B$26 | D108: =$B$26 | E108: =$B$26 | F108: =$B$26
A109: Seed ELECTION (IF formula) | B109: =IF(B107>B108,"convert","preference") | C109: =IF(C107>C108,"convert","preference") | D109: =IF(D107>D108,"convert","preference") | E109: =IF(E107>E108,"convert","preference") | F109: =IF(F107>F108,"convert","preference")
A110: Seed realized payoff | B110: =IF(B109="convert",B107,B108) | C110: =IF(C109="convert",C107,C108) | D110: =IF(D109="convert",D107,D108) | E110: =IF(E109="convert",E107,E108) | F110: =IF(F109="convert",F107,F108)
A113: WATERFALL RECONCILIATION
...

Sheet Sensitivity
A1: Sensitivity Grid — 3×3 (ESOP × Pre-money) at $2B Exit
A3: OWNERSHIP % (our $10M check's post-F FD share)
B4: Pre $1.2B | C4: Pre $1.4B | D4: Pre $1.8B
A5: ESOP 11% | B5: =(('Assumptions'!$B$9/'Sensitivity'!$B$52)/'Sensitivity'!$V$52) | C5: =(('Assumptions'!$B$9/'Sensitivity'!$B$72)/'Sensitivity'!$V$72) | D5: =(('Assumptions'!$B$9/'Sensitivity'!$B$92)/'Sensitivity'!$V$92)
A6: ESOP 13% | B6: =(('Assumptions'!$B$9/'Sensitivity'!$B$112)/'Sensitivity'!$V$112) | C6: =(('Assumptions'!$B$9/'Sensitivity'!$B$132)/'Sensitivity'!$V$132) | D6: =(('Assumptions'!$B$9/'Sensitivity'!$B$152)/'Sensitivity'!$V$152)
A7: ESOP 15% | B7: =(('Assumptions'!$B$9/'Sensitivity'!$B$172)/'Sensitivity'!$V$172) | C7: =(('Assumptions'!$B$9/'Sensitivity'!$B$192)/'Sensitivity'!$V$192) | D7: =(('Assumptions'!$B$9/'Sensitivity'!$B$212)/'Sensitivity'!$V$212)
A9: PROCEEDS at $2B exit (our $10M check)
B10: Pre $1.2B | C10: Pre $1.4B | D10: Pre $1.8B
A11: ESOP 11% | B11: =(('Assumptions'!$B$9/'Sensitivity'!$B$52)*(('Assumptions'!$B$16+'Assumptions'!$B$11*'Assumptions'!$B$41-'Assumptions'!$B$51)/(('Assumptions'!$B$30+'Assumptions'!$B$31+'Assumptions'!$B$32+'Assumptions'!$B$33)+'Assumptions'!$B$34+'Assumptions'!$B$35+'Assumptions'!$B$36+'Assumptions'!$B$37+'Sensitivity'!$E$52+'Sensitivity'!$O$52+'Sensitivity'!$T$52+'Assumptions'!$B$41+'Assumptions'!$B$5/'Sensitivity'!$B$52))) | C11: =(('Assumptions'!$B$9/'Sensitivity'!$B$72)*(('Assumptions'!$B$16+'Assumptions'!$B$11*'Assumptions'!$B$41-'Assumptions'!$B$51)/(('Assumptions'!$B$30+'Assumptions'!$B$31+'Assumptions'!$B$32+'Assumptions'!$B$33)+'Assumptions'!$B$34+'Assumptions'!$B$35+'Assumptions'!$B$36+'Assumptions'!$B$37+'Sensitivity'!$E$72+'Sensitivity'!$O$72+'Sensitivity'!$T$72+'Assumptions'!$B$41+'Assumptions'!$B$5/'Sensitivity'!$B$72))) | D11: =(('Assumptions'!$B$9/'Sensitivity'!$B$92)*(('Assumptions'!$B$16+'Assumptions'!$B$11*'Assumptions'!$B$41-'Assumptions'!$B$51)/(('Assumptions'!$B$30+'Assumptions'!$B$31+'Assumptions'!$B$32+'Assumptions'!$B$33)+'Assumptions'!$B$34+'Assumptions'!$B$35+'Assumptions'!$B$36+'Assumptions'!$B$37+'Sensitivity'!$E$92+'Sensitivity'!$O$92+'Sensitivity'!$T$92+'Assumptions'!$B$41+'Assumptions'!$B$5/'Sensitivity'!$B$92)))
A12: ESOP 13% | B12: =(('Assumptions'!$B$9/'Sensitivity'!$B$112)*(('Assumptions'!$B$16+'Assumptions'!$B$11*'Assumptions'!$B$41-'Assumptions'!$B$51)/(('Assumptions'!$B$30+'Assumptions'!$B$31+'Assumptions'!$B$32+'Assumptions'!$B$33)+'Assumptions'!$B$34+'Assumptions'!$B$35+'Assumptions'!$B$36+'Assumptions'!$B$37+'Sensitivity'!$E$112+'Sensitivity'!$O$112+'Sensitivity'!$T$112+'Assumptions'!$B$41+'Assumptions'!$B$5/'Sensitivity'!$B$112))) | C12: =(('Assumptions'!$B$9/'Sensitivity'!$B$132)*(('Assumptions'!$B$16+'Assumptions'!$B$11*'Assumptions'!$B$41-'Assumptions'!$B$51)/(('Assumptions'!$B$30+'Assumptions'!$B$31+'Assumptions'!$B$32+'Assumptions'!$B$33)+'Assumptions'!$B$34+'Assumptions'!$B$35+'Assumptions'!$B$36+'Assumptions'!$B$37+'Sensitivity'!$E$132+'Sensitivity'!$O$132+'Sensitivity'!$T$132+'Assumptions'!$B$41+'Assumptions'!$B$5/'Sensitivity'!$B$132))) | D12: =(('Assumptions'!$B$9/'Sensitivity'!$B$152)*(('Assumptions'!$B$16+'Assumptions'!$B$11*'Assumptions'!$B$41-'Assumptions'!$B$51)/(('Assumptions'!$B$30+'Assumptions'!$B$31+'Assumptions'!$B$32+'Assumptions'!$B$33)+'Assumptions'!$B$34+'Assumptions'!$B$35+'Assumptions'!$B$36+'Assumptions'!$B$37+'Sensitivity'!$E$152+'Sensitivity'!$O$152+'Sensitivity'!$T$152+'Assumptions'!$B$41+'Assumptions'!$B$5/'Sensitivity'!$B$152)))
A13: ESOP 15% | B13: =(('Assumptions'!$B$9/'Sensitivity'!$B$172)*(('Assumptions'!$B$16+'Assumptions'!$B$11*'Assumptions'!$B$41-'Assumptions'!$B$51)/(('Assumptions'!$B$30+'Assumptions'!$B$31+'Assumptions'!$B$32+'Assumptions'!$B$33)+'Assumptions'!$B$34+'Assumptions'!$B$35+'Assumptions'!$B$36+'Assumptions'!$B$37+'Sensitivity'!$E$172+'Sensitivity'!$O$172+'Sensitivity'!$T$172+'Assumptions'!$B$41+'Assumptions'!$B$5/'Sensitivity'!$B$172))) | C13: =(('Assumptions'!$B$9/'Sensitivity'!$B$192)*(('Assumptions'!$B$16+'Assumptions'!$B$11*'Assumptions'!$B$41-'Assumptions'!$B$51)/(('Assumptions'!$B$30+'Assumptions'!$B$31+'Assumptions'!$B$32+'Assumptions'!$B$33)+'Assumptions'!$B$34+'Assumptions'!$B$35+'Assumptions'!$B$36+'Assumptions'!$B$37+'Sensitivity'!$E$192+'Sensitivity'!$O$192+'Sensitivity'!$T$192+'Assumptions'!$B$41+'Assumptions'!$B$5/'Sensitivity'!$B$192))) | D13: =(('Assumptions'!$B$9/'Sensitivity'!$B$212)*(('Assumptions'!$B$16+'Assumptions'!$B$11*'Assumptions'!$B$41-'Assumptions'!$B$51)/(('Assumptions'!$B$30+'Assumptions'!$B$31+'Assumptions'!$B$32+'Assumptions'!$B$33)+'Assumptions'!$B$34+'Assumptions'!$B$35+'Assumptions'!$B$36+'Assumptions'!$B$37+'Sensitivity'!$E$212+'Sensitivity'!$O$212+'Sensitivity'!$T$212+'Assumptions'!$B$41+'Assumptions'!$B$5/'Sensitivity'!$B$212)))
A15: MULTIPLE on $10M (proceeds / 10M)
B16: Pre $1.2B | C16: Pre $1.4B | D16: Pre $1.8B
A17: ESOP 11% | B17: =(('Assumptions'!$B$9/'Sensitivity'!$B$52)*(('Assumptions'!$B$16+'Assumptions'!$B$11*'Assumptions'!$B$41-'Assumptions'!$B$51)/(('Assumptions'!$B$30+'Assumptions'!$B$31+'Assumptions'!$B$32+'Assumptions'!$B$33)+'Assumptions'!$B$34+'Assumptions'!$B$35+'Assumptions'!$B$36+'Assumptions'!$B$37+'Sensitivity'!$E$52+'Sensitivity'!$O$52+'Sensitivity'!$T$52+'Assumptions'!$B$41+'Assumptions'!$B$5/'Sensitivity'!$B$52)))/'Assumptions'!$B$9 | C17: =(('Assumptions'!$B$9/'Sensitivity'!$B$72)*(('Assumptions'!$B$16+'Assumptions'!$B$11*'Assumptions'!$B$41-'Assumptions'!$B$51)/(('Assumptions'!$B$30+'Assumptions'!$B$31+'Assumptions'!$B$32+'Assumptions'!$B$33)+'Assumptions'!$B$34+'Assumptions'!$B$35+'Assumptions'!$B$36+'Assumptions'!$B$37+'Sensitivity'!$E$72+'Sensitivity'!$O$72+'Sensitivity'!$T$72+'Assumptions'!$B$41+'Assumptions'!$B$5/'Sensitivity'!$B$72)))/'Assumptions'!$B$9 | D17: =(('Assumptions'!$B$9/'Sensitivity'!$B$92)*(('Assumptions'!$B$16+'Assumptions'!$B$11*'Assumptions'!$B$41-'Assumptions'!$B$51)/(('Assumptions'!$B$30+'Assumptions'!$B$31+'Assumptions'!$B$32+'Assumptions'!$B$33)+'Assumptions'!$B$34+'Assumptions'!$B$35+'Assumptions'!$B$36+'Assumptions'!$B$37+'Sensitivity'!$E$92+'Sensitivity'!$O$92+'Sensitivity'!$T$92+'Assumptions'!$B$41+'Assumptions'!$B$5/'Sensitivity'!$B$92)))/'Assumptions'!$B$9
A18: ESOP 13% | B18: =(('Assumptions'!$B$9/'Sensitivity'!$B$112)*(('Assumptions'!$B$16+'Assumptions'!$B$11*'Assumptions'!$B$41-'Assumptions'!$B$51)/(('Assumptions'!$B$30+'Assumptions'!$B$31+'Assumptions'!$B$32+'Assumptions'!$B$33)+'Assumptions'!$B$34+'Assumptions'!$B$35+'Assumptions'!$B$36+'Assumptions'!$B$37+'Sensitivity'!$E$112+'Sensitivity'!$O$112+'Sensitivity'!$T$112+'Assumptions'!$B$41+'Assumptions'!$B$5/'Sensitivity'!$B$112)))/'Assumptions'!$B$9 | C18: =(('Assumptions'!$B$9/'Sensitivity'!$B$132)*(('Assumptions'!$B$16+'Assumptions'!$B$11*'Assumptions'!$B$41-'Assumptions'!$B$51)/(('Assumptions'!$B$30+'Assumptions'!$B$31+'Assumptions'!$B$32+'Assumptions'!$B$33)+'Assumptions'!$B$34+'Assumptions'!$B$35+'Assumptions'!$B$36+'Assumptions'!$B$37+'Sensitivity'!$E$132+'Sensitivity'!$O$132+'Sensitivity'!$T$132+'Assumptions'!$B$41+'Assumptions'!$B$5/'Sensitivity'!$B$132)))/'Assumptions'!$B$9 | D18: =(('Assumptions'!$B$9/'Sensitivity'!$B$152)*(('Assumptions'!$B$16+'Assumptions'!$B$11*'Assumptions'!$B$41-'Assumptions'!$B$51)/(('Assumptions'!$B$30+'Assumptions'!$B$31+'Assumptions'!$B$32+'Assumptions'!$B$33)+'Assumptions'!$B$34+'Assumptions'!$B$35+'Assumptions'!$B$36+'Assumptions'!$B$37+'Sensitivity'!$E$152+'Sensitivity'!$O$152+'Sensitivity'!$T$152+'Assumptions'!$B$41+'Assumptions'!$B$5/'Sensitivity'!$B$152)))/'Assumptions'!$B$9
A19: ESOP 15% | B19: =(('Assumptions'!$B$9/'Sensitivity'!$B$172)*(('Assumptions'!$B$16+'Assumptions'!$B$11*'Assumptions'!$B$41-'Assumptions'!$B$51)/(('Assumptions'!$B$30+'Assumptions'!$B$31+'Assumptions'!$B$32+'Assumptions'!$B$33)+'Assumptions'!$B$34+'Assumptions'!$B$35+'Assumptions'!$B$36+'Assumptions'!$B$37+'Sensitivity'!$E$172+'Sensitivity'!$O$172+'Sensitivity'!$T$172+'Assumptions'!$B$41+'Assumptions'!$B$5/'Sensitivity'!$B$172)))/'Assumptions'!$B$9 | C19: =(('Assumptions'!$B$9/'Sensitivity'!$B$192)*(('Assumptions'!$B$16+'Assumptions'!$B$11*'Assumptions'!$B$41-'Assumptions'!$B$51)/(('Assumptions'!$B$30+'Assumptions'!$B$31+'Assumptions'!$B$32+'Assumptions'!$B$33)+'Assumptions'!$B$34+'Assumptions'!$B$35+'Assumptions'!$B$36+'Assumptions'!$B$37+'Sensitivity'!$E$192+'Sensitivity'!$O$192+'Sensitivity'!$T$192+'Assumptions'!$B$41+'Assumptions'!$B$5/'Sensitivity'!$B$192)))/'Assumptions'!$B$9 | D19: =(('Assumptions'!$B$9/'Sensitivity'!$B$212)*(('Assumptions'!$B$16+'Assumptions'!$B$11*'Assumptions'!$B$41-'Assumptions'!$B$51)/(('Assumptions'!$B$30+'Assumptions'!$B$31+'Assumptions'!$B$32+'Assumptions'!$B$33)+'Assumptions'!$B$34+'Assumptions'!$B$35+'Assumptions'!$B$36+'Assumptions'!$B$37+'Sensitivity'!$E$212+'Sensitivity'!$O$212+'Sensitivity'!$T$212+'Assumptions'!$B$41+'Assumptions'!$B$5/'Sensitivity'!$B$212)))/'Assumptions'!$B$9
A21: NOTE A BRANCH per cell
B22: Pre $1.2B | C22: Pre $1.4B | D22: Pre $1.8B
A23: ESOP 11% | B23: ='Sensitivity'!$W$52 | C23: ='Sensitivity'!$W$72 | D23: ='Sensitivity'!$W$92
A24: ESOP 13% | B24: ='Sensitivity'!$W$112 | C24: ='Sensitivity'!$W$132 | D24: ='Sensitivity'!$W$152
A25: ESOP 15% | B25: ='Sensitivity'!$W$172 | C25: ='Sensitivity'!$W$192 | D25: ='Sensitivity'!$W$212
A27: NOTE B BRANCH per cell
B28: Pre $1.2B | C28: Pre $1.4B | D28: Pre $1.8B
A29: ESOP 11% | B29: ='Sensitivity'!$X$52 | C29: ='Sensitivity'!$X$72 | D29: ='Sensitivity'!$X$92
A30: ESOP 13% | B30: ='Sensitivity'!$X$112 | C30: ='Sensitivity'!$X$132 | D30: ='Sensitivity'!$X$152
A31: ESOP 15% | B31: ='Sensitivity'!$X$172 | C31: ='Sensitivity'!$X$192 | D31: ='Sensitivity'!$X$212
A35: Cell (11%, $1.2B)
A36: Iter | B36: F_PPS | C36: F_prim_shares | D36: NCP_E | E36: new_E_shares | F36: AD_inc_E | G36: NCP_D | H36: new_D_shares | I36: AD_inc_D | J36: ESOP_topup | K36: cap_FD_A | L36: cap_pps_A | M36: disc_pps_A | N36: conv_pps_A | O36: N_A | P36: cap_FD_B | Q36: cap_pps_B | R36: disc_pps_B | S36: conv_pps_B | T36: N_B | U36: pre_money_FD | V36: T_F
A37: 0 | B37: ='Assumptions'!$B$67/'Assumptions'!$B$44 | C37: ='Assumptions'!$B$5/$B$37 | D37: ='Assumptions'!$B$27*('Assumptions'!$B$44+'Assumptions'!$B$5/'Assumptions'!$B$27)/('Assumptions'!$B$44+'Assumptions'!$B$5/$B$37) | E37: ='Assumptions'!$B$40*'Assumptions'!$B$27/$D$37 | F37: =$E$37-'Assumptions'!$B$40 | G37: ='Assumptions'!$B$25*('Assumptions'!$B$44+'Assumptions'!$B$5/'Assumptions'!$B$25)/('Assumptions'!$B$44+'Assumptions'!$B$5/$B$37) | H37: ='Assumptions'!$B$38*'Assumptions'!$B$26/$G$37 | I37: =$H$37-'Assumptions'!$B$39 | J37: =MAX(0,'Assumptions'!$B$64*('Assumptions'!$B$44+$F$37+$I$37+$C$37)/(1-'Assumptions'!$B$64)-'Assumptions'!$B$43) | K37: ='Assumptions'!$B$44+$J$37+$F$37+$I$37+0 | L37: ='Assumptions'!$B$57/$K$37 | M37: =$B$37*(1-'Assumptions'!$B$58) | N37: =MIN($L$37,$M$37) | O37: ='Assumptions'!$B$56/$N$37 | P37: ='Assumptions'!$B$44+$J$37+$F$37+$I$37+$O$37 | Q37: ='Assumptions'!$B$60/$P$37 | R37: =$B$37*(1-'Assumptions'!$B$61) | S37: =MIN($Q$37,$R$37) | T37: ='Assumptions'!$B$59/$S$37 | U37: ='Assumptions'!$B$44+$J$37+$F$37+$I$37+$O$37+$T$37 | V37: =$U$37+$C$37
A38: 1 | B38: ='Assumptions'!$B$67/$U$37 | C38: ='Assumptions'!$B$5/$B$38 | D38: ='Assumptions'!$B$27*('Assumptions'!$B$44+'Assumptions'!$B$5/'Assumptions'!$B$27)/('Assumptions'!$B$44+'Assumptions'!$B$5/$B$38) | E38: ='Assumptions'!$B$40*'Assumptions'!$B$27/$D$38 | F38: =$E$38-'Assumptions'!$B$40 | G38: ='Assumptions'!$B$25*('Assumptions'!$B$44+'Assumptions'!$B$5/'Assumptions'!$B$25)/('Assumptions'!$B$44+'Assumptions'!$B$5/$B$38) | H38: ='Assumptions'!$B$38*'Assumptions'!$B$26/$G$38 | I38: =$H$38-'Assumptions'!$B$39 | J38: =MAX(0,'Assumptions'!$B$64*$V$37-'Assumptions'!$B$43) | K38: ='Assumptions'!$B$44+$J$38+$F$38+$I$38+$T$37 | L38: ='Assumptions'!$B$57/$K$38 | M38: =$B$38*(1-'Assumptions'!$B$58) | N38: =MIN($L$38,$M$38) | O38: ='Assumptions'!$B$56/$N$38 | P38: ='Assumptions'!$B$44+$J$38+$F$38+$I$38+$O$38 | Q38: ='Assumptions'!$B$60/$P$38 | R38: =$B$38*(1-'Assumptions'!$B$61) | S38: =MIN($Q$38,$R$38) | T38: ='Assumptions'!$B$59/$S$38 | U38: ='Assumptions'!$B$44+$J$38+$F$38+$I$38+$O$38+$T$38 | V38: =$U$38+$C$38
A39: 2 | B39: ='Assumptions'!$B$67/$U$38 | C39: ='Assumptions'!$B$5/$B$39 | D39: ='Assumptions'!$B$27*('Assumptions'!$B$44+'Assumptions'!$B$5/'Assumptions'!$B$27)/('Assumptions'!$B$44+'Assumptions'!$B$5/$B$39) | E39: ='Assumptions'!$B$40*'Assumptions'!$B$27/$D$39 | F39: =$E$39-'Assumptions'!$B$40 | G39: ='Assumptions'!$B$25*('Assumptions'!$B$44+'Assumptions'!$B$5/'Assumptions'!$B$25)/('Assumptions'!$B$44+'Assumptions'!$B$5/$B$39) | H39: ='Assumptions'!$B$38*'Assumptions'!$B$26/$G$39 | I39: =$H$39-'Assumptions'!$B$39 | J39: =MAX(0,'Assumptions'!$B$64*$V$38-'Assumptions'!$B$43) | K39: ='Assumptions'!$B$44+$J$39+$F$39+$I$39+$T$38 | L39: ='Assumptions'!$B$57/$K$39 | M39: =$B$39*(1-'Assumptions'!$B$58) | N39: =MIN($L$39,$M$39) | O39: ='Assumptions'!$B$56/$N$39 | P39: ='Assumptions'!$B$44+$J$39+$F$39+$I$39+$O$39 | Q39: ='Assumptions'!$B$60/$P$39 | R39: =$B$39*(1-'Assumptions'!$B$61) | S39: =MIN($Q$39,$R$39) | T39: ='Assumptions'!$B$59/$S$39 | U39: ='Assumptions'!$B$44+$J$39+$F$39+$I$39+$O$39+$T$39 | V39: =$U$39+$C$39
A40: 3 | B40: ='Assumptions'!$B$67/$U$39 | C40: ='Assumptions'!$B$5/$B$40 | D40: ='Assumptions'!$B$27*('Assumptions'!$B$44+'Assumptions'!$B$5/'Assumptions'!$B$27)/('Assumptions'!$B$44+'Assumptions'!$B$5/$B$40) | E40: ='Assumptions'!$B$40*'Assumptions'!$B$27/$D$40 | F40: =$E$40-'Assumptions'!$B$40 | G40: ='Assumptions'!$B$25*('Assumptions'!$B$44+'Assumptions'!$B$5/'Assumptions'!$B$25)/('Assumptions'!$B$44+'Assumptions'!$B$5/$B$40) | H40: ='Assumptions'!$B$38*'Assumptions'!$B$26/$G$40 | I40: =$H$40-'Assumptions'!$B$39 | J40: =MAX(0,'Assumptions'!$B$64*$V$39-'Assumptions'!$B$43) | K40: ='Assumptions'!$B$44+$J$40+$F$40+$I$40+$T$39 | L40: ='Assumptions'!$B$57/$K$40 | M40: =$B$40*(1-'Assumptions'!$B$58) | N40: =MIN($L$40,$M$40) | O40: ='Assumptions'!$B$56/$N$40 | P40: ='Assumptions'!$B$44+$J$40+$F$40+$I$40+$O$40 | Q40: ='Assumptions'!$B$60/$P$40 | R40: =$B$40*(1-'Assumptions'!$B$61) | S40: =MIN($Q$40,$R$40) | T40: ='Assumptions'!$B$59/$S$40 | U40: ='Assumptions'!$B$44+$J$40+$F$40+$I$40+$O$40+$T$40 | V40: =$U$40+$C$40
A41: 4 | B41: ='Assumptions'!$B$67/$U$40 | C41: ='Assumptions'!$B$5/$B$41 | D41: ='Assumptions'!$B$27*('Assumptions'!$B$44+'Assumptions'!$B$5/'Assumptions'!$B$27)/('Assumptions'!$B$44+'Assumptions'!$B$5/$B$41) | E41: ='Assumptions'!$B$40*'Assumptions'!$B$27/$D$41 | F41: =$E$41-'Assumptions'!$B$40 | G41: ='Assumptions'!$B$25*('Assumptions'!$B$44+'Assumptions'!$B$5/'Assumptions'!$B$25)/('Assumptions'!$B$44+'Assumptions'!$B$5/$B$41) | H41: ='Assumptions'!$B$38*'Assumptions'!$B$26/$G$41 | I41: =$H$41-'Assumptions'!$B$39 | J41: =MAX(0,'Assumptions'!$B$64*$V$40-'Assumptions'!$B$43) | K41: ='Assumptions'!$B$44+$J$41+$F$41+$I$41+$T$40 | L41: ='Assumptions'!$B$57/$K$41 | M41: =$B$41*(1-'Assumptions'!$B$58) | N41: =MIN($L$41,$M$41) | O41: ='Assumptions'!$B$56/$N$41 | P41: ='Assumptions'!$B$44+$J$41+$F$41+$I$41+$O$41 | Q41: ='Assumptions'!$B$60/$P$41 | R41: =$B$41*(1-'Assumptions'!$B$61) | S41: =MIN($Q$41,$R$41) | T41: ='Assumptions'!$B$59/$S$41 | U41: ='Assumptions'!$B$44+$J$41+$F$41+$I$41+$O$41+$T$41 | V41: =$U$41+$C$41
A42: 5 | B42: ='Assumptions'!$B$67/$U$41 | C42: ='Assumptions'!$B$5/$B$42 | D42: ='Assumptions'!$B$27*('Assumptions'!$B$44+'Assumptions'!$B$5/'Assumptions'!$B$27)/('Assumptions'!$B$44+'Assumptions'!$B$5/$B$42) | E42: ='Assumptions'!$B$40*'Assumptions'!$B$27/$D$42 | F42: =$E$42-'Assumptions'!$B$40 | G42: ='Assumptions'!$B$25*('Assumptions'!$B$44+'Assumptions'!$B$5/'Assumptions'!$B$25)/('Assumptions'!$B$44+'Assumptions'!$B$5/$B$42) | H42: ='Assumptions'!$B$38*'Assumptions'!$B$26/$G$42 | I42: =$H$42-'Assumptions'!$B$39 | J42: =MAX(0,'Assumptions'!$B$64*$V$41-'Assumptions'!$B$43) | K42: ='Assumptions'!$B$44+$J$42+$F$42+$I$42+$T$41 | L42: ='Assumptions'!$B$57/$K$42 | M42: =$B$42*(1-'Assumptions'!$B$58) | N42: =MIN($L$42,$M$42) | O42: ='Assumptions'!$B$56/$N$42 | P42: ='Assumptions'!$B$44+$J$42+$F$42+$I$42+$O$42 | Q42: ='Assumptions'!$B$60/$P$42 | R42: =$B$42*(1-'Assumptions'!$B$61) | S42: =MIN($Q$42,$R$42) | T42: ='Assumptions'!$B$59/$S$42 | U42: ='Assumptions'!$B$44+$J$42+$F$42+$I$42+$O$42+$T$42 | V42: =$U$42+$C$42
A43: 6 | B43: ='Assumptions'!$B$67/$U$42 | C43: ='Assumptions'!$B$5/$B$43 | D43: ='Assumptions'!$B$27*('Assumptions'!$B$44+'Assumptions'!$B$5/'Assumptions'!$B$27)/('Assumptions'!$B$44+'Assumptions'!$B$5/$B$43) | E43: ='Assumptions'!$B$40*'Assumptions'!$B$27/$D$43 | F43: =$E$43-'Assumptions'!$B$40 | G43: ='Assumptions'!$B$25*('Assumptions'!$B$44+'Assumptions'!$B$5/'Assumptions'!$B$25)/('Assumptions'!$B$44+'Assumptions'!$B$5/$B$43) | H43: ='Assumptions'!$B$38*'Assumptions'!$B$26/$G$43 | I43: =$H$43-'Assumptions'!$B$39 | J43: =MAX(0,'Assumptions'!$B$64*$V$42-'Assumptions'!$B$43) | K43: ='Assumptions'!$B$44+$J$43+$F$43+$I$43+$T$42 | L43: ='Assumptions'!$B$57/$K$43 | M43: =$B$43*(1-'Assumptions'!$B$58) | N43: =MIN($L$43,$M$43) | O43: ='Assumptions'!$B$56/$N$43 | P43: ='Assumptions'!$B$44+$J$43+$F$43+$I$43+$O$43 | Q43: ='Assumptions'!$B$60/$P$43 | R43: =$B$43*(1-'Assumptions'!$B$61) | S43: =MIN($Q$43,$R$43) | T43: ='Assumptions'!$B$59/$S$43 | U43: ='Assumptions'!$B$44+$J$43+$F$43+$I$43+$O$43+$T$43 | V43: =$U$43+$C$43
A44: 7 | B44: ='Assumptions'!$B$67/$U$43 | C44: ='Assumptions'!$B$5/$B$44 | D44: ='Assumptions'!$B$27*('Assumptions'!$B$44+'Assumptions'!$B$5/'Assumptions'!$B$27)/('Assumptions'!$B$44+'Assumptions'!$B$5/$B$44) | E44: ='Assumptions'!$B$40*'Assumptions'!$B$27/$D$44 | F44: =$E$44-'Assumptions'!$B$40 | G44: ='Assumptions'!$B$25*('Assumptions'!$B$44+'Assumptions'!$B$5/'Assumptions'!$B$25)/('Assumptions'!$B$44+'Assumptions'!$B$5/$B$44) | H44: ='Assumptions'!$B$38*'Assumptions'!$B$26/$G$44 | I44: =$H$44-'Assumptions'!$B$39 | J44: =MAX(0,'Assumptions'!$B$64*$V$43-'Assumptions'!$B$43) | K44: ='Assumptions'!$B$44+$J$44+$F$44+$I$44+$T$43 | L44: ='Assumptions'!$B$57/$K$44 | M44: =$B$44*(1-'Assumptions'!$B$58) | N44: =MIN($L$44,$M$44) | O44: ='Assumptions'!$B$56/$N$44 | P44: ='Assumptions'!$B$44+$J$44+$F$44+$I$44+$O$44 | Q44: ='Assumptions'!$B$60/$P$44 | R44: =$B$44*(1-'Assumptions'!$B$61) | S44: =MIN($Q$44,$R$44) | T44: ='Assumptions'!$B$59/$S$44 | U44: ='Assumptions'!$B$44+$J$44+$F$44+$I$44+$O$44+$T$44 | V44: =$U$44+$C$44
A45: 8 | B45: ='Assumptions'!$B$67/$U$44 | C45: ='Assumptions'!$B$5/$B$45 | D45: ='Assumptions'!$B$27*('Assumptions'!$B$44+'Assumptions'!$B$5/'Assumptions'!$B$27)/('Assumptions'!$B$44+'Assumptions'!$B$5/$B$45) | E45: ='Assumptions'!$B$40*'Assumptions'!$B$27/$D$45 | F45: =$E$45-'Assumptions'!$B$40 | G45: ='Assumptions'!$B$25*('Assumptions'!$B$44+'Assumptions'!$B$5/'Assumptions'!$B$25)/('Assumptions'!$B$44+'Assumptions'!$B$5/$B$45) | H45: ='Assumptions'!$B$38*'Assumptions'!$B$26/$G$45 | I45: =$H$45-'Assumptions'!$B$39 | J45: =MAX(0,'Assumptions'!$B$64*$V$44-'Assumptions'!$B$43) | K45: ='Assumptions'!$B$44+$J$45+$F$45+$I$45+$T$44 | L45: ='Assumptions'!$B$57/$K$45 | M45: =$B$45*(1-'Assumptions'!$B$58) | N45: =MIN($L$45,$M$45) | O45: ='Assumptions'!$B$56/$N$45 | P45: ='Assumptions'!$B$44+$J$45+$F$45+$I$45+$O$45 | Q45: ='Assumptions'!$B$60/$P$45 | R45: =$B$45*(1-'Assumptions'!$B$61) | S45: =MIN($Q$45,$R$45) | T45: ='Assumptions'!$B$59/$S$45 | U45: ='Assumptions'!$B$44+$J$45+$F$45+$I$45+$O$45+$T$45 | V45: =$U$45+$C$45
A46: 9 | B46: ='Assumptions'!$B$67/$U$45 | C46: ='Assumptions'!$B$5/$B$46 | D46: ='Assumptions'!$B$27*('Assumptions'!$B$44+'Assumptions'!$B$5/'Assumptions'!$B$27)/('Assumptions'!$B$44+'Assumptions'!$B$5/$B$46) | E46: ='Assumptions'!$B$40*'Assumptions'!$B$27/$D$46 | F46: =$E$46-'Assumptions'!$B$40 | G46: ='Assumptions'!$B$25*('Assumptions'!$B$44+'Assumptions'!$B$5/'Assumptions'!$B$25)/('Assumptions'!$B$44+'Assumptions'!$B$5/$B$46) | H46: ='Assumptions'!$B$38*'Assumptions'!$B$26/$G$46 | I46: =$H$46-'Assumptions'!$B$39 | J46: =MAX(0,'Assumptions'!$B$64*$V$45-'Assumptions'!$B$43) | K46: ='Assumptions'!$B$44+$J$46+$F$46+$I$46+$T$45 | L46: ='Assumptions'!$B$57/$K$46 | M46: =$B$46*(1-'Assumptions'!$B$58) | N46: =MIN($L$46,$M$46) | O46: ='Assumptions'!$B$56/$N$46 | P46: ='Assumptions'!$B$44+$J$46+$F$46+$I$46+$O$46 | Q46: ='Assumptions'!$B$60/$P$46 | R46: =$B$46*(1-'Assumptions'!$B$61) | S46: =MIN($Q$46,$R$46) | T46: ='Assumptions'!$B$59/$S$46 | U46: ='Assumptions'!$B$44+$J$46+$F$46+$I$46+$O$46+$T$46 | V46: =$U$46+$C$46
A47: 10 | B47: ='Assumptions'!$B$67/$U$46 | C47: ='Assumptions'!$B$5/$B$47 | D47: ='Assumptions'!$B$27*('Assumptions'!$B$44+'Assumptions'!$B$5/'Assumptions'!$B$27)/('Assumptions'!$B$44+'Assumptions'!$B$5/$B$47) | E47: ='Assumptions'!$B$40*'Assumptions'!$B$27/$D$47 | F47: =$E$47-'Assumptions'!$B$40 | G47: ='Assumptions'!$B$25*('Assumptions'!$B$44+'Assumptions'!$B$5/'Assumptions'!$B$25)/('Assumptions'!$B$44+'Assumptions'!$B$5/$B$47) | H47: ='Assumptions'!$B$38*'Assumptions'!$B$26/$G$47 | I47: =$H$47-'Assumptions'!$B$39 | J47: =MAX(0,'Assumptions'!$B$64*$V$46-'Assumptions'!$B$43) | K47: ='Assumptions'!$B$44+$J$47+$F$47+$I$47+$T$46 | L47: ='Assumptions'!$B$57/$K$47 | M47: =$B$47*(1-'Assumptions'!$B$58) | N47: =MIN($L$47,$M$47) | O47: ='Assumptions'!$B$56/$N$47 | P47: ='Assumptions'!$B$44+$J$47+$F$47+$I$47+$O$47 | Q47: ='Assumptions'!$B$60/$P$47 | R47: =$B$47*(1-'Assumptions'!$B$61) | S47: =MIN($Q$47,$R$47) | T47: ='Assumptions'!$B$59/$S$47 | U47: ='Assumptions'!$B$44+$J$47+$F$47+$I$47+$O$47+$T$47 | V47: =$U$47+$C$47
A48: 11 | B48: ='Assumptions'!$B$67/$U$47 | C48: ='Assumptions'!$B$5/$B$48 | D48: ='Assumptions'!$B$27*('Assumptions'!$B$44+'Assumptions'!$B$5/'Assumptions'!$B$27)/('Assumptions'!$B$44+'Assumptions'!$B$5/$B$48) | E48: ='Assumptions'!$B$40*'Assumptions'!$B$27/$D$48 | F48: =$E$48-'Assumptions'!$B$40 | G48: ='Assumptions'!$B$25*('Assumptions'!$B$44+'Assumptions'!$B$5/'Assumptions'!$B$25)/('Assumptions'!$B$44+'Assumptions'!$B$5/$B$48) | H48: ='Assumptions'!$B$38*'Assumptions'!$B$26/$G$48 | I48: =$H$48-'Assumptions'!$B$39 | J48: =MAX(0,'Assumptions'!$B$64*$V$47-'Assumptions'!$B$43) | K48: ='Assumptions'!$B$44+$J$48+$F$48+$I$48+$T$47 | L48: ='Assumptions'!$B$57/$K$48 | M48: =$B$48*(1-'Assumptions'!$B$58) | N48: =MIN($L$48,$M$48) | O48: ='Assumptions'!$B$56/$N$48 | P48: ='Assumptions'!$B$44+$J$48+$F$48+$I$48+$O$48 | Q48: ='Assumptions'!$B$60/$P$48 | R48: =$B$48*(1-'Assumptions'!$B$61) | S48: =MIN($Q$48,$R$48) | T48: ='Assumptions'!$B$59/$S$48 | U48: ='Assumptions'!$B$44+$J$48+$F$48+$I$48+$O$48+$T$48 | V48: =$U$48+$C$48
A49: 12 | B49: ='Assumptions'!$B$67/$U$48 | C49: ='Assumptions'!$B$5/$B$49 | D49: ='Assumptions'!$B$27*('Assumptions'!$B$44+'Assumptions'!$B$5/'Assumptions'!$B$27)/('Assumptions'!$B$44+'Assumptions'!$B$5/$B$49) | E49: ='Assumptions'!$B$40*'Assumptions'!$B$27/$D$49 | F49: =$E$49-'Assumptions'!$B$40 | G49: ='Assumptions'!$B$25*('Assumptions'!$B$44+'Assumptions'!$B$5/'Assumptions'!$B$25)/('Assumptions'!$B$44+'Assumptions'!$B$5/$B$49) | H49: ='Assumptions'!$B$38*'Assumptions'!$B$26/$G$49 | I49: =$H$49-'Assumptions'!$B$39 | J49: =MAX(0,'Assumptions'!$B$64*$V$48-'Assumptions'!$B$43) | K49: ='Assumptions'!$B$44+$J$49+$F$49+$I$49+$T$48 | L49: ='Assumptions'!$B$57/$K$49 | M49: =$B$49*(1-'Assumptions'!$B$58) | N49: =MIN($L$49,$M$49) | O49: ='Assumptions'!$B$56/$N$49 | P49: ='Assumptions'!$B$44+$J$49+$F$49+$I$49+$O$49 | Q49: ='Assumptions'!$B$60/$P$49 | R49: =$B$49*(1-'Assumptions'!$B$61) | S49: =MIN($Q$49,$R$49) | T49: ='Assumptions'!$B$59/$S$49 | U49: ='Assumptions'!$B$44+$J$49+$F$49+$I$49+$O$49+$T$49 | V49: =$U$49+$C$49
A50: 13 | B50: ='Assumptions'!$B$67/$U$49 | C50: ='Assumptions'!$B$5/$B$50 | D50: ='Assumptions'!$B$27*('Assumptions'!$B$44+'Assumptions'!$B$5/'Assumptions'!$B$27)/('Assumptions'!$B$44+'Assumptions'!$B$5/$B$50) | E50: ='Assumptions'!$B$40*'Assumptions'!$B$27/$D$50 | F50: =$E$50-'Assumptions'!$B$40 | G50: ='Assumptions'!$B$25*('Assumptions'!$B$44+'Assumptions'!$B$5/'Assumptions'!$B$25)/('Assumptions'!$B$44+'Assumptions'!$B$5/$B$50) | H50: ='Assumptions'!$B$38*'Assumptions'!$B$26/$G$50 | I50: =$H$50-'Assumptions'!$B$39 | J50: =MAX(0,'Assumptions'!$B$64*$V$49-'Assumptions'!$B$43) | K50: ='Assumptions'!$B$44+$J$50+$F$50+$I$50+$T$49 | L50: ='Assumptions'!$B$57/$K$50 | M50: =$B$50*(1-'Assumptions'!$B$58) | N50: =MIN($L$50,$M$50) | O50: ='Assumptions'!$B$56/$N$50 | P50: ='Assumptions'!$B$44+$J$50+$F$50+$I$50+$O$50 | Q50: ='Assumptions'!$B$60/$P$50 | R50: =$B$50*(1-'Assumptions'!$B$61) | S50: =MIN($Q$50,$R$50) | T50: ='Assumptions'!$B$59/$S$50 | U50: ='Assumptions'!$B$44+$J$50+$F$50+$I$50+$O$50+$T$50 | V50: =$U$50+$C$50
A51: 14 | B51: ='Assumptions'!$B$67/$U$50 | C51: ='Assumptions'!$B$5/$B$51 | D51: ='Assumptions'!$B$27*('Assumptions'!$B$44+'Assumptions'!$B$5/'Assumptions'!$B$27)/('Assumptions'!$B$44+'Assumptions'!$B$5/$B$51) | E51: ='Assumptions'!$B$40*'Assumptions'!$B$27/$D$51 | F51: =$E$51-'Assumptions'!$B$40 | G51: ='Assumptions'!$B$25*('Assumptions'!$B$44+'Assumptions'!$B$5/'Assumptions'!$B$25)/('Assumptions'!$B$44+'Assumptions'!$B$5/$B$51) | H51: ='Assumptions'!$B$38*'Assumptions'!$B$26/$G$51 | I51: =$H$51-'Assumptions'!$B$39 | J51: =MAX(0,'Assumptions'!$B$64*$V$50-'Assumptions'!$B$43) | K51: ='Assumptions'!$B$44+$J$51+$F$51+$I$51+$T$50 | L51: ='Assumptions'!$B$57/$K$51 | M51: =$B$51*(1-'Assumptions'!$B$58) | N51: =MIN($L$51,$M$51) | O51: ='Assumptions'!$B$56/$N$51 | P51: ='Assumptions'!$B$44+$J$51+$F$51+$I$51+$O$51 | Q51: ='Assumptions'!$B$60/$P$51 | R51: =$B$51*(1-'Assumptions'!$B$61) | S51: =MIN($Q$51,$R$51) | T51: ='Assumptions'!$B$59/$S$51 | U51: ='Assumptions'!$B$44+$J$51+$F$51+$I$51+$O$51+$T$51 | V51: =$U$51+$C$51
A52: 15 | B52: ='Assumptions'!$B$67/$U$51 | C52: ='Assumptions'!$B$5/$B$52 | D52: ='Assumptions'!$B$27*('Assumptions'!$B$44+'Assumptions'!$B$5/'Assumptions'!$B$27)/('Assumptions'!$B$44+'Assumptions'!$B$5/$B$52) | E52: ='Assumptions'!$B$40*'Assumptions'!$B$27/$D$52 | F52: =$E$52-'Assumptions'!$B$40 | G52: ='Assumptions'!$B$25*('Assumptions'!$B$44+'Assumptions'!$B$5/'Assumptions'!$B$25)/('Assumptions'!$B$44+'Assumptions'!$B$5/$B$52) | H52: ='Assumptions'!$B$38*'Assumptions'!$B$26/$G$52 | I52: =$H$52-'Assumptions'!$B$39 | J52: =MAX(0,'Assumptions'!$B$64*$V$51-'Assumptions'!$B$43) | K52: ='Assumptions'!$B$44+$J$52+$F$52+$I$52+$T$51 | L52: ='Assumptions'!$B$57/$K$52 | M52: =$B$52*(1-'Assumptions'!$B$58) | N52: =MIN($L$52,$M$52) | O52: ='Assumptions'!$B$56/$N$52 | P52: ='Assumptions'!$B$44+$J$52+$F$52+$I$52+$O$52 | Q52: ='Assumptions'!$B$60/$P$52 | R52: =$B$52*(1-'Assumptions'!$B$61) | S52: =MIN($Q$52,$R$52) | T52: ='Assumptions'!$B$59/$S$52 | U52: ='Assumptions'!$B$44+$J$52+$F$52+$I$52+$O$52+$T$52 | V52: =$U$52+$C$52 | W52: =IF('Sensitivity'!$L$52<'Sensitivity'!$M$52,"cap","discount") | X52: =IF('Sensitivity'!$Q$52<'Sensitivity'!$R$52,"cap","discount")
A55: Cell (11%, $1.4B)
A56: Iter | B56: F_PPS | C56: F_prim_shares | D56: NCP_E | E56: new_E_shares | F56: AD_inc_E | G56: NCP_D | H56: new_D_shares | I56: AD_inc_D | J56: ESOP_topup | K56: cap_FD_A | L56: cap_pps_A | M56: disc_pps_A | N56: conv_pps_A | O56: N_A | P56: cap_FD_B | Q56: cap_pps_B | R56: disc_pps_B | S56: conv_pps_B | T56: N_B | U56: pre_money_FD | V56: T_F
A57: 0 | B57: ='Assumptions'!$B$68/'Assumptions'!$B$44 | C57: ='Assumptions'!$B$5/$B$57 | D57: ='Assumptions'!$B$27*('Assumptions'!$B$44+'Assumptions'!$B$5/'Assumptions'!$B$27)/('Assumptions'!$B$44+'Assumptions'!$B$5/$B$57) | E57: ='Assumptions'!$B$40*'Assumptions'!$B$27/$D$57 | F57: =$E$57-'Assumptions'!$B$40 | G57: ='Assumptions'!$B$25*('Assumptions'!$B$44+'Assumptions'!$B$5/'Assumptions'!$B$25)/('Assumptions'!$B$44+'Assumptions'!$B$5/$B$57) | H57: ='Assumptions'!$B$38*'Assumptions'!$B$26/$G$57 | I57: =$H$57-'Assumptions'!$B$39 | J57: =MAX(0,'Assumptions'!$B$64*('Assumptions'!$B$44+$F$57+$I$57+$C$57)/(1-'Assumptions'!$B$64)-'Assumptions'!$B$43) | K57: ='Assumptions'!$B$44+$J$57+$F$57+$I$57+0 | L57: ='Assumptions'!$B$57/$K$57 | M57: =$B$57*(1-'Assumptions'!$B$58) | N57: =MIN($L$57,$M$57) | O57: ='Assumptions'!$B$56/$N$57 | P57: ='Assumptions'!$B$44+$J$57+$F$57+$I$57+$O$57 | Q57: ='Assumptions'!$B$60/$P$57 | R57: =$B$57*(1-'Assumptions'!$B$61) | S57: =MIN($Q$57,$R$57) | T57: ='Assumptions'!$B$59/$S$57 | U57: ='Assumptions'!$B$44+$J$57+$F$57+$I$57+$O$57+$T$57 | V57: =$U$57+$C$57
A58: 1 | B58: ='Assumptions'!$B$68/$U$57 | C58: ='Assumptions'!$B$5/$B$58 | D58: ='Assumptions'!$B$27*('Assumptions'!$B$44+'Assumptions'!$B$5/'Assumptions'!$B$27)/('Assumptions'!$B$44+'Assumptions'!$B$5/$B$58) | E58: ='Assumptions'!$B$40*'Assumptions'!$B$27/$D$58 | F58: =$E$58-'Assumptions'!$B$40 | G58: ='Assumptions'!$B$25*('Assumptions'!$B$44+'Assumptions'!$B$5/'Assumptions'!$B$25)/('Assumptions'!$B$44+'Assumptions'!$B$5/$B$58) | H58: ='Assumptions'!$B$38*'Assumptions'!$B$26/$G$58 | I58: =$H$58-'Assumptions'!$B$39 | J58: =MAX(0,'Assumptions'!$B$64*$V$57-'Assumptions'!$B$43) | K58: ='Assumptions'!$B$44+$J$58+$F$58+$I$58+$T$57 | L58: ='Assumptions'!$B$57/$K$58 | M58: =$B$58*(1-'Assumptions'!$B$58) | N58: =MIN($L$58,$M$58) | O58: ='Assumptions'!$B$56/$N$58 | P58: ='Assumptions'!$B$44+$J$58+$F$58+$I$58+$O$58 | Q58: ='Assumptions'!$B$60/$P$58 | R58: =$B$58*(1-'Assumptions'!$B$61) | S58: =MIN($Q$58,$R$58) | T58: ='Assumptions'!$B$59/$S$58 | U58: ='Assumptions'!$B$44+$J$58+$F$58+$I$58+$O$58+$T$58 | V58: =$U$58+$C$58
A59: 2 | B59: ='Assumptions'!$B$68/$U$58 | C59: ='Assumptions'!$B$5/$B$59 | D59: ='Assumptions'!$B$27*('Assumptions'!$B$44+'Assumptions'!$B$5/'Assumptions'!$B$27)/('Assumptions'!$B$44+'Assumptions'!$B$5/$B$59) | E59: ='Assumptions'!$B$40*'Assumptions'!$B$27/$D$59 | F59: =$E$59-'Assumptions'!$B$40 | G59: ='Assumptions'!$B$25*('Assumptions'!$B$44+'Assumptions'!$B$5/'Assumptions'!$B$25)/('Assumptions'!$B$44+'Assumptions'!$B$5/$B$59) | H59: ='Assumptions'!$B$38*'Assumptions'!$B$26/$G$59 | I59: =$H$59-'Assumptions'!$B$39 | J59: =MAX(0,'Assumptions'!$B$64*$V$58-'Assumptions'!$B$43) | K59: ='Assumptions'!$B$44+$J$59+$F$59+$I$59+$T$58 | L59: ='Assumptions'!$B$57/$K$59 | M59: =$B$59*(1-'Assumptions'!$B$58) | N59: =MIN($L$59,$M$59) | O59: ='Assumptions'!$B$56/$N$59 | P59: ='Assumptions'!$B$44+$J$59+$F$59+$I$59+$O$59 | Q59: ='Assumptions'!$B$60/$P$59 | R59: =$B$59*(1-'Assumptions'!$B$61) | S59: =MIN($Q$59,$R$59) | T59: ='Assumptions'!$B$59/$S$59 | U59: ='Assumptions'!$B$44+$J$59+$F$59+$I$59+$O$59+$T$59 | V59: =$U$59+$C$59
A60: 3 | B60: ='Assumptions'!$B$68/$U$59 | C60: ='Assumptions'!$B$5/$B$60 | D60: ='Assumptions'!$B$27*('Assumptions'!$B$44+'Assumptions'!$B$5/'Assumptions'!$B$27)/('Assumptions'!$B$44+'Assumptions'!$B$5/$B$60) | E60: ='Assumptions'!$B$40*'Assumptions'!$B$27/$D$60 | F60: =$E$60-'Assumptions'!$B$40 | G60: ='Assumptions'!$B$25*('Assumptions'!$B$44+'Assumptions'!$B$5/'Assumptions'!$B$25)/('Assumptions'!$B$44+'Assumptions'!$B$5/$B$60) | H60: ='Assumptions'!$B$38*'Assumptions'!$B$26/$G$60 | I60: =$H$60-'Assumptions'!$B$39 | J60: =MAX(0,'Assumptions'!$B$64*$V$59-'Assumptions'!$B$43) | K60: ='Assumptions'!$B$44+$J$60+$F$60+$I$60+$T$59 | L60: ='Assumptions'!$B$57/$K$60 | M60: =$B$60*(1-'Assumptions'!$B$58) | N60: =MIN($L$60,$M$60) | O60: ='Assumptions'!$B$56/$N$60 | P60: ='Assumptions'!$B$44+$J$60+$F$60+$I$60+$O$60 | Q60: ='Assumptions'!$B$60/$P$60 | R60: =$B$60*(1-'Assumptions'!$B$61) | S60: =MIN($Q$60,$R$60) | T60: ='Assumptions'!$B$59/$S$60 | U60: ='Assumptions'!$B$44+$J$60+$F$60+$I$60+$O$60+$T$60 | V60: =$U$60+$C$60
A61: 4 | B61: ='Assumptions'!$B$68/$U$60 | C61: ='Assumptions'!$B$5/$B$61 | D61: ='Assumptions'!$B$27*('Assumptions'!$B$44+'Assumptions'!$B$5/'Assumptions'!$B$27)/('Assumptions'!$B$44+'Assumptions'!$B$5/$B$61) | E61: ='Assumptions'!$B$40*'Assumptions'!$B$27/$D$61 | F61: =$E$61-'Assumptions'!$B$40 | G61: ='Assumptions'!$B$25*('Assumptions'!$B$44+'Assumptions'!$B$5/'Assumptions'!$B$25)/('Assumptions'!$B$44+'Assumptions'!$B$5/$B$61) | H61: ='Assumptions'!$B$38*'Assumptions'!$B$26/$G$61 | I61: =$H$61-'Assumptions'!$B$39 | J61: =MAX(0,'Assumptions'!$B$64*$V$60-'Assumptions'!$B$43) | K61: ='Assumptions'!$B$44+$J$61+$F$61+$I$61+$T$60 | L61: ='Assumptions'!$B$57/$K$61 | M61: =$B$61*(1-'Assumptions'!$B$58) | N61: =MIN($L$61,$M$61) | O61: ='Assumptions'!$B$56/$N$61 | P61: ='Assumptions'!$B$44+$J$61+$F$61+$I$61+$O$61 | Q61: ='Assumptions'!$B$60/$P$61 | R61: =$B$61*(1-'Assumptions'!$B$61) | S61: =MIN($Q$61,$R$61) | T61: ='Assumptions'!$B$59/$S$61 | U61: ='Assumptions'!$B$44+$J$61+$F$61+$I$61+$O$61+$T$61 | V61: =$U$61+$C$61
A62: 5 | B62: ='Assumptions'!$B$68/$U$61 | C62: ='Assumptions'!$B$5/$B$62 | D62: ='Assumptions'!$B$27*('Assumptions'!$B$44+'Assumptions'!$B$5/'Assumptions'!$B$27)/('Assumptions'!$B$44+'Assumptions'!$B$5/$B$62) | E62: ='Assumptions'!$B$40*'Assumptions'!$B$27/$D$62 | F62: =$E$62-'Assumptions'!$B$40 | G62: ='Assumptions'!$B$25*('Assumptions'!$B$44+'Assumptions'!$B$5/'Assumptions'!$B$25)/('Assumptions'!$B$44+'Assumptions'!$B$5/$B$62) | H62: ='Assumptions'!$B$38*'Assumptions'!$B$26/$G$62 | I62: =$H$62-'Assumptions'!$B$39 | J62: =MAX(0,'Assumptions'!$B$64*$V$61-'Assumptions'!$B$43) | K62: ='Assumptions'!$B$44+$J$62+$F$62+$I$62+$T$61 | L62: ='Assumptions'!$B$57/$K$62 | M62: =$B$62*(1-'Assumptions'!$B$58) | N62: =MIN($L$62,$M$62) | O62: ='Assumptions'!$B$56/$N$62 | P62: ='Assumptions'!$B$44+$J$62+$F$62+$I$62+$O$62 | Q62: ='Assumptions'!$B$60/$P$62 | R62: =$B$62*(1-'Assumptions'!$B$61) | S62: =MIN($Q$62,$R$62) | T62: ='Assumptions'!$B$59/$S$62 | U62: ='Assumptions'!$B$44+$J$62+$F$62+$I$62+$O$62+$T$62 | V62: =$U$62+$C$62
A63: 6 | B63: ='Assumptions'!$B$68/$U$62 | C63: ='Assumptions'!$B$5/$B$63 | D63: ='Assumptions'!$B$27*('Assumptions'!$B$44+'Assumptions'!$B$5/'Assumptions'!$B$27)/('Assumptions'!$B$44+'Assumptions'!$B$5/$B$63) | E63: ='Assumptions'!$B$40*'Assumptions'!$B$27/$D$63 | F63: =$E$63-'Assumptions'!$B$40 | G63: ='Assumptions'!$B$25*('Assumptions'!$B$44+'Assumptions'!$B$5/'Assumptions'!$B$25)/('Assumptions'!$B$44+'Assumptions'!$B$5/$B$63) | H63: ='Assumptions'!$B$38*'Assumptions'!$B$26/$G$63 | I63: =$H$63-'Assumptions'!$B$39 | J63: =MAX(0,'Assumptions'!$B$64*$V$62-'Assumptions'!$B$43) | K63: ='Assumptions'!$B$44+$J$63+$F$63+$I$63+$T$62 | L63: ='Assumptions'!$B$57/$K$63 | M63: =$B$63*(1-'Assumptions'!$B$58) | N63: =MIN($L$63,$M$63) | O63: ='Assumptions'!$B$56/$N$63 | P63: ='Assumptions'!$B$44+$J$63+$F$63+$I$63+$O$63 | Q63: ='Assumptions'!$B$60/$P$63 | R63: =$B$63*(1-'Assumptions'!$B$61) | S63: =MIN($Q$63,$R$63) | T63: ='Assumptions'!$B$59/$S$63 | U63: ='Assumptions'!$B$44+$J$63+$F$63+$I$63+$O$63+$T$63 | V63: =$U$63+$C$63
A64: 7 | B64: ='Assumptions'!$B$68/$U$63 | C64: ='Assumptions'!$B$5/$B$64 | D64: ='Assumptions'!$B$27*('Assumptions'!$B$44+'Assumptions'!$B$5/'Assumptions'!$B$27)/('Assumptions'!$B$44+'Assumptions'!$B$5/$B$64) | E64: ='Assumptions'!$B$40*'Assumptions'!$B$27/$D$64 | F64: =$E$64-'Assumptions'!$B$40 | G64: ='Assumptions'!$B$25*('Assumptions'!$B$44+'Assumptions'!$B$5/'Assumptions'!$B$25)/('Assumptions'!$B$44+'Assumptions'!$B$5/$B$64) | H64: ='Assumptions'!$B$38*'Assumptions'!$B$26/$G$64 | I64: =$H$64-'Assumptions'!$B$39 | J64: =MAX(0,'Assumptions'!$B$64*$V$63-'Assumptions'!$B$43) | K64: ='Assumptions'!$B$44+$J$64+$F$64+$I$64+$T$63 | L64: ='Assumptions'!$B$57/$K$64 | M64: =$B$64*(1-'Assumptions'!$B$58) | N64: =MIN($L$64,$M$64) | O64: ='Assumptions'!$B$56/$N$64 | P64: ='Assumptions'!$B$44+$J$64+$F$64+$I$64+$O$64 | Q64: ='Assumptions'!$B$60/$P$64 | R64: =$B$64*(1-'Assumptions'!$B$61) | S64: =MIN($Q$64,$R$64) | T64: ='Assumptions'!$B$59/$S$64 | U64: ='Assumptions'!$B$44+$J$64+$F$64+$I$64+$O$64+$T$64 | V64: =$U$64+$C$64
A65: 8 | B65: ='Assumptions'!$B$68/$U$64 | C65: ='Assumptions'!$B$5/$B$65 | D65: ='Assumptions'!$B$27*('Assumptions'!$B$44+'Assumptions'!$B$5/'Assumptions'!$B$27)/('Assumptions'!$B$44+'Assumptions'!$B$5/$B$65) | E65: ='Assumptions'!$B$40*'Assumptions'!$B$27/$D$65 | F65: =$E$65-'Assumptions'!$B$40 | G65: ='Assumptions'!$B$25*('Assumptions'!$B$44+'Assumptions'!$B$5/'Assumptions'!$B$25)/('Assumptions'!$B$44+'Assumptions'!$B$5/$B$65) | H65: ='Assumptions'!$B$38*'Assumptions'!$B$26/$G$65 | I65: =$H$65-'Assumptions'!$B$39 | J65: =MAX(0,'Assumptions'!$B$64*$V$64-'Assumptions'!$B$43) | K65: ='Assumptions'!$B$44+$J$65+$F$65+$I$65+$T$64 | L65: ='Assumptions'!$B$57/$K$65 | M65: =$B$65*(1-'Assumptions'!$B$58) | N65: =MIN($L$65,$M$65) | O65: ='Assumptions'!$B$56/$N$65 | P65: ='Assumptions'!$B$44+$J$65+$F$65+$I$65+$O$65 | Q65: ='Assumptions'!$B$60/$P$65 | R65: =$B$65*(1-'Assumptions'!$B$61) | S65: =MIN($Q$65,$R$65) | T65: ='Assumptions'!$B$59/$S$65 | U65: ='Assumptions'!$B$44+$J$65+$F$65+$I$65+$O$65+$T$65 | V65: =$U$65+$C$65
A66: 9 | B66: ='Assumptions'!$B$68/$U$65 | C66: ='Assumptions'!$B$5/$B$66 | D66: ='Assumptions'!$B$27*('Assumptions'!$B$44+'Assumptions'!$B$5/'Assumptions'!$B$27)/('Assumptions'!$B$44+'Assumptions'!$B$5/$B$66) | E66: ='Assumptions'!$B$40*'Assumptions'!$B$27/$D$66 | F66: =$E$66-'Assumptions'!$B$40 | G66: ='Assumptions'!$B$25*('Assumptions'!$B$44+'Assumptions'!$B$5/'Assumptions'!$B$25)/('Assumptions'!$B$44+'Assumptions'!$B$5/$B$66) | H66: ='Assumptions'!$B$38*'Assumptions'!$B$26/$G$66 | I66: =$H$66-'Assumptions'!$B$39 | J66: =MAX(0,'Assumptions'!$B$64*$V$65-'Assumptions'!$B$43) | K66: ='Assumptions'!$B$44+$J$66+$F$66+$I$66+$T$65 | L66: ='Assumptions'!$B$57/$K$66 | M66: =$B$66*(1-'Assumptions'!$B$58) | N66: =MIN($L$66,$M$66) | O66: ='Assumptions'!$B$56/$N$66 | P66: ='Assumptions'!$B$44+$J$66+$F$66+$I$66+$O$66 | Q66: ='Assumptions'!$B$60/$P$66 | R66: =$B$66*(1-'Assumptions'!$B$61) | S66: =MIN($Q$66,$R$66) | T66: ='Assumptions'!$B$59/$S$66 | U66: ='Assumptions'!$B$44+$J$66+$F$66+$I$66+$O$66+$T$66 | V66: =$U$66+$C$66
A67: 10 | B67: ='Assumptions'!$B$68/$U$66 | C67: ='Assumptions'!$B$5/$B$67 | D67: ='Assumptions'!$B$27*('Assumptions'!$B$44+'Assumptions'!$B$5/'Assumptions'!$B$27)/('Assumptions'!$B$44+'Assumptions'!$B$5/$B$67) | E67: ='Assumptions'!$B$40*'Assumptions'!$B$27/$D$67 | F67: =$E$67-'Assumptions'!$B$40 | G67: ='Assumptions'!$B$25*('Assumptions'!$B$44+'Assumptions'!$B$5/'Assumptions'!$B$25)/('Assumptions'!$B$44+'Assumptions'!$B$5/$B$67) | H67: ='Assumptions'!$B$38*'Assumptions'!$B$26/$G$67 | I67: =$H$67-'Assumptions'!$B$39 | J67: =MAX(0,'Assumptions'!$B$64*$V$66-'Assumptions'!$B$43) | K67: ='Assumptions'!$B$44+$J$67+$F$67+$I$67+$T$66 | L67: ='Assumptions'!$B$57/$K$67 | M67: =$B$67*(1-'Assumptions'!$B$58) | N67: =MIN($L$67,$M$67) | O67: ='Assumptions'!$B$56/$N$67 | P67: ='Assumptions'!$B$44+$J$67+$F$67+$I$67+$O$67 | Q67: ='Assumptions'!$B$60/$P$67 | R67: =$B$67*(1-'Assumptions'!$B$61) | S67: =MIN($Q$67,$R$67) | T67: ='Assumptions'!$B$59/$S$67 | U67: ='Assumptions'!$B$44+$J$67+$F$67+$I$67+$O$67+$T$67 | V67: =$U$67+$C$67
A68: 11 | B68: ='Assumptions'!$B$68/$U$67 | C68: ='Assumptions'!$B$5/$B$68 | D68: ='Assumptions'!$B$27*('Assumptions'!$B$44+'Assumptions'!$B$5/'Assumptions'!$B$27)/('Assumptions'!$B$44+'Assumptions'!$B$5/$B$68) | E68: ='Assumptions'!$B$40*'Assumptions'!$B$27/$D$68 | F68: =$E$68-'Assumptions'!$B$40 | G68: ='Assumptions'!$B$25*('Assumptions'!$B$44+'Assumptions'!$B$5/'Assumptions'!$B$25)/('Assumptions'!$B$44+'Assumptions'!$B$5/$B$68) | H68: ='Assumptions'!$B$38*'Assumptions'!$B$26/$G$68 | I68: =$H$68-'Assumptions'!$B$39 | J68: =MAX(0,'Assumptions'!$B$64*$V$67-'Assumptions'!$B$43) | K68: ='Assumptions'!$B$44+$J$68+$F$68+$I$68+$T$67 | L68: ='Assumptions'!$B$57/$K$68 | M68: =$B$68*(1-'Assumptions'!$B$58) | N68: =MIN($L$68,$M$68) | O68: ='Assumptions'!$B$56/$N$68 | P68: ='Assumptions'!$B$44+$J$68+$F$68+$I$68+$O$68 | Q68: ='Assumptions'!$B$60/$P$68 | R68: =$B$68*(1-'Assumptions'!$B$61) | S68: =MIN($Q$68,$R$68) | T68: ='Assumptions'!$B$59/$S$68 | U68: ='Assumptions'!$B$44+$J$68+$F$68+$I$68+$O$68+$T$68 | V68: =$U$68+$C$68
A69: 12 | B69: ='Assumptions'!$B$68/$U$68 | C69: ='Assumptions'!$B$5/$B$69 | D69: ='Assumptions'!$B$27*('Assumptions'!$B$44+'Assumptions'!$B$5/'Assumptions'!$B$27)/('Assumptions'!$B$44+'Assumptions'!$B$5/$B$69) | E69: ='Assumptions'!$B$40*'Assumptions'!$B$27/$D$69 | F69: =$E$69-'Assumptions'!$B$40 | G69: ='Assumptions'!$B$25*('Assumptions'!$B$44+'Assumptions'!$B$5/'Assumptions'!$B$25)/('Assumptions'!$B$44+'Assumptions'!$B$5/$B$69) | H69: ='Assumptions'!$B$38*'Assumptions'!$B$26/$G$69 | I69: =$H$69-'Assumptions'!$B$39 | J69: =MAX(0,'Assumptions'!$B$64*$V$68-'Assumptions'!$B$43) | K69: ='Assumptions'!$B$44+$J$69+$F$69+$I$69+$T$68 | L69: ='Assumptions'!$B$57/$K$69 | M69: =$B$69*(1-'Assumptions'!$B$58) | N69: =MIN($L$69,$M$69) | O69: ='Assumptions'!$B$56/$N$69 | P69: ='Assumptions'!$B$44+$J$69+$F$69+$I$69+$O$69 | Q69: ='Assumptions'!$B$60/$P$69 | R69: =$B$69*(1-'Assumptions'!$B$61) | S69: =MIN($Q$69,$R$69) | T69: ='Assumptions'!$B$59/$S$69 | U69: ='Assumptions'!$B$44+$J$69+$F$69+$I$69+$O$69+$T$69 | V69: =$U$69+$C$69
A70: 13 | B70: ='Assumptions'!$B$68/$U$69 | C70: ='Assumptions'!$B$5/$B$70 | D70: ='Assumptions'!$B$27*('Assumptions'!$B$44+'Assumptions'!$B$5/'Assumptions'!$B$27)/('Assumptions'!$B$44+'Assumptions'!$B$5/$B$70) | E70: ='Assumptions'!$B$40*'Assumptions'!$B$27/$D$70 | F70: =$E$70-'Assumptions'!$B$40 | G70: ='Assumptions'!$B$25*('Assumptions'!$B$44+'Assumptions'!$B$5/'Assumptions'!$B$25)/('Assumptions'!$B$44+'Assumptions'!$B$5/$B$70) | H70: ='Assumptions'!$B$38*'Assumptions'!$B$26/$G$70 | I70: =$H$70-'Assumptions'!$B$39 | J70: =MAX(0,'Assumptions'!$B$64*$V$69-'Assumptions'!$B$43) | K70: ='Assumptions'!$B$44+$J$70+$F$70+$I$70+$T$69 | L70: ='Assumptions'!$B$57/$K$70 | M70: =$B$70*(1-'Assumptions'!$B$58) | N70: =MIN($L$70,$M$70) | O70: ='Assumptions'!$B$56/$N$70 | P70: ='Assumptions'!$B$44+$J$70+$F$70+$I$70+$O$70 | Q70: ='Assumptions'!$B$60/$P$70 | R70: =$B$70*(1-'Assumptions'!$B$61) | S70: =MIN($Q$70,$R$70) | T70: ='Assumptions'!$B$59/$S$70 | U70: ='Assumptions'!$B$44+$J$70+$F$70+$I$70+$O$70+$T$70 | V70: =$U$70+$C$70
A71: 14 | B71: ='Assumptions'!$B$68/$U$70 | C71: ='Assumptions'!$B$5/$B$71 | D71: ='Assumptions'!$B$27*('Assumptions'!$B$44+'Assumptions'!$B$5/'Assumptions'!$B$27)/('Assumptions'!$B$44+'Assumptions'!$B$5/$B$71) | E71: ='Assumptions'!$B$40*'Assumptions'!$B$27/$D$71 | F71: =$E$71-'Assumptions'!$B$40 | G71: ='Assumptions'!$B$25*('Assumptions'!$B$44+'Assumptions'!$B$5/'Assumptions'!$B$25)/('Assumptions'!$B$44+'Assumptions'!$B$5/$B$71) | H71: ='Assumptions'!$B$38*'Assumptions'!$B$26/$G$71 | I71: =$H$71-'Assumptions'!$B$39 | J71: =MAX(0,'Assumptions'!$B$64*$V$70-'Assumptions'!$B$43) | K71: ='Assumptions'!$B$44+$J$71+$F$71+$I$71+$T$70 | L71: ='Assumptions'!$B$57/$K$71 | M71: =$B$71*(1-'Assumptions'!$B$58) | N71: =MIN($L$71,$M$71) | O71: ='Assumptions'!$B$56/$N$71 | P71: ='Assumptions'!$B$44+$J$71+$F$71+$I$71+$O$71 | Q71: ='Assumptions'!$B$60/$P$71 | R71: =$B$71*(1-'Assumptions'!$B$61) | S71: =MIN($Q$71,$R$71) | T71: ='Assumptions'!$B$59/$S$71 | U71: ='Assumptions'!$B$44+$J$71+$F$71+$I$71+$O$71+$T$71 | V71: =$U$71+$C$71
A72: 15 | B72: ='Assumptions'!$B$68/$U$71 | C72: ='Assumptions'!$B$5/$B$72 | D72: ='Assumptions'!$B$27*('Assumptions'!$B$44+'Assumptions'!$B$5/'Assumptions'!$B$27)/('Assumptions'!$B$44+'Assumptions'!$B$5/$B$72) | E72: ='Assumptions'!$B$40*'Assumptions'!$B$27/$D$72 | F72: =$E$72-'Assumptions'!$B$40 | G72: ='Assumptions'!$B$25*('Assumptions'!$B$44+'Assumptions'!$B$5/'Assumptions'!$B$25)/('Assumptions'!$B$44+'Assumptions'!$B$5/$B$72) | H72: ='Assumptions'!$B$38*'Assumptions'!$B$26/$G$72 | I72: =$H$72-'Assumptions'!$B$39 | J72: =MAX(0,'Assumptions'!$B$64*$V$71-'Assumptions'!$B$43) | K72: ='Assumptions'!$B$44+$J$72+$F$72+$I$72+$T$71 | L72: ='Assumptions'!$B$57/$K$72 | M72: =$B$72*(1-'Assumptions'!$B$58) | N72: =MIN($L$72,$M$72) | O72: ='Assumptions'!$B$56/$N$72 | P72: ='Assumptions'!$B$44+$J$72+$F$72+$I$72+$O$72 | Q72: ='Assumptions'!$B$60/$P$72 | R72: =$B$72*(1-'Assumptions'!$B$61) | S72: =MIN($Q$72,$R$72) | T72: ='Assumptions'!$B$59/$S$72 | U72: ='Assumptions'!$B$44+$J$72+$F$72+$I$72+$O$72+$T$72 | V72: =$U$72+$C$72 | W72: =IF('Sensitivity'!$L$72<'Sensitivity'!$M$72,"cap","discount") | X72: =IF('Sensitivity'!$Q$72<'Sensitivity'!$R$72,"cap","discount")
A75: Cell (11%, $1.8B)
A76: Iter | B76: F_PPS | C76: F_prim_shares | D76: NCP_E | E76: new_E_shares | F76: AD_inc_E | G76: NCP_D | H76: new_D_shares | I76: AD_inc_D | J76: ESOP_topup | K76: cap_FD_A | L76: cap_pps_A | M76: disc_pps_A | N76: conv_pps_A | O76: N_A | P76: cap_FD_B | Q76: cap_pps_B | R76: disc_pps_B | S76: conv_pps_B | T76: N_B | U76: pre_money_FD | V76: T_F
A77: 0 | B77: ='Assumptions'!$B$69/'Assumptions'!$B$44 | C77: ='Assumptions'!$B$5/$B$77 | D77: ='Assumptions'!$B$27*('Assumptions'!$B$44+'Assumptions'!$B$5/'Assumptions'!$B$27)/('Assumptions'!$B$44+'Assumptions'!$B$5/$B$77) | E77: ='Assumptions'!$B$40*'Assumptions'!$B$27/$D$77 | F77: =$E$77-'Assumptions'!$B$40 | G77: ='Assumptions'!$B$25*('Assumptions'!$B$44+'Assumptions'!$B$5/'Assumptions'!$B$25)/('Assumptions'!$B$44+'Assumptions'!$B$5/$B$77) | H77: ='Assumptions'!$B$38*'Assumptions'!$B$26/$G$77 | I77: =$H$77-'Assumptions'!$B$39 | J77: =MAX(0,'Assumptions'!$B$64*('Assumptions'!$B$44+$F$77+$I$77+$C$77)/(1-'Assumptions'!$B$64)-'Assumptions'!$B$43) | K77: ='Assumptions'!$B$44+$J$77+$F$77+$I$77+0 | L77: ='Assumptions'!$B$57/$K$77 | M77: =$B$77*(1-'Assumptions'!$B$58) | N77: =MIN($L$77,$M$77) | O77: ='Assumptions'!$B$56/$N$77 | P77: ='Assumptions'!$B$44+$J$77+$F$77+$I$77+$O$77 | Q77: ='Assumptions'!$B$60/$P$77 | R77: =$B$77*(1-'Assumptions'!$B$61) | S77: =MIN($Q$77,$R$77) | T77: ='Assumptions'!$B$59/$S$77 | U77: ='Assumptions'!$B$44+$J$77+$F$77+$I$77+$O$77+$T$77 | V77: =$U$77+$C$77
A78: 1 | B78: ='Assumptions'!$B$69/$U$77 | C78: ='Assumptions'!$B$5/$B$78 | D78: ='Assumptions'!$B$27*('Assumptions'!$B$44+'Assumptions'!$B$5/'Assumptions'!$B$27)/('Assumptions'!$B$44+'Assumptions'!$B$5/$B$78) | E78: ='Assumptions'!$B$40*'Assumptions'!$B$27/$D$78 | F78: =$E$78-'Assumptions'!$B$40 | G78: ='Assumptions'!$B$25*('Assumptions'!$B$44+'Assumptions'!$B$5/'Assumptions'!$B$25)/('Assumptions'!$B$44+'Assumptions'!$B$5/$B$78) | H78: ='Assumptions'!$B$38*'Assumptions'!$B$26/$G$78 | I78: =$H$78-'Assumptions'!$B$39 | J78: =MAX(0,'Assumptions'!$B$64*$V$77-'Assumptions'!$B$43) | K78: ='Assumptions'!$B$44+$J$78+$F$78+$I$78+$T$77 | L78: ='Assumptions'!$B$57/$K$78 | M78: =$B$78*(1-'Assumptions'!$B$58) | N78: =MIN($L$78,$M$78) | O78: ='Assumptions'!$B$56/$N$78 | P78: ='Assumptions'!$B$44+$J$78+$F$78+$I$78+$O$78 | Q78: ='Assumptions'!$B$60/$P$78 | R78: =$B$78*(1-'Assumptions'!$B$61) | S78: =MIN($Q$78,$R$78) | T78: ='Assumptions'!$B$59/$S$78 | U78: ='Assumptions'!$B$44+$J$78+$F$78+$I$78+$O$78+$T$78 | V78: =$U$78+$C$78
A79: 2 | B79: ='Assumptions'!$B$69/$U$78 | C79: ='Assumptions'!$B$5/$B$79 | D79: ='Assumptions'!$B$27*('Assumptions'!$B$44+'Assumptions'!$B$5/'Assumptions'!$B$27)/('Assumptions'!$B$44+'Assumptions'!$B$5/$B$79) | E79: ='Assumptions'!$B$40*'Assumptions'!$B$27/$D$79 | F79: =$E$79-'Assumptions'!$B$40 | G79: ='Assumptions'!$B$25*('Assumptions'!$B$44+'Assumptions'!$B$5/'Assumptions'!$B$25)/('Assumptions'!$B$44+'Assumptions'!$B$5/$B$79) | H79: ='Assumptions'!$B$38*'Assumptions'!$B$26/$G$79 | I79: =$H$79-'Assumptions'!$B$39 | J79: =MAX(0,'Assumptions'!$B$64*$V$78-'Assumptions'!$B$43) | K79: ='Assumptions'!$B$44+$J$79+$F$79+$I$79+$T$78 | L79: ='Assumptions'!$B$57/$K$79 | M79: =$B$79*(1-'Assumptions'!$B$58) | N79: =MIN($L$79,$M$79) | O79: ='Assumptions'!$B$56/$N$79 | P79: ='Assumptions'!$B$44+$J$79+$F$79+$I$79+$O$79 | Q79: ='Assumptions'!$B$60/$P$79 | R79: =$B$79*(1-'Assumptions'!$B$61) | S79: =MIN($Q$79,$R$79) | T79: ='Assumptions'!$B$59/$S$79 | U79: ='Assumptions'!$B$44+$J$79+$F$79+$I$79+$O$79+$T$79 | V79: =$U$79+$C$79
A80: 3 | B80: ='Assumptions'!$B$69/$U$79 | C80: ='Assumptions'!$B$5/$B$80 | D80: ='Assumptions'!$B$27*('Assumptions'!$B$44+'Assumptions'!$B$5/'Assumptions'!$B$27)/('Assumptions'!$B$44+'Assumptions'!$B$5/$B$80) | E80: ='Assumptions'!$B$40*'Assumptions'!$B$27/$D$80 | F80: =$E$80-'Assumptions'!$B$40 | G80: ='Assumptions'!$B$25*('Assumptions'!$B$44+'Assumptions'!$B$5/'Assumptions'!$B$25)/('Assumptions'!$B$44+'Assumptions'!$B$5/$B$80) | H80: ='Assumptions'!$B$38*'Assumptions'!$B$26/$G$80 | I80: =$H$80-'Assumptions'!$B$39 | J80: =MAX(0,'Assumptions'!$B$64*$V$79-'Assumptions'!$B$43) | K80: ='Assumptions'!$B$44+$J$80+$F$80+$I$80+$T$79 | L80: ='Assumptions'!$B$57/$K$80 | M80: =$B$80*(1-'Assumptions'!$B$58) | N80: =MIN($L$80,$M$80) | O80: ='Assumptions'!$B$56/$N$80 | P80: ='Assumptions'!$B$44+$J$80+$F$80+$I$80+$O$80 | Q80: ='Assumptions'!$B$60/$P$80 | R80: =$B$80*(1-'Assumptions'!$B$61) | S80: =MIN($Q$80,$R$80) | T80: ='Assumptions'!$B$59/$S$80 | U80: ='Assumptions'!$B$44+$J$80+$F$80+$I$80+$O$80+$T$80 | V80: =$U$80+$C$80
A81: 4 | B81: ='Assumptions'!$B$69/$U$80 | C81: ='Assumptions'!$B$5/$B$81 | D81: ='Assumptions'!$B$27*('Assumptions'!$B$44+'Assumptions'!$B$5/'Assumptions'!$B$27)/('Assumptions'!$B$44+'Assumptions'!$B$5/$B$81) | E81: ='Assumptions'!$B$40*'Assumptions'!$B$27/$D$81 | F81: =$E$81-'Assumptions'!$B$40 | G81: ='Assumptions'!$B$25*('Assumptions'!$B$44+'Assumptions'!$B$5/'Assumptions'!$B$25)/('Assumptions'!$B$44+'Assumptions'!$B$5/$B$81) | H81: ='Assumptions'!$B$38*'Assumptions'!$B$26/$G$81 | I81: =$H$81-'Assumptions'!$B$39 | J81: =MAX(0,'Assumptions'!$B$64*$V$80-'Assumptions'!$B$43) | K81: ='Assumptions'!$B$44+$J$81+$F$81+$I$81+$T$80 | L81: ='Assumptions'!$B$57/$K$81 | M81: =$B$81*(1-'Assumptions'!$B$58) | N81: =MIN($L$81,$M$81) | O81: ='Assumptions'!$B$56/$N$81 | P81: ='Assumptions'!$B$44+$J$81+$F$81+$I$81+$O$81 | Q81: ='Assumptions'!$B$60/$P$81 | R81: =$B$81*(1-'Assumptions'!$B$61) | S81: =MIN($Q$81,$R$81) | T81: ='Assumptions'!$B$59/$S$81 | U81: ='Assumptions'!$B$44+$J$81+$F$81+$I$81+$O$81+$T$81 | V81: =$U$81+$C$81
A82: 5 | B82: ='Assumptions'!$B$69/$U$81 | C82: ='Assumptions'!$B$5/$B$82 | D82: ='Assumptions'!$B$27*('Assumptions'!$B$44+'Assumptions'!$B$5/'Assumptions'!$B$27)/('Assumptions'!$B$44+'Assumptions'!$B$5/$B$82) | E82: ='Assumptions'!$B$40*'Assumptions'!$B$27/$D$82 | F82: =$E$82-'Assumptions'!$B$40 | G82: ='Assumptions'!$B$25*('Assumptions'!$B$44+'Assumptions'!$B$5/'Assumptions'!$B$25)/('Assumptions'!$B$44+'Assumptions'!$B$5/$B$82) | H82: ='Assumptions'!$B$38*'Assumptions'!$B$26/$G$82 | I82: =$H$82-'Assumptions'!$B$39 | J82: =MAX(0,'Assumptions'!$B$64*$V$81-'Assumptions'!$B$43) | K82: ='Assumptions'!$B$44+$J$82+$F$82+$I$82+$T$81 | L82: ='Assumptions'!$B$57/$K$82 | M82: =$B$82*(1-'Assumptions'!$B$58) | N82: =MIN($L$82,$M$82) | O82: ='Assumptions'!$B$56/$N$82 | P82: ='Assumptions'!$B$44+$J$82+$F$82+$I$82+$O$82 | Q82: ='Assumptions'!$B$60/$P$82 | R82: =$B$82*(1-'Assumptions'!$B$61) | S82: =MIN($Q$82,$R$82) | T82: ='Assumptions'!$B$59/$S$82 | U82: ='Assumptions'!$B$44+$J$82+$F$82+$I$82+$O$82+$T$82 | V82: =$U$82+$C$82
A83: 6 | B83: ='Assumptions'!$B$69/$U$82 | C83: ='Assumptions'!$B$5/$B$83 | D83: ='Assumptions'!$B$27*('Assumptions'!$B$44+'Assumptions'!$B$5/'Assumptions'!$B$27)/('Assumptions'!$B$44+'Assumptions'!$B$5/$B$83) | E83: ='Assumptions'!$B$40*'Assumptions'!$B$27/$D$83 | F83: =$E$83-'Assumptions'!$B$40 | G83: ='Assumptions'!$B$25*('Assumptions'!$B$44+'Assumptions'!$B$5/'Assumptions'!$B$25)/('Assumptions'!$B$44+'Assumptions'!$B$5/$B$83) | H83: ='Assumptions'!$B$38*'Assumptions'!$B$26/$G$83 | I83: =$H$83-'Assumptions'!$B$39 | J83: =MAX(0,'Assumptions'!$B$64*$V$82-'Assumptions'!$B$43) | K83: ='Assumptions'!$B$44+$J$83+$F$83+$I$83+$T$82 | L83: ='Assumptions'!$B$57/$K$83 | M83: =$B$83*(1-'Assumptions'!$B$58) | N83: =MIN($L$83,$M$83) | O83: ='Assumptions'!$B$56/$N$83 | P83: ='Assumptions'!$B$44+$J$83+$F$83+$I$83+$O$83 | Q83: ='Assumptions'!$B$60/$P$83 | R83: =$B$83*(1-'Assumptions'!$B$61) | S83: =MIN($Q$83,$R$83) | T83: ='Assumptions'!$B$59/$S$83 | U83: ='Assumptions'!$B$44+$J$83+$F$83+$I$83+$O$83+$T$83 | V83: =$U$83+$C$83
A84: 7 | B84: ='Assumptions'!$B$69/$U$83 | C84: ='Assumptions'!$B$5/$B$84 | D84: ='Assumptions'!$B$27*('Assumptions'!$B$44+'Assumptions'!$B$5/'Assumptions'!$B$27)/('Assumptions'!$B$44+'Assumptions'!$B$5/$B$84) | E84: ='Assumptions'!$B$40*'Assumptions'!$B$27/$D$84 | F84: =$E$84-'Assumptions'!$B$40 | G84: ='Assumptions'!$B$25*('Assumptions'!$B$44+'Assumptions'!$B$5/'Assumptions'!$B$25)/('Assumptions'!$B$44+'Assumptions'!$B$5/$B$84) | H84: ='Assumptions'!$B$38*'Assumptions'!$B$26/$G$84 | I84: =$H$84-'Assumptions'!$B$39 | J84: =MAX(0,'Assumptions'!$B$64*$V$83-'Assumptions'!$B$43) | K84: ='Assumptions'!$B$44+$J$84+$F$84+$I$84+$T$83 | L84: ='Assumptions'!$B$57/$K$84 | M84: =$B$84*(1-'Assumptions'!$B$58) | N84: =MIN($L$84,$M$84) | O84: ='Assumptions'!$B$56/$N$84 | P84: ='Assumptions'!$B$44+$J$84+$F$84+$I$84+$O$84 | Q84: ='Assumptions'!$B$60/$P$84 | R84: =$B$84*(1-'Assumptions'!$B$61) | S84: =MIN($Q$84,$R$84) | T84: ='Assumptions'!$B$59/$S$84 | U84: ='Assumptions'!$B$44+$J$84+$F$84+$I$84+$O$84+$T$84 | V84: =$U$84+$C$84
A85: 8 | B85: ='Assumptions'!$B$69/$U$84 | C85: ='Assumptions'!$B$5/$B$85 | D85: ='Assumptions'!$B$27*('Assumptions'!$B$44+'Assumptions'!$B$5/'Assumptions'!$B$27)/('Assumptions'!$B$44+'Assumptions'!$B$5/$B$85) | E85: ='Assumptions'!$B$40*'Assumptions'!$B$27/$D$85 | F85: =$E$85-'Assumptions'!$B$40 | G85: ='Assumptions'!$B$25*('Assumptions'!$B$44+'Assumptions'!$B$5/'Assumptions'!$B$25)/('Assumptions'!$B$44+'Assumptions'!$B$5/$B$85) | H85: ='Assumptions'!$B$38*'Assumptions'!$B$26/$G$85 | I85: =$H$85-'Assumptions'!$B$39 | J85: =MAX(0,'Assumptions'!$B$64*$V$84-'Assumptions'!$B$43) | K85: ='Assumptions'!$B$44+$J$85+$F$85+$I$85+$T$84 | L85: ='Assumptions'!$B$57/$K$85 | M85: =$B$85*(1-'Assumptions'!$B$58) | N85: =MIN($L$85,$M$85) | O85: ='Assumptions'!$B$56/$N$85 | P85: ='Assumptions'!$B$44+$J$85+$F$85+$I$85+$O$85 | Q85: ='Assumptions'!$B$60/$P$85 | R85: =$B$85*(1-'Assumptions'!$B$61) | S85: =MIN($Q$85,$R$85) | T85: ='Assumptions'!$B$59/$S$85 | U85: ='Assumptions'!$B$44+$J$85+$F$85+$I$85+$O$85+$T$85 | V85: =$U$85+$C$85
A86: 9 | B86: ='Assumptions'!$B$69/$U$85 | C86: ='Assumptions'!$B$5/$B$86 | D86: ='Assumptions'!$B$27*('Assumptions'!$B$44+'Assumptions'!$B$5/'Assumptions'!$B$27)/('Assumptions'!$B$44+'Assumptions'!$B$5/$B$86) | E86: ='Assumptions'!$B$40*'Assumptions'!$B$27/$D$86 | F86: =$E$86-'Assumptions'!$B$40 | G86: ='Assumptions'!$B$25*('Assumptions'!$B$44+'Assumptions'!$B$5/'Assumptions'!$B$25)/('Assumptions'!$B$44+'Assumptions'!$B$5/$B$86) | H86: ='Assumptions'!$B$38*'Assumptions'!$B$26/$G$86 | I86: =$H$86-'Assumptions'!$B$39 | J86: =MAX(0,'Assumptions'!$B$64*$V$85-'Assumptions'!$B$43) | K86: ='Assumptions'!$B$44+$J$86+$F$86+$I$86+$T$85 | L86: ='Assumptions'!$B$57/$K$86 | M86: =$B$86*(1-'Assumptions'!$B$58) | N86: =MIN($L$86,$M$86) | O86: ='Assumptions'!$B$56/$N$86 | P86: ='Assumptions'!$B$44+$J$86+$F$86+$I$86+$O$86 | Q86: ='Assumptions'!$B$60/$P$86 | R86: =$B$86*(1-'Assumptions'!$B$61) | S86: =MIN($Q$86,$R$86) | T86: ='Assumptions'!$B$59/$S$86 | U86: ='Assumptions'!$B$44+$J$86+$F$86+$I$86+$O$86+$T$86 | V86: =$U$86+$C$86
A87: 10 | B87: ='Assumptions'!$B$69/$U$86 | C87: ='Assumptions'!$B$5/$B$87 | D87: ='Assumptions'!$B$27*('Assumptions'!$B$44+'Assumptions'!$B$5/'Assumptions'!$B$27)/('Assumptions'!$B$44+'Assumptions'!$B$5/$B$87) | E87: ='Assumptions'!$B$40*'Assumptions'!$B$27/$D$87 | F87: =$E$87-'Assumptions'!$B$40 | G87: ='Assumptions'!$B$25*('Assumptions'!$B$44+'Assumptions'!$B$5/'Assumptions'!$B$25)/('Assumptions'!$B$44+'Assumptions'!$B$5/$B$87) | H87: ='Assumptions'!$B$38*'Assumptions'!$B$26/$G$87 | I87: =$H$87-'Assumptions'!$B$39 | J87: =MAX(0,'Assumptions'!$B$64*$V$86-'Assumptions'!$B$43) | K87: ='Assumptions'!$B$44+$J$87+$F$87+$I$87+$T$86 | L87: ='Assumptions'!$B$57/$K$87 | M87: =$B$87*(1-'Assumptions'!$B$58) | N87: =MIN($L$87,$M$87) | O87: ='Assumptions'!$B$56/$N$87 | P87: ='Assumptions'!$B$44+$J$87+$F$87+$I$87+$O$87 | Q87: ='Assumptions'!$B$60/$P$87 | R87: =$B$87*(1-'Assumptions'!$B$61) | S87: =MIN($Q$87,$R$87) | T87: ='Assumptions'!$B$59/$S$87 | U87: ='Assumptions'!$B$44+$J$87+$F$87+$I$87+$O$87+$T$87 | V87: =$U$87+$C$87
A88: 11 | B88: ='Assumptions'!$B$69/$U$87 | C88: ='Assumptions'!$B$5/$B$88 | D88: ='Assumptions'!$B$27*('Assumptions'!$B$44+'Assumptions'!$B$5/'Assumptions'!$B$27)/('Assumptions'!$B$44+'Assumptions'!$B$5/$B$88) | E88: ='Assumptions'!$B$40*'Assumptions'!$B$27/$D$88 | F88: =$E$88-'Assumptions'!$B$40 | G88: ='Assumptions'!$B$25*('Assumptions'!$B$44+'Assumptions'!$B$5/'Assumptions'!$B$25)/('Assumptions'!$B$44+'Assumptions'!$B$5/$B$88) | H88: ='Assumptions'!$B$38*'Assumptions'!$B$26/$G$88 | I88: =$H$88-'Assumptions'!$B$39 | J88: =MAX(0,'Assumptions'!$B$64*$V$87-'Assumptions'!$B$43) | K88: ='Assumptions'!$B$44+$J$88+$F$88+$I$88+$T$87 | L88: ='Assumptions'!$B$57/$K$88 | M88: =$B$88*(1-'Assumptions'!$B$58) | N88: =MIN($L$88,$M$88) | O88: ='Assumptions'!$B$56/$N$88 | P88: ='Assumptions'!$B$44+$J$88+$F$88+$I$88+$O$88 | Q88: ='Assumptions'!$B$60/$P$88 | R88: =$B$88*(1-'Assumptions'!$B$61) | S88: =MIN($Q$88,$R$88) | T88: ='Assumptions'!$B$59/$S$88 | U88: ='Assumptions'!$B$44+$J$88+$F$88+$I$88+$O$88+$T$88 | V88: =$U$88+$C$88
A89: 12 | B89: ='Assumptions'!$B$69/$U$88 | C89: ='Assumptions'!$B$5/$B$89 | D89: ='Assumptions'!$B$27*('Assumptions'!$B$44+'Assumptions'!$B$5/'Assumptions'!$B$27)/('Assumptions'!$B$44+'Assumptions'!$B$5/$B$89) | E89: ='Assumptions'!$B$40*'Assumptions'!$B$27/$D$89 | F89: =$E$89-'Assumptions'!$B$40 | G89: ='Assumptions'!$B$25*('Assumptions'!$B$44+'Assumptions'!$B$5/'Assumptions'!$B$25)/('Assumptions'!$B$44+'Assumptions'!$B$5/$B$89) | H89: ='Assumptions'!$B$38*'Assumptions'!$B$26/$G$89 | I89: =$H$89-'Assumptions'!$B$39 | J89: =MAX(0,'Assumptions'!$B$64*$V$88-'Assumptions'!$B$43) | K89: ='Assumptions'!$B$44+$J$89+$F$89+$I$89+$T$88 | L89: ='Assumptions'!$B$57/$K$89 | M89: =$B$89*(1-'Assumptions'!$B$58) | N89: =MIN($L$89,$M$89) | O89: ='Assumptions'!$B$56/$N$89 | P89: ='Assumptions'!$B$44+$J$89+$F$89+$I$89+$O$89 | Q89: ='Assumptions'!$B$60/$P$89 | R89: =$B$89*(1-'Assumptions'!$B$61) | S89: =MIN($Q$89,$R$89) | T89: ='Assumptions'!$B$59/$S$89 | U89: ='Assumptions'!$B$44+$J$89+$F$89+$I$89+$O$89+$T$89 | V89: =$U$89+$C$89
A90: 13 | B90: ='Assumptions'!$B$69/$U$89 | C90: ='Assumptions'!$B$5/$B$90 | D90: ='Assumptions'!$B$27*('Assumptions'!$B$44+'Assumptions'!$B$5/'Assumptions'!$B$27)/('Assumptions'!$B$44+'Assumptions'!$B$5/$B$90) | E90: ='Assumptions'!$B$40*'Assumptions'!$B$27/$D$90 | F90: =$E$90-'Assumptions'!$B$40 | G90: ='Assumptions'!$B$25*('Assumptions'!$B$44+'Assumptions'!$B$5/'Assumptions'!$B$25)/('Assumptions'!$B$44+'Assumptions'!$B$5/$B$90) | H90: ='Assumptions'!$B$38*'Assumptions'!$B$26/$G$90 | I90: =$H$90-'Assumptions'!$B$39 | J90: =MAX(0,'Assumptions'!$B$64*$V$89-'Assumptions'!$B$43) | K90: ='Assumptions'!$B$44+$J$90+$F$90+$I$90+$T$89 | L90: ='Assumptions'!$B$57/$K$90 | M90: =$B$90*(1-'Assumptions'!$B$58) | N90: =MIN($L$90,$M$90) | O90: ='Assumptions'!$B$56/$N$90 | P90: ='Assumptions'!$B$44+$J$90+$F$90+$I$90+$O$90 | Q90: ='Assumptions'!$B$60/$P$90 | R90: =$B$90*(1-'Assumptions'!$B$61) | S90: =MIN($Q$90,$R$90) | T90: ='Assumptions'!$B$59/$S$90 | U90: ='Assumptions'!$B$44+$J$90+$F$90+$I$90+$O$90+$T$90 | V90: =$U$90+$C$90
A91: 14 | B91: ='Assumptions'!$B$69/$U$90 | C91: ='Assumptions'!$B$5/$B$91 | D91: ='Assumptions'!$B$27*('Assumptions'!$B$44+'Assumptions'!$B$5/'Assumptions'!$B$27)/('Assumptions'!$B$44+'Assumptions'!$B$5/$B$91) | E91: ='Assumptions'!$B$40*'Assumptions'!$B$27/$D$91 | F91: =$E$91-'Assumptions'!$B$40 | G91: ='Assumptions'!$B$25*('Assumptions'!$B$44+'Assumptions'!$B$5/'Assumptions'!$B$25)/('Assumptions'!$B$44+'Assumptions'!$B$5/$B$91) | H91: ='Assumptions'!$B$38*'Assumptions'!$B$26/$G$91 | I91: =$H$91-'Assumptions'!$B$39 | J91: =MAX(0,'Assumptions'!$B$64*$V$90-'Assumptions'!$B$43) | K91: ='Assumptions'!$B$44+$J$91+$F$91+$I$91+$T$90 | L91: ='Assumptions'!$B$57/$K$91 | M91: =$B$91*(1-'Assumptions'!$B$58) | N91: =MIN($L$91,$M$91) | O91: ='Assumptions'!$B$56/$N$91 | P91: ='Assumptions'!$B$44+$J$91+$F$91+$I$91+$O$91 | Q91: ='Assumptions'!$B$60/$P$91 | R91: =$B$91*(1-'Assumptions'!$B$61) | S91: =MIN($Q$91,$R$91) | T91: ='Assumptions'!$B$59/$S$91 | U91: ='Assumptions'!$B$44+$J$91+$F$91+$I$91+$O$91+$T$91 | V91: =$U$91+$C$91
A92: 15 | B92: ='Assumptions'!$B$69/$U$91 | C92: ='Assumptions'!$B$5/$B$92 | D92: ='Assumptions'!$B$27*('Assumptions'!$B$44+'Assumptions'!$B$5/'Assumptions'!$B$27)/('Assumptions'!$B$44+'Assumptions'!$B$5/$B$92) | E92: ='Assumptions'!$B$40*'Assumptions'!$B$27/$D$92 | F92: =$E$92-'Assumptions'!$B$40 | G92: ='Assumptions'!$B$25*('Assumptions'!$B$44+'Assumptions'!$B$5/'Assumptions'!$B$25)/('Assumptions'!$B$44+'Assumptions'!$B$5/$B$92) | H92: ='Assumptions'!$B$38*'Assumptions'!$B$26/$G$92 | I92: =$H$92-'Assumptions'!$B$39 | J92: =MAX(0,'Assumptions'!$B$64*$V$91-'Assumptions'!$B$43) | K92: ='Assumptions'!$B$44+$J$92+$F$92+$I$92+$T$91 | L92: ='Assumptions'!$B$57/$K$92 | M92: =$B$92*(1-'Assumptions'!$B$58) | N92: =MIN($L$92,$M$92) | O92: ='Assumptions'!$B$56/$N$92 | P92: ='Assumptions'!$B$44+$J$92+$F$92+$I$92+$O$92 | Q92: ='Assumptions'!$B$60/$P$92 | R92: =$B$92*(1-'Assumptions'!$B$61) | S92: =MIN($Q$92,$R$92) | T92: ='Assumptions'!$B$59/$S$92 | U92: ='Assumptions'!$B$44+$J$92+$F$92+$I$92+$O$92+$T$92 | V92: =$U$92+$C$92 | W92: =IF('Sensitivity'!$L$92<'Sensitivity'!$M$92,"cap","discount") | X92: =IF('Sensitivity'!$Q$92<'Sensitivity'!$R$92,"cap","discount")
A95: Cell (13%, $1.2B)
A96: Iter | B96: F_PPS | C96: F_prim_shares | D96: NCP_E | E96: new_E_shares | F96: AD_inc_E | G96: NCP_D | H96: new_D_shares | I96: AD_inc_D | J96: ESOP_topup | K96: cap_FD_A | L96: cap_pps_A | M96: disc_pps_A | N96: conv_pps_A | O96: N_A | P96: cap_FD_B | Q96: cap_pps_B | R96: disc_pps_B | S96: conv_pps_B | T96: N_B | U96: pre_money_FD | V96: T_F
A97: 0 | B97: ='Assumptions'!$B$67/'Assumptions'!$B$44 | C97: ='Assumptions'!$B$5/$B$97 | D97: ='Assumptions'!$B$27*('Assumptions'!$B$44+'Assumptions'!$B$5/'Assumptions'!$B$27)/('Assumptions'!$B$44+'Assumptions'!$B$5/$B$97) | E97: ='Assumptions'!$B$40*'Assumptions'!$B$27/$D$97 | F97: =$E$97-'Assumptions'!$B$40 | G97: ='Assumptions'!$B$25*('Assumptions'!$B$44+'Assumptions'!$B$5/'Assumptions'!$B$25)/('Assumptions'!$B$44+'Assumptions'!$B$5/$B$97) | H97: ='Assumptions'!$B$38*'Assumptions'!$B$26/$G$97 | I97: =$H$97-'Assumptions'!$B$39 | J97: =MAX(0,'Assumptions'!$B$65*('Assumptions'!$B$44+$F$97+$I$97+$C$97)/(1-'Assumptions'!$B$65)-'Assumptions'!$B$43) | K97: ='Assumptions'!$B$44+$J$97+$F$97+$I$97+0 | L97: ='Assumptions'!$B$57/$K$97 | M97: =$B$97*(1-'Assumptions'!$B$58) | N97: =MIN($L$97,$M$97) | O97: ='Assumptions'!$B$56/$N$97 | P97: ='Assumptions'!$B$44+$J$97+$F$97+$I$97+$O$97 | Q97: ='Assumptions'!$B$60/$P$97 | R97: =$B$97*(1-'Assumptions'!$B$61) | S97: =MIN($Q$97,$R$97) | T97: ='Assumptions'!$B$59/$S$97 | U97: ='Assumptions'!$B$44+$J$97+$F$97+$I$97+$O$97+$T$97 | V97: =$U$97+$C$97
A98: 1 | B98: ='Assumptions'!$B$67/$U$97 | C98: ='Assumptions'!$B$5/$B$98 | D98: ='Assumptions'!$B$27*('Assumptions'!$B$44+'Assumptions'!$B$5/'Assumptions'!$B$27)/('Assumptions'!$B$44+'Assumptions'!$B$5/$B$98) | E98: ='Assumptions'!$B$40*'Assumptions'!$B$27/$D$98 | F98: =$E$98-'Assumptions'!$B$40 | G98: ='Assumptions'!$B$25*('Assumptions'!$B$44+'Assumptions'!$B$5/'Assumptions'!$B$25)/('Assumptions'!$B$44+'Assumptions'!$B$5/$B$98) | H98: ='Assumptions'!$B$38*'Assumptions'!$B$26/$G$98 | I98: =$H$98-'Assumptions'!$B$39 | J98: =MAX(0,'Assumptions'!$B$65*$V$97-'Assumptions'!$B$43) | K98: ='Assumptions'!$B$44+$J$98+$F$98+$I$98+$T$97 | L98: ='Assumptions'!$B$57/$K$98 | M98: =$B$98*(1-'Assumptions'!$B$58) | N98: =MIN($L$98,$M$98) | O98: ='Assumptions'!$B$56/$N$98 | P98: ='Assumptions'!$B$44+$J$98+$F$98+$I$98+$O$98 | Q98: ='Assumptions'!$B$60/$P$98 | R98: =$B$98*(1-'Assumptions'!$B$61) | S98: =MIN($Q$98,$R$98) | T98: ='Assumptions'!$B$59/$S$98 | U98: ='Assumptions'!$B$44+$J$98+$F$98+$I$98+$O$98+$T$98 | V98: =$U$98+$C$98
A99: 2 | B99: ='Assumptions'!$B$67/$U$98 | C99: ='Assumptions'!$B$5/$B$99 | D99: ='Assumptions'!$B$27*('Assumptions'!$B$44+'Assumptions'!$B$5/'Assumptions'!$B$27)/('Assumptions'!$B$44+'Assumptions'!$B$5/$B$99) | E99: ='Assumptions'!$B$40*'Assumptions'!$B$27/$D$99 | F99: =$E$99-'Assumptions'!$B$40 | G99: ='Assumptions'!$B$25*('Assumptions'!$B$44+'Assumptions'!$B$5/'Assumptions'!$B$25)/('Assumptions'!$B$44+'Assumptions'!$B$5/$B$99) | H99: ='Assumptions'!$B$38*'Assumptions'!$B$26/$G$99 | I99: =$H$99-'Assumptions'!$B$39 | J99: =MAX(0,'Assumptions'!$B$65*$V$98-'Assumptions'!$B$43) | K99: ='Assumptions'!$B$44+$J$99+$F$99+$I$99+$T$98 | L99: ='Assumptions'!$B$57/$K$99 | M99: =$B$99*(1-'Assumptions'!$B$58) | N99: =MIN($L$99,$M$99) | O99: ='Assumptions'!$B$56/$N$99 | P99: ='Assumptions'!$B$44+$J$99+$F$99+$I$99+$O$99 | Q99: ='Assumptions'!$B$60/$P$99 | R99: =$B$99*(1-'Assumptions'!$B$61) | S99: =MIN($Q$99,$R$99) | T99: ='Assumptions'!$B$59/$S$99 | U99: ='Assumptions'!$B$44+$J$99+$F$99+$I$99+$O$99+$T$99 | V99: =$U$99+$C$99
A100: 3 | B100: ='Assumptions'!$B$67/$U$99 | C100: ='Assumptions'!$B$5/$B$100 | D100: ='Assumptions'!$B$27*('Assumptions'!$B$44+'Assumptions'!$B$5/'Assumptions'!$B$27)/('Assumptions'!$B$44+'Assumptions'!$B$5/$B$100) | E100: ='Assumptions'!$B$40*'Assumptions'!$B$27/$D$100 | F100: =$E$100-'Assumptions'!$B$40 | G100: ='Assumptions'!$B$25*('Assumptions'!$B$44+'Assumptions'!$B$5/'Assumptions'!$B$25)/('Assumptions'!$B$44+'Assumptions'!$B$5/$B$100) | H100: ='Assumptions'!$B$38*'Assumptions'!$B$26/$G$100 | I100: =$H$100-'Assumptions'!$B$39 | J100: =MAX(0,'Assumptions'!$B$65*$V$99-'Assumptions'!$B$43) | K100: ='Assumptions'!$B$44+$J$100+$F$100+$I$100+$T$99 | L100: ='Assumptions'!$B$57/$K$100 | M100: =$B$100*(1-'Assumptions'!$B$58) | N100: =MIN($L$100,$M$100) | O100: ='Assumptions'!$B$56/$N$100 | P100: ='Assumptions'!$B$44+$J$100+$F$100+$I$100+$O$100 | Q100: ='Assumptions'!$B$60/$P$100 | R100: =$B$100*(1-'Assumptions'!$B$61) | S100: =MIN($Q$100,$R$100) | T100: ='Assumptions'!$B$59/$S$100 | U100: ='Assumptions'!$B$44+$J$100+$F$100+$I$100+$O$100+$T$100 | V100: =$U$100+$C$100
A101: 4 | B101: ='Assumptions'!$B$67/$U$100 | C101: ='Assumptions'!$B$5/$B$101 | D101: ='Assumptions'!$B$27*('Assumptions'!$B$44+'Assumptions'!$B$5/'Assumptions'!$B$27)/('Assumptions'!$B$44+'Assumptions'!$B$5/$B$101) | E101: ='Assumptions'!$B$40*'Assumptions'!$B$27/$D$101 | F101: =$E$101-'Assumptions'!$B$40 | G101: ='Assumptions'!$B$25*('Assumptions'!$B$44+'Assumptions'!$B$5/'Assumptions'!$B$25)/('Assumptions'!$B$44+'Assumptions'!$B$5/$B$101) | H101: ='Assumptions'!$B$38*'Assumptions'!$B$26/$G$101 | I101: =$H$101-'Assumptions'!$B$39 | J101: =MAX(0,'Assumptions'!$B$65*$V$100-'Assumptions'!$B$43) | K101: ='Assumptions'!$B$44+$J$101+$F$101+$I$101+$T$100 | L101: ='Assumptions'!$B$57/$K$101 | M101: =$B$101*(1-'Assumptions'!$B$58) | N101: =MIN($L$101,$M$101) | O101: ='Assumptions'!$B$56/$N$101 | P101: ='Assumptions'!$B$44+$J$101+$F$101+$I$101+$O$101 | Q101: ='Assumptions'!$B$60/$P$101 | R101: =$B$101*(1-'Assumptions'!$B$61) | S101: =MIN($Q$101,$R$101) | T101: ='Assumptions'!$B$59/$S$101 | U101: ='Assumptions'!$B$44+$J$101+$F$101+$I$101+$O$101+$T$101 | V101: =$U$101+$C$101
A102: 5 | B102: ='Assumptions'!$B$67/$U$101 | C102: ='Assumptions'!$B$5/$B$102 | D102: ='Assumptions'!$B$27*('Assumptions'!$B$44+'Assumptions'!$B$5/'Assumptions'!$B$27)/('Assumptions'!$B$44+'Assumptions'!$B$5/$B$102) | E102: ='Assumptions'!$B$40*'Assumptions'!$B$27/$D$102 | F102: =$E$102-'Assumptions'!$B$40 | G102: ='Assumptions'!$B$25*('Assumptions'!$B$44+'Assumptions'!$B$5/'Assumptions'!$B$25)/('Assumptions'!$B$44+'Assumptions'!$B$5/$B$102) | H102: ='Assumptions'!$B$38*'Assumptions'!$B$26/$G$102 | I102: =$H$102-'Assumptions'!$B$39 | J102: =MAX(0,'Assumptions'!$B$65*$V$101-'Assumptions'!$B$43) | K102: ='Assumptions'!$B$44+$J$102+$F$102+$I$102+$T$101 | L102: ='Assumptions'!$B$57/$K$102 | M102: =$B$102*(1-'Assumptions'!$B$58) | N102: =MIN($L$102,$M$102) | O102: ='Assumptions'!$B$56/$N$102 | P102: ='Assumptions'!$B$44+$J$102+$F$102+$I$102+$O$102 | Q102: ='Assumptions'!$B$60/$P$102 | R102: =$B$102*(1-'Assumptions'!$B$61) | S102: =MIN($Q$102,$R$102) | T102: ='Assumptions'!$B$59/$S$102 | U102: ='Assumptions'!$B$44+$J$102+$F$102+$I$102+$O$102+$T$102 | V102: =$U$102+$C$102
A103: 6 | B103: ='Assumptions'!$B$67/$U$102 | C103: ='Assumptions'!$B$5/$B$103 | D103: ='Assumptions'!$B$27*('Assumptions'!$B$44+'Assumptions'!$B$5/'Assumptions'!$B$27)/('Assumptions'!$B$44+'Assumptions'!$B$5/$B$103) | E103: ='Assumptions'!$B$40*'Assumptions'!$B$27/$D$103 | F103: =$E$103-'Assumptions'!$B$40 | G103: ='Assumptions'!$B$25*('Assumptions'!$B$44+'Assumptions'!$B$5/'Assumptions'!$B$25)/('Assumptions'!$B$44+'Assumptions'!$B$5/$B$103) | H103: ='Assumptions'!$B$38*'Assumptions'!$B$26/$G$103 | I103: =$H$103-'Assumptions'!$B$39 | J103: =MAX(0,'Assumptions'!$B$65*$V$102-'Assumptions'!$B$43) | K103: ='Assumptions'!$B$44+$J$103+$F$103+$I$103+$T$102 | L103: ='Assumptions'!$B$57/$K$103 | M103: =$B$103*(1-'Assumptions'!$B$58) | N103: =MIN($L$103,$M$103) | O103: ='Assumptions'!$B$56/$N$103 | P103: ='Assumptions'!$B$44+$J$103+$F$103+$I$103+$O$103 | Q103: ='Assumptions'!$B$60/$P$103 | R103: =$B$103*(1-'Assumptions'!$B$61) | S103: =MIN($Q$103,$R$103) | T103: ='Assumptions'!$B$59/$S$103 | U103: ='Assumptions'!$B$44+$J$103+$F$103+$I$103+$O$103+$T$103 | V103: =$U$103+$C$103
A104: 7 | B104: ='Assumptions'!$B$67/$U$103 | C104: ='Assumptions'!$B$5/$B$104 | D104: ='Assumptions'!$B$27*('Assumptions'!$B$44+'Assumptions'!$B$5/'Assumptions'!$B$27)/('Assumptions'!$B$44+'Assumptions'!$B$5/$B$104) | E104: ='Assumptions'!$B$40*'Assumptions'!$B$27/$D$104 | F104: =$E$104-'Assumptions'!$B$40 | G104: ='Assumptions'!$B$25*('Assumptions'!$B$44+'Assumptions'!$B$5/'Assumptions'!$B$25)/('Assumptions'!$B$44+'Assumptions'!$B$5/$B$104) | H104: ='Assumptions'!$B$38*'Assumptions'!$B$26/$G$104 | I104: =$H$104-'Assumptions'!$B$39 | J104: =MAX(0,'Assumptions'!$B$65*$V$103-'Assumptions'!$B$43) | K104: ='Assumptions'!$B$44+$J$104+$F$104+$I$104+$T$103 | L104: ='Assumptions'!$B$57/$K$104 | M104: =$B$104*(1-'Assumptions'!$B$58) | N104: =MIN($L$104,$M$104) | O104: ='Assumptions'!$B$56/$N$104 | P104: ='Assumptions'!$B$44+$J$104+$F$104+$I$104+$O$104 | Q104: ='Assumptions'!$B$60/$P$104 | R104: =$B$104*(1-'Assumptions'!$B$61) | S104: =MIN($Q$104,$R$104) | T104: ='Assumptions'!$B$59/$S$104 | U104: ='Assumptions'!$B$44+$J$104+$F$104+$I$104+$O$104+$T$104 | V104: =$U$104+$C$104
A105: 8 | B105: ='Assumptions'!$B$67/$U$104 | C105: ='Assumptions'!$B$5/$B$105 | D105: ='Assumptions'!$B$27*('Assumptions'!$B$44+'Assumptions'!$B$5/'Assumptions'!$B$27)/('Assumptions'!$B$44+'Assumptions'!$B$5/$B$105) | E105: ='Assumptions'!$B$40*'Assumptions'!$B$27/$D$105 | F105: =$E$105-'Assumptions'!$B$40 | G105: ='Assumptions'!$B$25*('Assumptions'!$B$44+'Assumptions'!$B$5/'Assumptions'!$B$25)/('Assumptions'!$B$44+'Assumptions'!$B$5/$B$105) | H105: ='Assumptions'!$B$38*'Assumptions'!$B$26/$G$105 | I105: =$H$105-'Assumptions'!$B$39 | J105: =MAX(0,'Assumptions'!$B$65*$V$104-'Assumptions'!$B$43) | K105: ='Assumptions'!$B$44+$J$105+$F$105+$I$105+$T$104 | L105: ='Assumptions'!$B$57/$K$105 | M105: =$B$105*(1-'Assumptions'!$B$58) | N105: =MIN($L$105,$M$105) | O105: ='Assumptions'!$B$56/$N$105 | P105: ='Assumptions'!$B$44+$J$105+$F$105+$I$105+$O$105 | Q105: ='Assumptions'!$B$60/$P$105 | R105: =$B$105*(1-'Assumptions'!$B$61) | S105: =MIN($Q$105,$R$105) | T105: ='Assumptions'!$B$59/$S$105 | U105: ='Assumptions'!$B$44+$J$105+$F$105+$I$105+$O$105+$T$105 | V105: =$U$105+$C$105
A106: 9 | B106: ='Assumptions'!$B$67/$U$105 | C106: ='Assumptions'!$B$5/$B$106 | D106: ='Assumptions'!$B$27*('Assumptions'!$B$44+'Assumptions'!$B$5/'Assumptions'!$B$27)/('Assumptions'!$B$44+'Assumptions'!$B$5/$B$106) | E106: ='Assumptions'!$B$40*'Assumptions'!$B$27/$D$106 | F106: =$E$106-'Assumptions'!$B$40 | G106: ='Assumptions'!$B$25*('Assumptions'!$B$44+'Assumptions'!$B$5/'Assumptions'!$B$25)/('Assumptions'!$B$44+'Assumptions'!$B$5/$B$106) | H106: ='Assumptions'!$B$38*'Assumptions'!$B$26/$G$106 | I106: =$H$106-'Assumptions'!$B$39 | J106: =MAX(0,'Assumptions'!$B$65*$V$105-'Assumptions'!$B$43) | K106: ='Assumptions'!$B$44+$J$106+$F$106+$I$106+$T$105 | L106: ='Assumptions'!$B$57/$K$106 | M106: =$B$106*(1-'Assumptions'!$B$58) | N106: =MIN($L$106,$M$106) | O106: ='Assumptions'!$B$56/$N$106 | P106: ='Assumptions'!$B$44+$J$106+$F$106+$I$106+$O$106 | Q106: ='Assumptions'!$B$60/$P$106 | R106: =$B$106*(1-'Assumptions'!$B$61) | S106: =MIN($Q$106,$R$106) | T106: ='Assumptions'!$B$59/$S$106 | U106: ='Assumptions'!$B$44+$J$106+$F$106+$I$106+$O$106+$T$106 | V106: =$U$106+$C$106
A107: 10 | B107: ='Assumptions'!$B$67/$U$106 | C107: ='Assumptions'!$B$5/$B$107 | D107: ='Assumptions'!$B$27*('Assumptions'!$B$44+'Assumptions'!$B$5/'Assumptions'!$B$27)/('Assumptions'!$B$44+'Assumptions'!$B$5/$B$107) | E107: ='Assumptions'!$B$40*'Assumptions'!$B$27/$D$107 | F107: =$E$107-'Assumptions'!$B$40 | G107: ='Assumptions'!$B$25*('Assumptions'!$B$44+'Assumptions'!$B$5/'Assumptions'!$B$25)/('Assumptions'!$B$44+'Assumptions'!$B$5/$B$107) | H107: ='Assumptions'!$B$38*'Assumptions'!$B$26/$G$107 | I107: =$H$107-'Assumptions'!$B$39 | J107: =MAX(0,'Assumptions'!$B$65*$V$106-'Assumptions'!$B$43) | K107: ='Assumptions'!$B$44+$J$107+$F$107+$I$107+$T$106 | L107: ='Assumptions'!$B$57/$K$107 | M107: =$B$107*(1-'Assumptions'!$B$58) | N107: =MIN($L$107,$M$107) | O107: ='Assumptions'!$B$56/$N$107 | P107: ='Assumptions'!$B$44+$J$107+$F$107+$I$107+$O$107 | Q107: ='Assumptions'!$B$60/$P$107 | R107: =$B$107*(1-'Assumptions'!$B$61) | S107: =MIN($Q$107,$R$107) | T107: ='Assumptions'!$B$59/$S$107 | U107: ='Assumptions'!$B$44+$J$107+$F$107+$I$107+$O$107+$T$107 | V107: =$U$107+$C$107
A108: 11 | B108: ='Assumptions'!$B$67/$U$107 | C108: ='Assumptions'!$B$5/$B$108 | D108: ='Assumptions'!$B$27*('Assumptions'!$B$44+'Assumptions'!$B$5/'Assumptions'!$B$27)/('Assumptions'!$B$44+'Assumptions'!$B$5/$B$108) | E108: ='Assumptions'!$B$40*'Assumptions'!$B$27/$D$108 | F108: =$E$108-'Assumptions'!$B$40 | G108: ='Assumptions'!$B$25*('Assumptions'!$B$44+'Assumptions'!$B$5/'Assumptions'!$B$25)/('Assumptions'!$B$44+'Assumptions'!$B$5/$B$108) | H108: ='Assumptions'!$B$38*'Assumptions'!$B$26/$G$108 | I108: =$H$108-'Assumptions'!$B$39 | J108: =MAX(0,'Assumptions'!$B$65*$V$107-'Assumptions'!$B$43) | K108: ='Assumptions'!$B$44+$J$108+$F$108+$I$108+$T$107 | L108: ='Assumptions'!$B$57/$K$108 | M108: =$B$108*(1-'Assumptions'!$B$58) | N108: =MIN($L$108,$M$108) | O108: ='Assumptions'!$B$56/$N$108 | P108: ='Assumptions'!$B$44+$J$108+$F$108+$I$108+$O$108 | Q108: ='Assumptions'!$B$60/$P$108 | R108: =$B$108*(1-'Assumptions'!$B$61) | S108: =MIN($Q$108,$R$108) | T108: ='Assumptions'!$B$59/$S$108 | U108: ='Assumptions'!$B$44+$J$108+$F$108+$I$108+$O$108+$T$108 | V108: =$U$108+$C$108
A109: 12 | B109: ='Assumptions'!$B$67/$U$108 | C109: ='Assumptions'!$B$5/$B$109 | D109: ='Assumptions'!$B$27*('Assumptions'!$B$44+'Assumptions'!$B$5/'Assumptions'!$B$27)/('Assumptions'!$B$44+'Assumptions'!$B$5/$B$109) | E109: ='Assumptions'!$B$40*'Assumptions'!$B$27/$D$109 | F109: =$E$109-'Assumptions'!$B$40 | G109: ='Assumptions'!$B$25*('Assumptions'!$B$44+'Assumptions'!$B$5/'Assumptions'!$B$25)/('Assumptions'!$B$44+'Assumptions'!$B$5/$B$109) | H109: ='Assumptions'!$B$38*'Assumptions'!$B$26/$G$109 | I109: =$H$109-'Assumptions'!$B$39 | J109: =MAX(0,'Assumptions'!$B$65*$V$108-'Assumptions'!$B$43) | K109: ='Assumptions'!$B$44+$J$109+$F$109+$I$109+$T$108 | L109: ='Assumptions'!$B$57/$K$109 | M109: =$B$109*(1-'Assumptions'!$B$58) | N109: =MIN($L$109,$M$109) | O109: ='Assumptions'!$B$56/$N$109 | P109: ='Assumptions'!$B$44+$J$109+$F$109+$I$109+$O$109 | Q109: ='Assumptions'!$B$60/$P$109 | R109: =$B$109*(1-'Assumptions'!$B$61) | S109: =MIN($Q$109,$R$109) | T109: ='Assumptions'!$B$59/$S$109 | U109: ='Assumptions'!$B$44+$J$109+$F$109+$I$109+$O$109+$T$109 | V109: =$U$109+$C$109
A110: 13 | B110: ='Assumptions'!$B$67/$U$109 | C110: ='Assumptions'!$B$5/$B$110 | D110: ='Assumptions'!$B$27*('Assumptions'!$B$44+'Assumptions'!$B$5/'Assumptions'!$B$27)/('Assumptions'!$B$44+'Assumptions'!$B$5/$B$110) | E110: ='Assumptions'!$B$40*'Assumptions'!$B$27/$D$110 | F110: =$E$110-'Assumptions'!$B$40 | G110: ='Assumptions'!$B$25*('Assumptions'!$B$44+'Assumptions'!$B$5/'Assumptions'!$B$25)/('Assumptions'!$B$44+'Assumptions'!$B$5/$B$110) | H110: ='Assumptions'!$B$38*'Assumptions'!$B$26/$G$110 | I110: =$H$110-'Assumptions'!$B$39 | J110: =MAX(0,'Assumptions'!$B$65*$V$109-'Assumptions'!$B$43) | K110: ='Assumptions'!$B$44+$J$110+$F$110+$I$110+$T$109 | L110: ='Assumptions'!$B$57/$K$110 | M110: =$B$110*(1-'Assumptions'!$B$58) | N110: =MIN($L$110,$M$110) | O110: ='Assumptions'!$B$56/$N$110 | P110: ='Assumptions'!$B$44+$J$110+$F$110+$I$110+$O$110 | Q110: ='Assumptions'!$B$60/$P$110 | R110: =$B$110*(1-'Assumptions'!$B$61) | S110: =MIN($Q$110,$R$110) | T110: ='Assumptions'!$B$59/$S$110 | U110: ='Assumptions'!$B$44+$J$110+$F$110+$I$110+$O$110+$T$110 | V110: =$U$110+$C$110
A111: 14 | B111: ='Assumptions'!$B$67/$U$110 | C111: ='Assumptions'!$B$5/$B$111 | D111: ='Assumptions'!$B$27*('Assumptions'!$B$44+'Assumptions'!$B$5/'Assumptions'!$B$27)/('Assumptions'!$B$44+'Assumptions'!$B$5/$B$111) | E111: ='Assumptions'!$B$40*'Assumptions'!$B$27/$D$111 | F111: =$E$111-'Assumptions'!$B$40 | G111: ='Assumptions'!$B$25*('Assumptions'!$B$44+'Assumptions'!$B$5/'Assumptions'!$B$25)/('Assumptions'!$B$44+'Assumptions'!$B$5/$B$111) | H111: ='Assumptions'!$B$38*'Assumptions'!$B$26/$G$111 | I111: =$H$111-'Assumptions'!$B$39 | J111: =MAX(0,'Assumptions'!$B$65*$V$110-'Assumptions'!$B$43) | K111: ='Assumptions'!$B$44+$J$111+$F$111+$I$111+$T$110 | L111: ='Assumptions'!$B$57/$K$111 | M111: =$B$111*(1-'Assumptions'!$B$58) | N111: =MIN($L$111,$M$111) | O111: ='Assumptions'!$B$56/$N$111 | P111: ='Assumptions'!$B$44+$J$111+$F$111+$I$111+$O$111 | Q111: ='Assumptions'!$B$60/$P$111 | R111: =$B$111*(1-'Assumptions'!$B$61) | S111: =MIN($Q$111,$R$111) | T111: ='Assumptions'!$B$59/$S$111 | U111: ='Assumptions'!$B$44+$J$111+$F$111+$I$111+$O$111+$T$111 | V111: =$U$111+$C$111
A112: 15 | B112: ='Assumptions'!$B$67/$U$111 | C112: ='Assumptions'!$B$5/$B$112 | D112: ='Assumptions'!$B$27*('Assumptions'!$B$44+'Assumptions'!$B$5/'Assumptions'!$B$27)/('Assumptions'!$B$44+'Assumptions'!$B$5/$B$112) | E112: ='Assumptions'!$B$40*'Assumptions'!$B$27/$D$112 | F112: =$E$112-'Assumptions'!$B$40 | G112: ='Assumptions'!$B$25*('Assumptions'!$B$44+'Assumptions'!$B$5/'Assumptions'!$B$25)/('Assumptions'!$B$44+'Assumptions'!$B$5/$B$112) | H112: ='Assumptions'!$B$38*'Assumptions'!$B$26/$G$112 | I112: =$H$112-'Assumptions'!$B$39 | J112: =MAX(0,'Assumptions'!$B$65*$V$111-'Assumptions'!$B$43) | K112: ='Assumptions'!$B$44+$J$112+$F$112+$I$112+$T$111 | L112: ='Assumptions'!$B$57/$K$112 | M112: =$B$112*(1-'Assumptions'!$B$58) | N112: =MIN($L$112,$M$112) | O112: ='Assumptions'!$B$56/$N$112 | P112: ='Assumptions'!$B$44+$J$112+$F$112+$I$112+$O$112 | Q112: ='Assumptions'!$B$60/$P$112 | R112: =$B$112*(1-'Assumptions'!$B$61) | S112: =MIN($Q$112,$R$112) | T112: ='Assumptions'!$B$59/$S$112 | U112: ='Assumptions'!$B$44+$J$112+$F$112+$I$112+$O$112+$T$112 | V112: =$U$112+$C$112 | W112: =IF('Sensitivity'!$L$112<'Sensitivity'!$M$112,"cap","discount") | X112: =IF('Sensitivity'!$Q$112<'Sensitivity'!$R$112,"cap","discount")
A115: Cell (13%, $1.4B)
A116: Iter | B116: F_PPS | C116: F_prim_shares | D116: NCP_E | E116: new_E_shares | F116: AD_inc_E | G116: NCP_D | H116: new_D_shares | I116: AD_inc_D | J116: ESOP_topup | K116: cap_FD_A | L116: cap_pps_A | M116: disc_pps_A | N116: conv_pps_A | O116: N_A | P116: cap_FD_B | Q116: cap_pps_B | R116: disc_pps_B | S116: conv_pps_B | T116: N_B | U116: pre_money_FD | V116: T_F
...

Sheet Return-Solver
A1: Return-Solver — F ownership % needed for 3× and 4× on $10M
A2: Approach: assume F converts; OTHER classes' elections from base-case Waterfall hold; solve closed form.
B3: Exit 1 ($700M) | C3: Exit 2 ($1.2B) | D3: Exit 3 ($2B) | E3: Exit 4 ($4B) | F3: Exit 5 ($8B)
A4: Exit value | B4: ='Assumptions'!$B$14 | C4: ='Assumptions'!$B$15 | D4: ='Assumptions'!$B$16 | E4: ='Assumptions'!$B$17 | F4: ='Assumptions'!$B$18
A5: Others' pref total (sum of pref electors) | B5: =IF('Waterfall'!B49="preference",'Waterfall'!$B$21,0)+IF('Waterfall'!B61="preference",'Waterfall'!$B$22,0)+IF('Waterfall'!B73="preference",'Waterfall'!$B$23,0)+IF('Waterfall'!B85="preference",'Waterfall'!$B$24,0)+IF('Waterfall'!B97="preference",'Waterfall'!$B$25,0)+IF('Waterfall'!B109="preference",'Waterfall'!$B$26,0) | C5: =IF('Waterfall'!C49="preference",'Waterfall'!$B$21,0)+IF('Waterfall'!C61="preference",'Waterfall'!$B$22,0)+IF('Waterfall'!C73="preference",'Waterfall'!$B$23,0)+IF('Waterfall'!C85="preference",'Waterfall'!$B$24,0)+IF('Waterfall'!C97="preference",'Waterfall'!$B$25,0)+IF('Waterfall'!C109="preference",'Waterfall'!$B$26,0) | D5: =IF('Waterfall'!D49="preference",'Waterfall'!$B$21,0)+IF('Waterfall'!D61="preference",'Waterfall'!$B$22,0)+IF('Waterfall'!D73="preference",'Waterfall'!$B$23,0)+IF('Waterfall'!D85="preference",'Waterfall'!$B$24,0)+IF('Waterfall'!D97="preference",'Waterfall'!$B$25,0)+IF('Waterfall'!D109="preference",'Waterfall'!$B$26,0) | E5: =IF('Waterfall'!E49="preference",'Waterfall'!$B$21,0)+IF('Waterfall'!E61="preference",'Waterfall'!$B$22,0)+IF('Waterfall'!E73="preference",'Waterfall'!$B$23,0)+IF('Waterfall'!E85="preference",'Waterfall'!$B$24,0)+IF('Waterfall'!E97="preference",'Waterfall'!$B$25,0)+IF('Waterfall'!E109="preference",'Waterfall'!$B$26,0) | F5: =IF('Waterfall'!F49="preference",'Waterfall'!$B$21,0)+IF('Waterfall'!F61="preference",'Waterfall'!$B$22,0)+IF('Waterfall'!F73="preference",'Waterfall'!$B$23,0)+IF('Waterfall'!F85="preference",'Waterfall'!$B$24,0)+IF('Waterfall'!F97="preference",'Waterfall'!$B$25,0)+IF('Waterfall'!F109="preference",'Waterfall'!$B$26,0)
A6: Others' convert pool (sum of conv shares + common + notes + issued opts) | B6: =IF('Waterfall'!B49="convert",'Waterfall'!$B$12,0)+IF('Waterfall'!B61="convert",'Waterfall'!$B$13,0)+IF('Waterfall'!B73="convert",'Waterfall'!$B$14,0)+IF('Waterfall'!B85="convert",'Waterfall'!$B$15,0)+IF('Waterfall'!B97="convert",'Waterfall'!$B$16,0)+IF('Waterfall'!B109="convert",'Waterfall'!$B$17,0)+'Waterfall'!$B$6+'Waterfall'!$B$7+'Waterfall'!$B$8 | C6: =IF('Waterfall'!C49="convert",'Waterfall'!$B$12,0)+IF('Waterfall'!C61="convert",'Waterfall'!$B$13,0)+IF('Waterfall'!C73="convert",'Waterfall'!$B$14,0)+IF('Waterfall'!C85="convert",'Waterfall'!$B$15,0)+IF('Waterfall'!C97="convert",'Waterfall'!$B$16,0)+IF('Waterfall'!C109="convert",'Waterfall'!$B$17,0)+'Waterfall'!$B$6+'Waterfall'!$B$7+'Waterfall'!$B$8 | D6: =IF('Waterfall'!D49="convert",'Waterfall'!$B$12,0)+IF('Waterfall'!D61="convert",'Waterfall'!$B$13,0)+IF('Waterfall'!D73="convert",'Waterfall'!$B$14,0)+IF('Waterfall'!D85="convert",'Waterfall'!$B$15,0)+IF('Waterfall'!D97="convert",'Waterfall'!$B$16,0)+IF('Waterfall'!D109="convert",'Waterfall'!$B$17,0)+'Waterfall'!$B$6+'Waterfall'!$B$7+'Waterfall'!$B$8 | E6: =IF('Waterfall'!E49="convert",'Waterfall'!$B$12,0)+IF('Waterfall'!E61="convert",'Waterfall'!$B$13,0)+IF('Waterfall'!E73="convert",'Waterfall'!$B$14,0)+IF('Waterfall'!E85="convert",'Waterfall'!$B$15,0)+IF('Waterfall'!E97="convert",'Waterfall'!$B$16,0)+IF('Waterfall'!E109="convert",'Waterfall'!$B$17,0)+'Waterfall'!$B$6+'Waterfall'!$B$7+'Waterfall'!$B$8 | F6: =IF('Waterfall'!F49="convert",'Waterfall'!$B$12,0)+IF('Waterfall'!F61="convert",'Waterfall'!$B$13,0)+IF('Waterfall'!F73="convert",'Waterfall'!$B$14,0)+IF('Waterfall'!F85="convert",'Waterfall'!$B$15,0)+IF('Waterfall'!F97="convert",'Waterfall'!$B$16,0)+IF('Waterfall'!F109="convert",'Waterfall'!$B$17,0)+'Waterfall'!$B$6+'Waterfall'!$B$7+'Waterfall'!$B$8
A7: Residual R = exit + strike*opts − others' pref total | B7: ='Assumptions'!$B$14+'Assumptions'!$B$11*'Waterfall'!$B$8-B5 | C7: ='Assumptions'!$B$15+'Assumptions'!$B$11*'Waterfall'!$B$8-C5 | D7: ='Assumptions'!$B$16+'Assumptions'!$B$11*'Waterfall'!$B$8-D5 | E7: ='Assumptions'!$B$17+'Assumptions'!$B$11*'Waterfall'!$B$8-E5 | F7: ='Assumptions'!$B$18+'Assumptions'!$B$11*'Waterfall'!$B$8-F5
A8: Pre-F portion of FD (base-case pre_money_FD) | B8: ='Pro-Forma'!$U$20 | C8: ='Pro-Forma'!$U$20 | D8: ='Pro-Forma'!$U$20 | E8: ='Pro-Forma'!$U$20 | F8: ='Pro-Forma'!$U$20
A10: TARGET 3× ($30M to us → F class needs $90M)
A11: Required F class payoff (3× × 3 = 9× × $10M) | B11: ='Assumptions'!$B$72*3*'Assumptions'!$B$9 | C11: ='Assumptions'!$B$72*3*'Assumptions'!$B$9 | D11: ='Assumptions'!$B$72*3*'Assumptions'!$B$9 | E11: ='Assumptions'!$B$72*3*'Assumptions'!$B$9 | F11: ='Assumptions'!$B$72*3*'Assumptions'!$B$9
A12: F_shares needed (closed form) | B12: =IFERROR(B11*B6/(B7-B11),NA()) | C12: =IFERROR(C11*C6/(C7-C11),NA()) | D12: =IFERROR(D11*D6/(D7-D11),NA()) | E12: =IFERROR(E11*E6/(E7-E11),NA()) | F12: =IFERROR(F11*F6/(F7-F11),NA())
A13: F ownership % (= F_shares / (F_shares + pre_F_other)) | B13: =IF(OR(B7<=B11,B12<=0),"INFEASIBLE",IF(B12/(B12+B8)>1,"INFEASIBLE",B12/(B12+B8))) | C13: =IF(OR(C7<=C11,C12<=0),"INFEASIBLE",IF(C12/(C12+C8)>1,"INFEASIBLE",C12/(C12+C8))) | D13: =IF(OR(D7<=D11,D12<=0),"INFEASIBLE",IF(D12/(D12+D8)>1,"INFEASIBLE",D12/(D12+D8))) | E13: =IF(OR(E7<=E11,E12<=0),"INFEASIBLE",IF(E12/(E12+E8)>1,"INFEASIBLE",E12/(E12+E8))) | F13: =IF(OR(F7<=F11,F12<=0),"INFEASIBLE",IF(F12/(F12+F8)>1,"INFEASIBLE",F12/(F12+F8)))
A14: Sanity: implied our payoff @ that F_pct | B14: =IF(ISNUMBER(B13),(B12/(B12+B6))*B7/3,"—") | C14: =IF(ISNUMBER(C13),(C12/(C12+C6))*C7/3,"—") | D14: =IF(ISNUMBER(D13),(D12/(D12+D6))*D7/3,"—") | E14: =IF(ISNUMBER(E13),(E12/(E12+E6))*E7/3,"—") | F14: =IF(ISNUMBER(F13),(F12/(F12+F6))*F7/3,"—")
A16: TARGET 4× ($40M to us → F class needs $120M)
A17: Required F class payoff (4× × 3 = 12× × $10M) | B17: ='Assumptions'!$B$73*3*'Assumptions'!$B$9 | C17: ='Assumptions'!$B$73*3*'Assumptions'!$B$9 | D17: ='Assumptions'!$B$73*3*'Assumptions'!$B$9 | E17: ='Assumptions'!$B$73*3*'Assumptions'!$B$9 | F17: ='Assumptions'!$B$73*3*'Assumptions'!$B$9
A18: F_shares needed | B18: =IFERROR(B17*B6/(B7-B17),NA()) | C18: =IFERROR(C17*C6/(C7-C17),NA()) | D18: =IFERROR(D17*D6/(D7-D17),NA()) | E18: =IFERROR(E17*E6/(E7-E17),NA()) | F18: =IFERROR(F17*F6/(F7-F17),NA())
A19: F ownership % (4×) | B19: =IF(OR(B7<=B17,B18<=0),"INFEASIBLE",IF(B18/(B18+B8)>1,"INFEASIBLE",B18/(B18+B8))) | C19: =IF(OR(C7<=C17,C18<=0),"INFEASIBLE",IF(C18/(C18+C8)>1,"INFEASIBLE",C18/(C18+C8))) | D19: =IF(OR(D7<=D17,D18<=0),"INFEASIBLE",IF(D18/(D18+D8)>1,"INFEASIBLE",D18/(D18+D8))) | E19: =IF(OR(E7<=E17,E18<=0),"INFEASIBLE",IF(E18/(E18+E8)>1,"INFEASIBLE",E18/(E18+E8))) | F19: =IF(OR(F7<=F17,F18<=0),"INFEASIBLE",IF(F18/(F18+F8)>1,"INFEASIBLE",F18/(F18+F8)))
A20: Sanity: implied our payoff @ that F_pct (4×) | B20: =IF(ISNUMBER(B19),(B18/(B18+B6))*B7/3,"—") | C20: =IF(ISNUMBER(C19),(C18/(C18+C6))*C7/3,"—") | D20: =IF(ISNUMBER(D19),(D18/(D18+D6))*D7/3,"—") | E20: =IF(ISNUMBER(E19),(E18/(E18+E6))*E7/3,"—") | F20: =IF(ISNUMBER(F19),(F18/(F18+F6))*F7/3,"—")
A22: Note: At low exits ($700M), F's preference alone returns $10M = 1×; therefore F MUST convert to reach 3× or 4×.
A23: INFEASIBLE flagged when residual ≤ required F class payoff or implied ownership > 100%.
