Workbook

Sheet Assumptions
A1: LABEL | B1: VALUE | C1: UNITS
A2: Series F pre-money | B2: 1400000000 | C2: USD
A3: Series F primary raise | B3: 30000000 | C3: USD
A4: Series F secondary raise | B4: 15000000 | C4: USD
A5: Tender PPS multiplier | B5: 0.85 | C5: fraction
A6: ESOP refresh target post-F | B6: 0.13 | C6: fraction of post-F FD
A7: Exit value 1 | B7: 700000000 | C7: USD
A8: Exit value 2 | B8: 1200000000 | C8: USD
A9: Exit value 3 | B9: 2000000000 | C9: USD
A10: Exit value 4 | B10: 4000000000 | C10: USD
A11: Exit value 5 | B11: 8000000000 | C11: USD
A12: Our fund check size | B12: 10000000 | C12: USD
A13: F_LEAD primary check size | B13: 20000000 | C13: USD
... A51: Return target multiple 4x | B51: 4 | C51: multiple

Sheet Pro-Forma
A1: PRO-FORMA — Series F closing
A3: ROUND CLOSING (closed-form fixed point)
A4: X_pos (assuming ESOP top-up > 0) | B4: =((Assumptions!$B$28-(Assumptions!$B$32*(Assumptions!$B$3/Assumptions!$B$18)/(Assumptions!$B$28+Assumptions!$B$3/Assumptions!$B$18))-(Assumptions!$B$34*(Assumptions!$B$3/Assumptions!$B$20)/(Assumptions!$B$28+Assumptions!$B$3/Assumptions!$B$20))-Assumptions!$B$29)/(1-(Assumptions!$B$32*Assumptions!$B$3/(Assumptions!$B$2*(Assumptions!$B$28+Assumptions!$B$3/Assumptions!$B$18)))-(Assumptions!$B$34*Assumptions!$B$3/(Assumptions!$B$2*(Assumptions!$B$28+Assumptions!$B$3/Assumptions!$B$20)))-(Assumptions!$B$6*(1+Assumptions!$B$3/Assumptions!$B$2))-IF((Assumptions!$B$23+Assumptions!$B$22)<Assumptions!$B$2*(1-Assumptions!$B$24),Assumptions!$B$22/(Assumptions!$B$23+Assumptions!$B$22),Assumptions!$B$22/(Assumptions!$B$2*(1-Assumptions!$B$24)))-IF((Assumptions!$B$26+Assumptions!$B$25)<Assumptions!$B$2*(1-Assumptions!$B$27),Assumptions!$B$25/(Assumptions!$B$26+Assumptions!$B$25),Assumptions!$B$25/(Assumptions!$B$2*(1-Assumptions!$B$27)))))
A5: X_zero (assuming ESOP top-up = 0) | B5: =((Assumptions!$B$28-(Assumptions!$B$32*(Assumptions!$B$3/Assumptions!$B$18)/(Assumptions!$B$28+Assumptions!$B$3/Assumptions!$B$18))-(Assumptions!$B$34*(Assumptions!$B$3/Assumptions!$B$20)/(Assumptions!$B$28+Assumptions!$B$3/Assumptions!$B$20)))/(1-(Assumptions!$B$32*Assumptions!$B$3/(Assumptions!$B$2*(Assumptions!$B$28+Assumptions!$B$3/Assumptions!$B$18)))-(Assumptions!$B$34*Assumptions!$B$3/(Assumptions!$B$2*(Assumptions!$B$28+Assumptions!$B$3/Assumptions!$B$20)))-IF((Assumptions!$B$23+Assumptions!$B$22)<Assumptions!$B$2*(1-Assumptions!$B$24),Assumptions!$B$22/(Assumptions!$B$23+Assumptions!$B$22),Assumptions!$B$22/(Assumptions!$B$2*(1-Assumptions!$B$24)))-IF((Assumptions!$B$26+Assumptions!$B$25)<Assumptions!$B$2*(1-Assumptions!$B$27),Assumptions!$B$25/(Assumptions!$B$26+Assumptions!$B$25),Assumptions!$B$25/(Assumptions!$B$2*(1-Assumptions!$B$27)))))
A6: gamma (= esop_target * (1+P/M)) | B6: =(Assumptions!$B$6*(1+Assumptions!$B$3/Assumptions!$B$2))
A7: Pre-money FD (X) — chosen | B7: =IF(B6*B4>Assumptions!$B$29,B4,B5)
A8: F PPS | B8: =Assumptions!$B$2/B7
A9: F primary new shares (= P / F_PPS) | B9: =Assumptions!$B$3/B8
A10: Post-F FD (T_F = X + F primary) | B10: =B7+B9
A11: ESOP top-up shares (= MAX(0, esop_target*T_F - pre_pool)) | B11: =MAX(0,Assumptions!$B$6*B10-Assumptions!$B$29)
A12: Series D additional shares (v4 AD) | B12: =(Assumptions!$B$32*Assumptions!$B$3/(Assumptions!$B$2*(Assumptions!$B$28+Assumptions!$B$3/Assumptions!$B$18)))*B7-(Assumptions!$B$32*(Assumptions!$B$3/Assumptions!$B$18)/(Assumptions!$B$28+Assumptions!$B$3/Assumptions!$B$18))
A13: Series E additional shares (v4 AD) | B13: =(Assumptions!$B$34*Assumptions!$B$3/(Assumptions!$B$2*(Assumptions!$B$28+Assumptions!$B$3/Assumptions!$B$20)))*B7-(Assumptions!$B$34*(Assumptions!$B$3/Assumptions!$B$20)/(Assumptions!$B$28+Assumptions!$B$3/Assumptions!$B$20))
A14: D shares post-F (= D_pre + dD) | B14: =Assumptions!$B$32+B12
A15: E shares post-F (= E_pre + dE) | B15: =Assumptions!$B$34+B13
A16: Tender shares (= secondary / (mult * F_PPS)) | B16: =Assumptions!$B$4/(Assumptions!$B$5*B8)
A17: F_LEAD primary shares (= 20M / F_PPS) | B17: =Assumptions!$B$13/B8
A19: ANTI-DILUTION BLOCK (broad-based weighted-average)
A20: Class | B20: OCP | C20: F PPS | D20: Triggered | E20: NCP | F20: New ratio | G20: As-converted shares
A21: Seed | B21: =Assumptions!$B$14 | C21: =$B$8 | D21: =IF($B$8<Assumptions!$B$14,"yes","no") | E21: =IF($B$8<Assumptions!$B$14,Assumptions!$B$14*(Assumptions!$B$28+Assumptions!$B$3/Assumptions!$B$14)/(Assumptions!$B$28+Assumptions!$B$3/$B$8),Assumptions!$B$14) | F21: =IF($B$8<Assumptions!$B$14,Assumptions!$B$14/E21,1) | G21: =Assumptions!$B$35*F21
A22: Series A | B22: =Assumptions!$B$15 | C22: =$B$8 | D22: =IF($B$8<Assumptions!$B$15,"yes","no") | E22: =IF($B$8<Assumptions!$B$15,Assumptions!$B$15*(Assumptions!$B$28+Assumptions!$B$3/Assumptions!$B$15)/(Assumptions!$B$28+Assumptions!$B$3/$B$8),Assumptions!$B$15) | F22: =IF($B$8<Assumptions!$B$15,Assumptions!$B$15/E22,1) | G22: =Assumptions!$B$36*F22
A23: Series B | B23: =Assumptions!$B$16 | C23: =$B$8 | D23: =IF($B$8<Assumptions!$B$16,"yes","no") | E23: =IF($B$8<Assumptions!$B$16,Assumptions!$B$16*(Assumptions!$B$28+Assumptions!$B$3/Assumptions!$B$16)/(Assumptions!$B$28+Assumptions!$B$3/$B$8),Assumptions!$B$16) | F23: =IF($B$8<Assumptions!$B$16,Assumptions!$B$16/E23,1) | G23: =Assumptions!$B$37*F23
A24: Series C | B24: =Assumptions!$B$17 | C24: =$B$8 | D24: =IF($B$8<Assumptions!$B$17,"yes","no") | E24: =IF($B$8<Assumptions!$B$17,Assumptions!$B$17*(Assumptions!$B$28+Assumptions!$B$3/Assumptions!$B$17)/(Assumptions!$B$28+Assumptions!$B$3/$B$8),Assumptions!$B$17) | F24: =IF($B$8<Assumptions!$B$17,Assumptions!$B$17/E24,1) | G24: =Assumptions!$B$38*F24
A25: Series D | B25: =Assumptions!$B$18 | C25: =$B$8 | D25: =IF($B$8<Assumptions!$B$18,"yes","no") | E25: =IF($B$8<Assumptions!$B$18,Assumptions!$B$18*(Assumptions!$B$28+Assumptions!$B$3/Assumptions!$B$18)/(Assumptions!$B$28+Assumptions!$B$3/$B$8),Assumptions!$B$18) | F25: =IF($B$8<Assumptions!$B$18,Assumptions!$B$19/E25,Assumptions!$B$19/Assumptions!$B$18) | G25: =Assumptions!$B$33*F25
A26: Series E | B26: =Assumptions!$B$20 | C26: =$B$8 | D26: =IF($B$8<Assumptions!$B$20,"yes","no") | E26: =IF($B$8<Assumptions!$B$20,Assumptions!$B$20*(Assumptions!$B$28+Assumptions!$B$3/Assumptions!$B$20)/(Assumptions!$B$28+Assumptions!$B$3/$B$8),Assumptions!$B$20) | F26: =IF($B$8<Assumptions!$B$20,Assumptions!$B$20/E26,1) | G26: =Assumptions!$B$34*F26
A29: NOTES BLOCK
A30: Note | B30: Principal | C30: Cap | D30: Discount | E30: Cap-implied PPS | F30: Disc-implied PPS | G30: Conv PPS (min) | H30: Branch | I30: Shares issued
A31: Note A | B31: =Assumptions!$B$22 | C31: =Assumptions!$B$23 | D31: =Assumptions!$B$24 | E31: =Assumptions!$B$23/($B$7-I31) | F31: =$B$8*(1-Assumptions!$B$24) | G31: =MIN(E31,F31) | H31: =IF(E31<F31,"cap","discount") | I31: =$B$7*IF((Assumptions!$B$23+Assumptions!$B$22)<Assumptions!$B$2*(1-Assumptions!$B$24),Assumptions!$B$22/(Assumptions!$B$23+Assumptions!$B$22),Assumptions!$B$22/(Assumptions!$B$2*(1-Assumptions!$B$24)))
A32: Note B | B32: =Assumptions!$B$25 | C32: =Assumptions!$B$26 | D32: =Assumptions!$B$27 | E32: =Assumptions!$B$26/($B$7-I32) | F32: =$B$8*(1-Assumptions!$B$27) | G32: =MIN(E32,F32) | H32: =IF(E32<F32,"cap","discount") | I32: =$B$7*IF((Assumptions!$B$26+Assumptions!$B$25)<Assumptions!$B$2*(1-Assumptions!$B$27),Assumptions!$B$25/(Assumptions!$B$26+Assumptions!$B$25),Assumptions!$B$25/(Assumptions!$B$2*(1-Assumptions!$B$27)))
A34: TENDER BLOCK
A35: Tender shares (= secondary / (mult * F_PPS)) | B35: =Assumptions!$B$4/(Assumptions!$B$5*$B$8)
A36: Founder F1 tender share-out (50%) | B36: =B35*(Assumptions!$B$39/(Assumptions!$B$39+Assumptions!$B$40+Assumptions!$B$41))
A37: Founder F2 tender share-out (31.25%) | B37: =B35*(Assumptions!$B$40/(Assumptions!$B$39+Assumptions!$B$40+Assumptions!$B$41))
A38: Founder F3 tender share-out (18.75%) | B38: =B35*(Assumptions!$B$41/(Assumptions!$B$39+Assumptions!$B$40+Assumptions!$B$41))
A39: F_LEAD secondary common (= tender shares) | B39: =B35
A41: POST-F CAP TABLE BY STAKEHOLDER × SECURITY CLASS
A42: Stakeholder | B42: Common | C42: Seed | D42: A | E42: B | F42: C | G42: D | H42: E | I42: F | J42: Note A | K42: Note B | L42: Total | M42: Ownership %
A43: F1 (CEO) | B43: =Assumptions!$B$39-B36 | C43: 0 | D43: 0 | E43: 0 | F43: 0 | G43: 0 | H43: 0 | I43: 0 | J43: 0 | K43: 0 | L43: =SUM(B43:K43) | M43: =L43/$L$59
A44: F2 (CTO) | B44: =Assumptions!$B$40-B37 | C44: 0 | D44: 0 | E44: 0 | F44: 0 | G44: 0 | H44: 0 | I44: 0 | J44: 0 | K44: 0 | L44: =SUM(B44:K44) | M44: =L44/$L$59
A45: F3 (Chief Sci.) | B45: =Assumptions!$B$41-B38 | C45: 0 | D45: 0 | E45: 0 | F45: 0 | G45: 0 | H45: 0 | I45: 0 | J45: 0 | K45: 0 | L45: =SUM(B45:K45) | M45: =L45/$L$59
A46: Employee RSAs | B46: =Assumptions!$B$42 | C46: 0 | D46: 0 | E46: 0 | F46: 0 | G46: 0 | H46: 0 | I46: 0 | J46: 0 | K46: 0 | L46: =SUM(B46:K46) | M46: =L46/$L$59
A47: SEED1 | B47: 0 | C47: =Assumptions!$B$35 | D47: 0 | E47: 0 | F47: 0 | G47: 0 | H47: 0 | I47: 0 | J47: 0 | K47: 0 | L47: =SUM(B47:K47) | M47: =L47/$L$59
A48: A1 | B48: 0 | C48: 0 | D48: =Assumptions!$B$36 | E48: 0 | F48: 0 | G48: 0 | H48: 0 | I48: 0 | J48: 0 | K48: 0 | L48: =SUM(B48:K48) | M48: =L48/$L$59
A49: B1 | B49: 0 | C49: 0 | D49: 0 | E49: =Assumptions!$B$37 | F49: 0 | G49: 0 | H49: 0 | I49: 0 | J49: 0 | K49: 0 | L49: =SUM(B49:K49) | M49: =L49/$L$59
A50: C1 | B50: 0 | C50: 0 | D50: 0 | E50: 0 | F50: =Assumptions!$B$38 | G50: 0 | H50: 0 | I50: 0 | J50: 0 | K50: 0 | L50: =SUM(B50:K50) | M50: =L50/$L$59
A51: D1 | B51: 0 | C51: 0 | D51: 0 | E51: 0 | F51: 0 | G51: =B14 | H51: 0 | I51: 0 | J51: 0 | K51: 0 | L51: =SUM(B51:K51) | M51: =L51/$L$59
A52: Series E pool (10 LPs) | B52: 0 | C52: 0 | D52: 0 | E52: 0 | F52: 0 | G52: 0 | H52: =B15 | I52: 0 | J52: 0 | K52: 0 | L52: =SUM(B52:K52) | M52: =L52/$L$59
A53: NA1 (Note A) | B53: 0 | C53: 0 | D53: 0 | E53: 0 | F53: 0 | G53: 0 | H53: 0 | I53: 0 | J53: =I31 | K53: 0 | L53: =SUM(B53:K53) | M53: =L53/$L$59
A54: NB1 (Note B) | B54: 0 | C54: 0 | D54: 0 | E54: 0 | F54: 0 | G54: 0 | H54: 0 | I54: 0 | J54: 0 | K54: =I32 | L54: =SUM(B54:K54) | M54: =L54/$L$59
A55: F_LEAD | B55: =B39 | C55: 0 | D55: 0 | E55: 0 | F55: 0 | G55: 0 | H55: 0 | I55: =Assumptions!$B$13/B8 | J55: 0 | K55: 0 | L55: =SUM(B55:K55) | M55: =L55/$L$59
A56: Our fund | B56: 0 | C56: 0 | D56: 0 | E56: 0 | F56: 0 | G56: 0 | H56: 0 | I56: =Assumptions!$B$12/B8 | J56: 0 | K56: 0 | L56: =SUM(B56:K56) | M56: =L56/$L$59
A57: Issued options (common-equiv pool) | B57: =Assumptions!$B$30 | C57: 0 | D57: 0 | E57: 0 | F57: 0 | G57: 0 | H57: 0 | I57: 0 | J57: 0 | K57: 0 | L57: =SUM(B57:K57) | M57: =L57/$L$59
A58: Unissued option pool (post-F) | B58: =Assumptions!$B$31+B11 | C58: 0 | D58: 0 | E58: 0 | F58: 0 | G58: 0 | H58: 0 | I58: 0 | J58: 0 | K58: 0 | L58: =SUM(B58:K58) | M58: =L58/$L$59
A59: TOTAL | B59: =SUM(B43:B58) | C59: =SUM(C43:C58) | D59: =SUM(D43:D58) | E59: =SUM(E43:E58) | F59: =SUM(F43:F58) | G59: =SUM(G43:G58) | H59: =SUM(H43:H58) | I59: =SUM(I43:I58) | ... L59: =SUM(L43:L58) | M59: =L59/$L$59

Sheet Waterfall
A1: WATERFALL — 1× non-participating with conversion election (K-pass Nash)
A3: Exit value | B3: =Assumptions!$B$7 | C3: =Assumptions!$B$8 | D3: =Assumptions!$B$9 | E3: =Assumptions!$B$10 | F3: =Assumptions!$B$11
A5: Class share counts & liquidation preferences
A6: Class | B6: Shares (post-F) | C6: LP ($)
A7: F | B7: ='Pro-Forma'!$B$9 | C7: =Assumptions!$B$3
A8: E | B8: ='Pro-Forma'!$B$15 | C8: =(Assumptions!$B$34*Assumptions!$B$20)
A9: D | B9: ='Pro-Forma'!$B$14 | C9: =(Assumptions!$B$33*Assumptions!$B$19)
A10: C | B10: =Assumptions!$B$38 | C10: =(Assumptions!$B$38*Assumptions!$B$17)
A11: B | B11: =Assumptions!$B$37 | C11: =(Assumptions!$B$37*Assumptions!$B$16)
A12: A | B12: =Assumptions!$B$36 | C12: =(Assumptions!$B$36*Assumptions!$B$15)
A13: Seed | B13: =Assumptions!$B$35 | C13: =(Assumptions!$B$35*Assumptions!$B$14)
A14: Common-equiv pool (founders + RSAs + Note A + Note B shares) | B14: =(Assumptions!$B$39+Assumptions!$B$40+Assumptions!$B$41+Assumptions!$B$42)+'Pro-Forma'!$I$31+'Pro-Forma'!$I$32
A15: Issued options (ITM at all our exits) | B15: =Assumptions!$B$30
A16: Option strike | B16: =Assumptions!$B$21
A19: PASS 1 ELECTIONS (all-others-convert init)
A20: Class | B20: =Assumptions!$B$7 | C20: =Assumptions!$B$8 | D20: =Assumptions!$B$9 | E20: =Assumptions!$B$10 | F20: =Assumptions!$B$11
A21: F | B21: =IF($C$7>(IF((((B$3))+$B$15*$B$16)/((($B$14+$B$7+$B$8+$B$9+$B$10+$B$11+$B$12+$B$13))+$B$15)>$B$16,(((B$3))+$B$15*$B$16)/((($B$14+$B$7+$B$8+$B$9+$B$10+$B$11+$B$12+$B$13))+$B$15),((B$3))/(($B$14+$B$7+$B$8+$B$9+$B$10+$B$11+$B$12+$B$13))))*$B$7,"preference","convert") | C21: =IF($C$7>(IF((((C$3))+$B$15*$B$16)/((($B$14+$B$7+$B$8+$B$9+$B$10+$B$11+$B$12+$B$13))+$B$15)>$B$16,(((C$3))+$B$15*$B$16)/((($B$14+$B$7+$B$8+$B$9+$B$10+$B$11+$B$12+$B$13))+$B$15),((C$3))/(($B$14+$B$7+$B$8+$B$9+$B$10+$B$11+$B$12+$B$13))))*$B$7,"preference","convert") | D21: =IF($C$7>(IF((((D$3))+$B$15*$B$16)/((($B$14+$B$7+$B$8+$B$9+$B$10+$B$11+$B$12+$B$13))+$B$15)>$B$16,(((D$3))+$B$15*$B$16)/((($B$14+$B$7+$B$8+$B$9+$B$10+$B$11+$B$12+$B$13))+$B$15),((D$3))/(($B$14+$B$7+$B$8+$B$9+$B$10+$B$11+$B$12+$B$13))))*$B$7,"preference","convert") | E21: =IF($C$7>(IF((((E$3))+$B$15*$B$16)/((($B$14+$B$7+$B$8+$B$9+$B$10+$B$11+$B$12+$B$13))+$B$15)>$B$16,(((E$3))+$B$15*$B$16)/((($B$14+$B$7+$B$8+$B$9+$B$10+$B$11+$B$12+$B$13))+$B$15),((E$3))/(($B$14+$B$7+$B$8+$B$9+$B$10+$B$11+$B$12+$B$13))))*$B$7,"preference","convert") | F21: =IF($C$7>(IF((((F$3))+$B$15*$B$16)/((($B$14+$B$7+$B$8+$B$9+$B$10+$B$11+$B$12+$B$13))+$B$15)>$B$16,(((F$3))+$B$15*$B$16)/((($B$14+$B$7+$B$8+$B$9+$B$10+$B$11+$B$12+$B$13))+$B$15),((F$3))/(($B$14+$B$7+$B$8+$B$9+$B$10+$B$11+$B$12+$B$13))))*$B$7,"preference","convert")
A22: E | B22: =IF($C$8>(IF((((B$3))+$B$15*$B$16)/((($B$14+$B$8+$B$7+$B$9+$B$10+$B$11+$B$12+$B$13))+$B$15)>$B$16,(((B$3))+$B$15*$B$16)/((($B$14+$B$8+$B$7+$B$9+$B$10+$B$11+$B$12+$B$13))+$B$15),((B$3))/(($B$14+$B$8+$B$7+$B$9+$B$10+$B$11+$B$12+$B$13))))*$B$8,"preference","convert") | C22: =IF($C$8>(IF((((C$3))+$B$15*$B$16)/((($B$14+$B$8+$B$7+$B$9+$B$10+$B$11+$B$12+$B$13))+$B$15)>$B$16,(((C$3))+$B$15*$B$16)/((($B$14+$B$8+$B$7+$B$9+$B$10+$B$11+$B$12+$B$13))+$B$15),((C$3))/(($B$14+$B$8+$B$7+$B$9+$B$10+$B$11+$B$12+$B$13))))*$B$8,"preference","convert") | D22: =IF($C$8>(IF((((D$3))+$B$15*$B$16)/((($B$14+$B$8+$B$7+$B$9+$B$10+$B$11+$B$12+$B$13))+$B$15)>$B$16,(((D$3))+$B$15*$B$16)/((($B$14+$B$8+$B$7+$B$9+$B$10+$B$11+$B$12+$B$13))+$B$15),((D$3))/(($B$14+$B$8+$B$7+$B$9+$B$10+$B$11+$B$12+$B$13))))*$B$8,"preference","convert") | E22: =IF($C$8>(IF((((E$3))+$B$15*$B$16)/((($B$14+$B$8+$B$7+$B$9+$B$10+$B$11+$B$12+$B$13))+$B$15)>$B$16,(((E$3))+$B$15*$B$16)/((($B$14+$B$8+$B$7+$B$9+$B$10+$B$11+$B$12+$B$13))+$B$15),((E$3))/(($B$14+$B$8+$B$7+$B$9+$B$10+$B$11+$B$12+$B$13))))*$B$8,"preference","convert") | F22: =IF($C$8>(IF((((F$3))+$B$15*$B$16)/((($B$14+$B$8+$B$7+$B$9+$B$10+$B$11+$B$12+$B$13))+$B$15)>$B$16,(((F$3))+$B$15*$B$16)/((($B$14+$B$8+$B$7+$B$9+$B$10+$B$11+$B$12+$B$13))+$B$15),((F$3))/(($B$14+$B$8+$B$7+$B$9+$B$10+$B$11+$B$12+$B$13))))*$B$8,"preference","convert")
A23: D | B23: =IF($C$9>(IF((((B$3))+$B$15*$B$16)/((($B$14+$B$9+$B$7+$B$8+$B$10+$B$11+$B$12+$B$13))+$B$15)>$B$16,(((B$3))+$B$15*$B$16)/((($B$14+$B$9+$B$7+$B$8+$B$10+$B$11+$B$12+$B$13))+$B$15),((B$3))/(($B$14+$B$9+$B$7+$B$8+$B$10+$B$11+$B$12+$B$13))))*$B$9,"preference","convert") | C23: =IF($C$9>(IF((((C$3))+$B$15*$B$16)/((($B$14+$B$9+$B$7+$B$8+$B$10+$B$11+$B$12+$B$13))+$B$15)>$B$16,(((C$3))+$B$15*$B$16)/((($B$14+$B$9+$B$7+$B$8+$B$10+$B$11+$B$12+$B$13))+$B$15),((C$3))/(($B$14+$B$9+$B$7+$B$8+$B$10+$B$11+$B$12+$B$13))))*$B$9,"preference","convert") | D23: =IF($C$9>(IF((((D$3))+$B$15*$B$16)/((($B$14+$B$9+$B$7+$B$8+$B$10+$B$11+$B$12+$B$13))+$B$15)>$B$16,(((D$3))+$B$15*$B$16)/((($B$14+$B$9+$B$7+$B$8+$B$10+$B$11+$B$12+$B$13))+$B$15),((D$3))/(($B$14+$B$9+$B$7+$B$8+$B$10+$B$11+$B$12+$B$13))))*$B$9,"preference","convert") | E23: =IF($C$9>(IF((((E$3))+$B$15*$B$16)/((($B$14+$B$9+$B$7+$B$8+$B$10+$B$11+$B$12+$B$13))+$B$15)>$B$16,(((E$3))+$B$15*$B$16)/((($B$14+$B$9+$B$7+$B$8+$B$10+$B$11+$B$12+$B$13))+$B$15),((E$3))/(($B$14+$B$9+$B$7+$B$8+$B$10+$B$11+$B$12+$B$13))))*$B$9,"preference","convert") | F23: =IF($C$9>(IF((((F$3))+$B$15*$B$16)/((($B$14+$B$9+$B$7+$B$8+$B$10+$B$11+$B$12+$B$13))+$B$15)>$B$16,(((F$3))+$B$15*$B$16)/((($B$14+$B$9+$B$7+$B$8+$B$10+$B$11+$B$12+$B$13))+$B$15),((F$3))/(($B$14+$B$9+$B$7+$B$8+$B$10+$B$11+$B$12+$B$13))))*$B$9,"preference","convert")
A24: C | B24: =IF($C$10>(IF((((B$3))+$B$15*$B$16)/((($B$14+$B$10+$B$7+$B$8+$B$9+$B$11+$B$12+$B$13))+$B$15)>$B$16,(((B$3))+$B$15*$B$16)/((($B$14+$B$10+$B$7+$B$8+$B$9+$B$11+$B$12+$B$13))+$B$15),((B$3))/(($B$14+$B$10+$B$7+$B$8+$B$9+$B$11+$B$12+$B$13))))*$B$10,"preference","convert") | C24: =IF($C$10>(IF((((C$3))+$B$15*$B$16)/((($B$14+$B$10+$B$7+$B$8+$B$9+$B$11+$B$12+$B$13))+$B$15)>$B$16,(((C$3))+$B$15*$B$16)/((($B$14+$B$10+$B$7+$B$8+$B$9+$B$11+$B$12+$B$13))+$B$15),((C$3))/(($B$14+$B$10+$B$7+$B$8+$B$9+$B$11+$B$12+$B$13))))*$B$10,"preference","convert") | D24: =IF($C$10>(IF((((D$3))+$B$15*$B$16)/((($B$14+$B$10+$B$7+$B$8+$B$9+$B$11+$B$12+$B$13))+$B$15)>$B$16,(((D$3))+$B$15*$B$16)/((($B$14+$B$10+$B$7+$B$8+$B$9+$B$11+$B$12+$B$13))+$B$15),((D$3))/(($B$14+$B$10+$B$7+$B$8+$B$9+$B$11+$B$12+$B$13))))*$B$10,"preference","convert") | E24: =IF($C$10>(IF((((E$3))+$B$15*$B$16)/((($B$14+$B$10+$B$7+$B$8+$B$9+$B$11+$B$12+$B$13))+$B$15)>$B$16,(((E$3))+$B$15*$B$16)/((($B$14+$B$10+$B$7+$B$8+$B$9+$B$11+$B$12+$B$13))+$B$15),((E$3))/(($B$14+$B$10+$B$7+$B$8+$B$9+$B$11+$B$12+$B$13))))*$B$10,"preference","convert") | F24: =IF($C$10>(IF((((F$3))+$B$15*$B$16)/((($B$14+$B$10+$B$7+$B$8+$B$9+$B$11+$B$12+$B$13))+$B$15)>$B$16,(((F$3))+$B$15*$B$16)/((($B$14+$B$10+$B$7+$B$8+$B$9+$B$11+$B$12+$B$13))+$B$15),((F$3))/(($B$14+$B$10+$B$7+$B$8+$B$9+$B$11+$B$12+$B$13))))*$B$10,"preference","convert")
A25: B | B25: =IF($C$11>(IF((((B$3))+$B$15*$B$16)/((($B$14+$B$11+$B$7+$B$8+$B$9+$B$10+$B$12+$B$13))+$B$15)>$B$16,(((B$3))+$B$15*$B$16)/((($B$14+$B$11+$B$7+$B$8+$B$9+$B$10+$B$12+$B$13))+$B$15),((B$3))/(($B$14+$B$11+$B$7+$B$8+$B$9+$B$10+$B$12+$B$13))))*$B$11,"preference","convert") | C25: =IF($C$11>(IF((((C$3))+$B$15*$B$16)/((($B$14+$B$11+$B$7+$B$8+$B$9+$B$10+$B$12+$B$13))+$B$15)>$B$16,(((C$3))+$B$15*$B$16)/((($B$14+$B$11+$B$7+$B$8+$B$9+$B$10+$B$12+$B$13))+$B$15),((C$3))/(($B$14+$B$11+$B$7+$B$8+$B$9+$B$10+$B$12+$B$13))))*$B$11,"preference","convert") | D25: =IF($C$11>(IF((((D$3))+$B$15*$B$16)/((($B$14+$B$11+$B$7+$B$8+$B$9+$B$10+$B$12+$B$13))+$B$15)>$B$16,(((D$3))+$B$15*$B$16)/((($B$14+$B$11+$B$7+$B$8+$B$9+$B$10+$B$12+$B$13))+$B$15),((D$3))/(($B$14+$B$11+$B$7+$B$8+$B$9+$B$10+$B$12+$B$13))))*$B$11,"preference","convert") | E25: =IF($C$11>(IF((((E$3))+$B$15*$B$16)/((($B$14+$B$11+$B$7+$B$8+$B$9+$B$10+$B$12+$B$13))+$B$15)>$B$16,(((E$3))+$B$15*$B$16)/((($B$14+$B$11+$B$7+$B$8+$B$9+$B$10+$B$12+$B$13))+$B$15),((E$3))/(($B$14+$B$11+$B$7+$B$8+$B$9+$B$10+$B$12+$B$13))))*$B$11,"preference","convert") | F25: =IF($C$11>(IF((((F$3))+$B$15*$B$16)/((($B$14+$B$11+$B$7+$B$8+$B$9+$B$10+$B$12+$B$13))+$B$15)>$B$16,(((F$3))+$B$15*$B$16)/((($B$14+$B$11+$B$7+$B$8+$B$9+$B$10+$B$12+$B$13))+$B$15),((F$3))/(($B$14+$B$11+$B$7+$B$8+$B$9+$B$10+$B$12+$B$13))))*$B$11,"preference","convert")
A26: A | B26: =IF($C$12>(IF((((B$3))+$B$15*$B$16)/((($B$14+$B$12+$B$7+$B$8+$B$9+$B$10+$B$11+$B$13))+$B$15)>$B$16,(((B$3))+$B$15*$B$16)/((($B$14+$B$12+$B$7+$B$8+$B$9+$B$10+$B$11+$B$13))+$B$15),((B$3))/(($B$14+$B$12+$B$7+$B$8+$B$9+$B$10+$B$11+$B$13))))*$B$12,"preference","convert") | C26: =IF($C$12>(IF((((C$3))+$B$15*$B$16)/((($B$14+$B$12+$B$7+$B$8+$B$9+$B$10+$B$11+$B$13))+$B$15)>$B$16,(((C$3))+$B$15*$B$16)/((($B$14+$B$12+$B$7+$B$8+$B$9+$B$10+$B$11+$B$13))+$B$15),((C$3))/(($B$14+$B$12+$B$7+$B$8+$B$9+$B$10+$B$11+$B$13))))*$B$12,"preference","convert") | D26: =IF($C$12>(IF((((D$3))+$B$15*$B$16)/((($B$14+$B$12+$B$7+$B$8+$B$9+$B$10+$B$11+$B$13))+$B$15)>$B$16,(((D$3))+$B$15*$B$16)/((($B$14+$B$12+$B$7+$B$8+$B$9+$B$10+$B$11+$B$13))+$B$15),((D$3))/(($B$14+$B$12+$B$7+$B$8+$B$9+$B$10+$B$11+$B$13))))*$B$12,"preference","convert") | E26: =IF($C$12>(IF((((E$3))+$B$15*$B$16)/((($B$14+$B$12+$B$7+$B$8+$B$9+$B$10+$B$11+$B$13))+$B$15)>$B$16,(((E$3))+$B$15*$B$16)/((($B$14+$B$12+$B$7+$B$8+$B$9+$B$10+$B$11+$B$13))+$B$15),((E$3))/(($B$14+$B$12+$B$7+$B$8+$B$9+$B$10+$B$11+$B$13))))*$B$12,"preference","convert") | F26: =IF($C$12>(IF((((F$3))+$B$15*$B$16)/((($B$14+$B$12+$B$7+$B$8+$B$9+$B$10+$B$11+$B$13))+$B$15)>$B$16,(((F$3))+$B$15*$B$16)/((($B$14+$B$12+$B$7+$B$8+$B$9+$B$10+$B$11+$B$13))+$B$15),((F$3))/(($B$14+$B$12+$B$7+$B$8+$B$9+$B$10+$B$11+$B$13))))*$B$12,"preference","convert")
A27: Seed | B27: =IF($C$13>(IF((((B$3))+$B$15*$B$16)/((($B$14+$B$13+$B$7+$B$8+$B$9+$B$10+$B$11+$B$12))+$B$15)>$B$16,(((B$3))+$B$15*$B$16)/((($B$14+$B$13+$B$7+$B$8+$B$9+$B$10+$B$11+$B$12))+$B$15),((B$3))/(($B$14+$B$13+$B$7+$B$8+$B$9+$B$10+$B$11+$B$12))))*$B$13,"preference","convert") | C27: =IF($C$13>(IF((((C$3))+$B$15*$B$16)/((($B$14+$B$13+$B$7+$B$8+$B$9+$B$10+$B$11+$B$12))+$B$15)>$B$16,(((C$3))+$B$15*$B$16)/((($B$14+$B$13+$B$7+$B$8+$B$9+$B$10+$B$11+$B$12))+$B$15),((C$3))/(($B$14+$B$13+$B$7+$B$8+$B$9+$B$10+$B$11+$B$12))))*$B$13,"preference","convert") | D27: =IF($C$13>(IF((((D$3))+$B$15*$B$16)/((($B$14+$B$13+$B$7+$B$8+$B$9+$B$10+$B$11+$B$12))+$B$15)>$B$16,(((D$3))+$B$15*$B$16)/((($B$14+$B$13+$B$7+$B$8+$B$9+$B$10+$B$11+$B$12))+$B$15),((D$3))/(($B$14+$B$13+$B$7+$B$8+$B$9+$B$10+$B$11+$B$12))))*$B$13,"preference","convert") | E27: =IF($C$13>(IF((((E$3))+$B$15*$B$16)/((($B$14+$B$13+$B$7+$B$8+$B$9+$B$10+$B$11+$B$12))+$B$15)>$B$16,(((E$3))+$B$15*$B$16)/((($B$14+$B$13+$B$7+$B$8+$B$9+$B$10+$B$11+$B$12))+$B$15),((E$3))/(($B$14+$B$13+$B$7+$B$8+$B$9+$B$10+$B$11+$B$12))))*$B$13,"preference","convert") | F27: =IF($C$13>(IF((((F$3))+$B$15*$B$16)/((($B$14+$B$13+$B$7+$B$8+$B$9+$B$10+$B$11+$B$12))+$B$15)>$B$16,(((F$3))+$B$15*$B$16)/((($B$14+$B$13+$B$7+$B$8+$B$9+$B$10+$B$11+$B$12))+$B$15),((F$3))/(($B$14+$B$13+$B$7+$B$8+$B$9+$B$10+$B$11+$B$12))))*$B$13,"preference","convert")
A28: PASS 2 ELECTIONS (best-response to Pass 1)
A29: Class | B29: =Assumptions!$B$7 | C29: =Assumptions!$B$8 | D29: =Assumptions!$B$9 | E29: =Assumptions!$B$10 | F29: =Assumptions!$B$11
A30: F | B30: =IF($C$7>(IF((((B$3-(IF(B22="preference",$C$8,0)+IF(B23="preference",$C$9,0)+IF(B24="preference",$C$10,0)+IF(B25="preference",$C$11,0)+IF(B26="preference",$C$12,0)+IF(B27="preference",$C$13,0))))+$B$15*$B$16)/((($B$14+$B$7+(IF(B22="convert",$B$8,0)+IF(B23="convert",$B$9,0)+IF(B24="convert",$B$10,0)+IF(B25="convert",$B$11,0)+IF(B26="convert",$B$12,0)+IF(B27="convert",$B$13,0))))+$B$15)>$B$16,(((B$3-(IF(B22="preference",$C$8,0)+IF(B23="preference",$C$9,0)+IF(B24="preference",$C$10,0)+IF(B25="preference",$C$11,0)+IF(B26="preference",$C$12,0)+IF(B27="preference",$C$13,0))))+$B$15*$B$16)/((($B$14+$B$7+(IF(B22="convert",$B$8,0)+IF(B23="convert",$B$9,0)+IF(B24="convert",$B$10,0)+IF(B25="convert",$B$11,0)+IF(B26="convert",$B$12,0)+IF(B27="convert",$B$13,0))))+$B$15),((B$3-(IF(B22="preference",$C$8,0)+IF(B23="preference",$C$9,0)+IF(B24="preference",$C$10,0)+IF(B25="preference",$C$11,0)+IF(B26="preference",$C$12,0)+IF(B27="preference",$C$13,0))))/(($B$14+$B$7+(IF(B22="convert",$B$8,0)+IF(B23="convert",$B$9,0)+IF(B24="convert",$B$10,0)+IF(B25="convert",$B$11,0)+IF(B26="convert",$B$12,0)+IF(B27="convert",$B$13,0))))))*$B$7,"preference","convert") | C30: =IF($C$7>(IF((((C$3-(IF(C22="preference",$C$8,0)+IF(C23="preference",$C$9,0)+IF(C24="preference",$C$10,0)+IF(C25="preference",$C$11,0)+IF(C26="preference",$C$12,0)+IF(C27="preference",$C$13,0))))+$B$15*$B$16)/((($B$14+$B$7+(IF(C22="convert",$B$8,0)+IF(C23="convert",$B$9,0)+IF(C24="convert",$B$10,0)+IF(C25="convert",$B$11,0)+IF(C26="convert",$B$12,0)+IF(C27="convert",$B$13,0))))+$B$15)>$B$16,(((C$3-(IF(C22="preference",$C$8,0)+IF(C23="preference",$C$9,0)+IF(C24="preference",$C$10,0)+IF(C25="preference",$C$11,0)+IF(C26="preference",$C$12,0)+IF(C27="preference",$C$13,0))))+$B$15*$B$16)/((($B$14+$B$7+(IF(C22="convert",$B$8,0)+IF(C23="convert",$B$9,0)+IF(C24="convert",$B$10,0)+IF(C25="convert",$B$11,0)+IF(C26="convert",$B$12,0)+IF(C27="convert",$B$13,0))))+$B$15),((C$3-(IF(C22="preference",$C$8,0)+IF(C23="preference",$C$9,0)+IF(C24="preference",$C$10,0)+IF(C25="preference",$C$11,0)+IF(C26="preference",$C$12,0)+IF(C27="preference",$C$13,0))))/(($B$14+$B$7+(IF(C22="convert",$B$8,0)+IF(C23="convert",$B$9,0)+IF(C24="convert",$B$10,0)+IF(C25="convert",$B$11,0)+IF(C26="convert",$B$12,0)+IF(C27="convert",$B$13,0))))))*$B$7,"preference","convert") | D30: =IF($C$7>(IF((((D$3-(IF(D22="preference",$C$8,0)+IF(D23="preference",$C$9,0)+IF(D24="preference",$C$10,0)+IF(D25="preference",$C$11,0)+IF(D26="preference",$C$12,0)+IF(D27="preference",$C$13,0))))+$B$15*$B$16)/((($B$14+$B$7+(IF(D22="convert",$B$8,0)+IF(D23="convert",$B$9,0)+IF(D24="convert",$B$10,0)+IF(D25="convert",$B$11,0)+IF(D26="convert",$B$12,0)+IF(D27="convert",$B$13,0))))+$B$15)>$B$16,(((D$3-(IF(D22="preference",$C$8,0)+IF(D23="preference",$C$9,0)+IF(D24="preference",$C$10,0)+IF(D25="preference",$C$11,0)+IF(D26="preference",$C$12,0)+IF(D27="preference",$C$13,0))))+$B$15*$B$16)/((($B$14+$B$7+(IF(D22="convert",$B$8,0)+IF(D23="convert",$B$9,0)+IF(D24="convert",$B$10,0)+IF(D25="convert",$B$11,0)+IF(D26="convert",$B$12,0)+IF(D27="convert",$B$13,0))))+$B$15),((D$3-(IF(D22="preference",$C$8,0)+IF(D23="preference",$C$9,0)+IF(D24="preference",$C$10,0)+IF(D25="preference",$C$11,0)+IF(D26="preference",$C$12,0)+IF(D27="preference",$C$13,0))))/(($B$14+$B$7+(IF(D22="convert",$B$8,0)+IF(D23="convert",$B$9,0)+IF(D24="convert",$B$10,0)+IF(D25="convert",$B$11,0)+IF(D26="convert",$B$12,0)+IF(D27="convert",$B$13,0))))))*$B$7,"preference","convert") | E30: =IF($C$7>(IF((((E$3-(IF(E22="preference",$C$8,0)+IF(E23="preference",$C$9,0)+IF(E24="preference",$C$10,0)+IF(E25="preference",$C$11,0)+IF(E26="preference",$C$12,0)+IF(E27="preference",$C$13,0))))+$B$15*$B$16)/((($B$14+$B$7+(IF(E22="convert",$B$8,0)+IF(E23="convert",$B$9,0)+IF(E24="convert",$B$10,0)+IF(E25="convert",$B$11,0)+IF(E26="convert",$B$12,0)+IF(E27="convert",$B$13,0))))+$B$15)>$B$16,(((E$3-(IF(E22="preference",$C$8,0)+IF(E23="preference",$C$9,0)+IF(E24="preference",$C$10,0)+IF(E25="preference",$C$11,0)+IF(E26="preference",$C$12,0)+IF(E27="preference",$C$13,0))))+$B$15*$B$16)/((($B$14+$B$7+(IF(E22="convert",$B$8,0)+IF(E23="convert",$B$9,0)+IF(E24="convert",$B$10,0)+IF(E25="convert",$B$11,0)+IF(E26="convert",$B$12,0)+IF(E27="convert",$B$13,0))))+$B$15),((E$3-(IF(E22="preference",$C$8,0)+IF(E23="preference",$C$9,0)+IF(E24="preference",$C$10,0)+IF(E25="preference",$C$11,0)+IF(E26="preference",$C$12,0)+IF(E27="preference",$C$13,0))))/(($B$14+$B$7+(IF(E22="convert",$B$8,0)+IF(E23="convert",$B$9,0)+IF(E24="convert",$B$10,0)+IF(E25="convert",$B$11,0)+IF(E26="convert",$B$12,0)+IF(E27="convert",$B$13,0))))))*$B$7,"preference","convert") | F30: =IF($C$7>(IF((((F$3-(IF(F22="preference",$C$8,0)+IF(F23="preference",$C$9,0)+IF(F24="preference",$C$10,0)+IF(F25="preference",$C$11,0)+IF(F26="preference",$C$12,0)+IF(F27="preference",$C$13,0))))+$B$15*$B$16)/((($B$14+$B$7+(IF(F22="convert",$B$8,0)+IF(F23="convert",$B$9,0)+IF(F24="convert",$B$10,0)+IF(F25="convert",$B$11,0)+IF(F26="convert",$B$12,0)+IF(F27="convert",$B$13,0))))+$B$15)>$B$16,(((F$3-(IF(F22="preference",$C$8,0)+IF(F23="preference",$C$9,0)+IF(F24="preference",$C$10,0)+IF(F25="preference",$C$11,0)+IF(F26="preference",$C$12,0)+IF(F27="preference",$C$13,0))))+$B$15*$B$16)/((($B$14+$B$7+(IF(F22="convert",$B$8,0)+IF(F23="convert",$B$9,0)+IF(F24="convert",$B$10,0)+IF(F25="convert",$B$11,0)+IF(F26="convert",$B$12,0)+IF(F27="convert",$B$13,0))))+$B$15),((F$3-(IF(F22="preference",$C$8,0)+IF(F23="preference",$C$9,0)+IF(F24="preference",$C$10,0)+IF(F25="preference",$C$11,0)+IF(F26="preference",$C$12,0)+IF(F27="preference",$C$13,0))))/(($B$14+$B$7+(IF(F22="convert",$B$8,0)+IF(F23="convert",$B$9,0)+IF(F24="convert",$B$10,0)+IF(F25="convert",$B$11,0)+IF(F26="convert",$B$12,0)+IF(F27="convert",$B$13,0))))))*$B$7,"preference","convert")
A31: E | B31: =IF($C$8>(IF((((B$3-(IF(B21="preference",$C$7,0)+IF(B23="preference",$C$9,0)+IF(B24="preference",$C$10,0)+IF(B25="preference",$C$11,0)+IF(B26="preference",$C$12,0)+IF(B27="preference",$C$13,0))))+$B$15*$B$16)/((($B$14+$B$8+(IF(B21="convert",$B$7,0)+IF(B23="convert",$B$9,0)+IF(B24="convert",$B$10,0)+IF(B25="convert",$B$11,0)+IF(B26="convert",$B$12,0)+IF(B27="convert",$B$13,0))))+$B$15)>$B$16,(((B$3-(IF(B21="preference",$C$7,0)+IF(B23="preference",$C$9,0)+IF(B24="preference",$C$10,0)+IF(B25="preference",$C$11,0)+IF(B26="preference",$C$12,0)+IF(B27="preference",$C$13,0))))+$B$15*$B$16)/((($B$14+$B$8+(IF(B21="convert",$B$7,0)+IF(B23="convert",$B$9,0)+IF(B24="convert",$B$10,0)+IF(B25="convert",$B$11,0)+IF(B26="convert",$B$12,0)+IF(B27="convert",$B$13,0))))+$B$15),((B$3-(IF(B21="preference",$C$7,0)+IF(B23="preference",$C$9,0)+IF(B24="preference",$C$10,0)+IF(B25="preference",$C$11,0)+IF(B26="preference",$C$12,0)+IF(B27="preference",$C$13,0))))/(($B$14+$B$8+(IF(B21="convert",$B$7,0)+IF(B23="convert",$B$9,0)+IF(B24="convert",$B$10,0)+IF(B25="convert",$B$11,0)+IF(B26="convert",$B$12,0)+IF(B27="convert",$B$13,0))))))*$B$8,"preference","convert") | C31: =IF($C$8>(IF((((C$3-(IF(C21="preference",$C$7,0)+IF(C23="preference",$C$9,0)+IF(C24="preference",$C$10,0)+IF(C25="preference",$C$11,0)+IF(C26="preference",$C$12,0)+IF(C27="preference",$C$13,0))))+$B$15*$B$16)/((($B$14+$B$8+(IF(C21="convert",$B$7,0)+IF(C23="convert",$B$9,0)+IF(C24="convert",$B$10,0)+IF(C25="convert",$B$11,0)+IF(C26="convert",$B$12,0)+IF(C27="convert",$B$13,0))))+$B$15)>$B$16,(((C$3-(IF(C21="preference",$C$7,0)+IF(C23="preference",$C$9,0)+IF(C24="preference",$C$10,0)+IF(C25="preference",$C$11,0)+IF(C26="preference",$C$12,0)+IF(C27="preference",$C$13,0))))+$B$15*$B$16)/((($B$14+$B$8+(IF(C21="convert",$B$7,0)+IF(C23="convert",$B$9,0)+IF(C24="convert",$B$10,0)+IF(C25="convert",$B$11,0)+IF(C26="convert",$B$12,0)+IF(C27="convert",$B$13,0))))+$B$15),((C$3-(IF(C21="preference",$C$7,0)+IF(C23="preference",$C$9,0)+IF(C24="preference",$C$10,0)+IF(C25="preference",$C$11,0)+IF(C26="preference",$C$12,0)+IF(C27="preference",$C$13,0))))/(($B$14+$B$8+(IF(C21="convert",$B$7,0)+IF(C23="convert",$B$9,0)+IF(C24="convert",$B$10,0)+IF(C25="convert",$B$11,0)+IF(C26="convert",$B$12,0)+IF(C27="convert",$B$13,0))))))*$B$8,"preference","convert") | D31: =IF($C$8>(IF((((D$3-(IF(D21="preference",$C$7,0)+IF(D23="preference",$C$9,0)+IF(D24="preference",$C$10,0)+IF(D25="preference",$C$11,0)+IF(D26="preference",$C$12,0)+IF(D27="preference",$C$13,0))))+$B$15*$B$16)/((($B$14+$B$8+(IF(D21="convert",$B$7,0)+IF(D23="convert",$B$9,0)+IF(D24="convert",$B$10,0)+IF(D25="convert",$B$11,0)+IF(D26="convert",$B$12,0)+IF(D27="convert",$B$13,0))))+$B$15)>$B$16,(((D$3-(IF(D21="preference",$C$7,0)+IF(D23="preference",$C$9,0)+IF(D24="preference",$C$10,0)+IF(D25="preference",$C$11,0)+IF(D26="preference",$C$12,0)+IF(D27="preference",$C$13,0))))+$B$15*$B$16)/((($B$14+$B$8+(IF(D21="convert",$B$7,0)+IF(D23="convert",$B$9,0)+IF(D24="convert",$B$10,0)+IF(D25="convert",$B$11,0)+IF(D26="convert",$B$12,0)+IF(D27="convert",$B$13,0))))+$B$15),((D$3-(IF(D21="preference",$C$7,0)+IF(D23="preference",$C$9,0)+IF(D24="preference",$C$10,0)+IF(D25="preference",$C$11,0)+IF(D26="preference",$C$12,0)+IF(D27="preference",$C$13,0))))/(($B$14+$B$8+(IF(D21="convert",$B$7,0)+IF(D23="convert",$B$9,0)+IF(D24="convert",$B$10,0)+IF(D25="convert",$B$11,0)+IF(D26="convert",$B$12,0)+IF(D27="convert",$B$13,0))))))*$B$8,"preference","convert") | E31: =IF($C$8>(IF((((E$3-(IF(E21="preference",$C$7,0)+IF(E23="preference",$C$9,0)+IF(E24="preference",$C$10,0)+IF(E25="preference",$C$11,0)+IF(E26="preference",$C$12,0)+IF(E27="preference",$C$13,0))))+$B$15*$B$16)/((($B$14+$B$8+(IF(E21="convert",$B$7,0)+IF(E23="convert",$B$9,0)+IF(E24="convert",$B$10,0)+IF(E25="convert",$B$11,0)+IF(E26="convert",$B$12,0)+IF(E27="convert",$B$13,0))))+$B$15)>$B$16,(((E$3-(IF(E21="preference",$C$7,0)+IF(E23="preference",$C$9,0)+IF(E24="preference",$C$10,0)+IF(E25="preference",$C$11,0)+IF(E26="preference",$C$12,0)+IF(E27="preference",$C$13,0))))+$B$15*$B$16)/((($B$14+$B$8+(IF(E21="convert",$B$7,0)+IF(E23="convert",$B$9,0)+IF(E24="convert",$B$10,0)+IF(E25="convert",$B$11,0)+IF(E26="convert",$B$12,0)+IF(E27="convert",$B$13,0))))+$B$15),((E$3-(IF(E21="preference",$C$7,0)+IF(E23="preference",$C$9,0)+IF(E24="preference",$C$10,0)+IF(E25="preference",$C$11,0)+IF(E26="preference",$C$12,0)+IF(E27="preference",$C$13,0))))/(($B$14+$B$8+(IF(E21="convert",$B$7,0)+IF(E23="convert",$B$9,0)+IF(E24="convert",$B$10,0)+IF(E25="convert",$B$11,0)+IF(E26="convert",$B$12,0)+IF(E27="convert",$B$13,0))))))*$B$8,"preference","convert") | F31: =IF($C$8>(IF((((F$3-(IF(F21="preference",$C$7,0)+IF(F23="preference",$C$9,0)+IF(F24="preference",$C$10,0)+IF(F25="preference",$C$11,0)+IF(F26="preference",$C$12,0)+IF(F27="preference",$C$13,0))))+$B$15*$B$16)/((($B$14+$B$8+(IF(F21="convert",$B$7,0)+IF(F23="convert",$B$9,0)+IF(F24="convert",$B$10,0)+IF(F25="convert",$B$11,0)+IF(F26="convert",$B$12,0)+IF(F27="convert",$B$13,0))))+$B$15)>$B$16,(((F$3-(IF(F21="preference",$C$7,0)+IF(F23="preference",$C$9,0)+IF(F24="preference",$C$10,0)+IF(F25="preference",$C$11,0)+IF(F26="preference",$C$12,0)+IF(F27="preference",$C$13,0))))+$B$15*$B$16)/((($B$14+$B$8+(IF(F21="convert",$B$7,0)+IF(F23="convert",$B$9,0)+IF(F24="convert",$B$10,0)+IF(F25="convert",$B$11,0)+IF(F26="convert",$B$12,0)+IF(F27="convert",$B$13,0))))+$B$15),((F$3-(IF(F21="preference",$C$7,0)+IF(F23="preference",$C$9,0)+IF(F24="preference",$C$10,0)+IF(F25="preference",$C$11,0)+IF(F26="preference",$C$12,0)+IF(F27="preference",$C$13,0))))/(($B$14+$B$8+(IF(F21="convert",$B$7,0)+IF(F23="convert",$B$9,0)+IF(F24="convert",$B$10,0)+IF(F25="convert",$B$11,0)+IF(F26="convert",$B$12,0)+IF(F27="convert",$B$13,0))))))*$B$8,"preference","convert")
A32: D | B32: =IF($C$9>(IF((((B$3-(IF(B21="preference",$C$7,0)+IF(B22="preference",$C$8,0)+IF(B24="preference",$C$10,0)+IF(B25="preference",$C$11,0)+IF(B26="preference",$C$12,0)+IF(B27="preference",$C$13,0))))+$B$15*$B$16)/((($B$14+$B$9+(IF(B21="convert",$B$7,0)+IF(B22="convert",$B$8,0)+IF(B24="convert",$B$10,0)+IF(B25="convert",$B$11,0)+IF(B26="convert",$B$12,0)+IF(B27="convert",$B$13,0))))+$B$15)>$B$16,(((B$3-(IF(B21="preference",$C$7,0)+IF(B22="preference",$C$8,0)+IF(B24="preference",$C$10,0)+IF(B25="preference",$C$11,0)+IF(B26="preference",$C$12,0)+IF(B27="preference",$C$13,0))))+$B$15*$B$16)/((($B$14+$B$9+(IF(B21="convert",$B$7,0)+IF(B22="convert",$B$8,0)+IF(B24="convert",$B$10,0)+IF(B25="convert",$B$11,0)+IF(B26="convert",$B$12,0)+IF(B27="convert",$B$13,0))))+$B$15),((B$3-(IF(B21="preference",$C$7,0)+IF(B22="preference",$C$8,0)+IF(B24="preference",$C$10,0)+IF(B25="preference",$C$11,0)+IF(B26="preference",$C$12,0)+IF(B27="preference",$C$13,0))))/(($B$14+$B$9+(IF(B21="convert",$B$7,0)+IF(B22="convert",$B$8,0)+IF(B24="convert",$B$10,0)+IF(B25="convert",$B$11,0)+IF(B26="convert",$B$12,0)+IF(B27="convert",$B$13,0))))))*$B$9,"preference","convert") | C32: =IF($C$9>(IF((((C$3-(IF(C21="preference",$C$7,0)+IF(C22="preference",$C$8,0)+IF(C24="preference",$C$10,0)+IF(C25="preference",$C$11,0)+IF(C26="preference",$C$12,0)+IF(C27="preference",$C$13,0))))+$B$15*$B$16)/((($B$14+$B$9+(IF(C21="convert",$B$7,0)+IF(C22="convert",$B$8,0)+IF(C24="convert",$B$10,0)+IF(C25="convert",$B$11,0)+IF(C26="convert",$B$12,0)+IF(C27="convert",$B$13,0))))+$B$15)>$B$16,(((C$3-(IF(C21="preference",$C$7,0)+IF(C22="preference",$C$8,0)+IF(C24="preference",$C$10,0)+IF(C25="preference",$C$11,0)+IF(C26="preference",$C$12,0)+IF(C27="preference",$C$13,0))))+$B$15*$B$16)/((($B$14+$B$9+(IF(C21="convert",$B$7,0)+IF(C22="convert",$B$8,0)+IF(C24="convert",$B$10,0)+IF(C25="convert",$B$11,0)+IF(C26="convert",$B$12,0)+IF(C27="convert",$B$13,0))))+$B$15),((C$3-(IF(C21="preference",$C$7,0)+IF(C22="preference",$C$8,0)+IF(C24="preference",$C$10,0)+IF(C25="preference",$C$11,0)+IF(C26="preference",$C$12,0)+IF(C27="preference",$C$13,0))))/(($B$14+$B$9+(IF(C21="convert",$B$7,0)+IF(C22="convert",$B$8,0)+IF(C24="convert",$B$10,0)+IF(C25="convert",$B$11,0)+IF(C26="convert",$B$12,0)+IF(C27="convert",$B$13,0))))))*$B$9,"preference","convert") | D32: =IF($C$9>(IF((((D$3-(IF(D21="preference",$C$7,0)+IF(D22="preference",$C$8,0)+IF(D24="preference",$C$10,0)+IF(D25="preference",$C$11,0)+IF(D26="preference",$C$12,0)+IF(D27="preference",$C$13,0))))+$B$15*$B$16)/((($B$14+$B$9+(IF(D21="convert",$B$7,0)+IF(D22="convert",$B$8,0)+IF(D24="convert",$B$10,0)+IF(D25="convert",$B$11,0)+IF(D26="convert",$B$12,0)+IF(D27="convert",$B$13,0))))+$B$15)>$B$16,(((D$3-(IF(D21="preference",$C$7,0)+IF(D22="preference",$C$8,0)+IF(D24="preference",$C$10,0)+IF(D25="preference",$C$11,0)+IF(D26="preference",$C$12,0)+IF(D27="preference",$C$13,0))))+$B$15*$B$16)/((($B$14+$B$9+(IF(D21="convert",$B$7,0)+IF(D22="convert",$B$8,0)+IF(D24="convert",$B$10,0)+IF(D25="convert",$B$11,0)+IF(D26="convert",$B$12,0)+IF(D27="convert",$B$13,0))))+$B$15),((D$3-(IF(D21="preference",$C$7,0)+IF(D22="preference",$C$8,0)+IF(D24="preference",$C$10,0)+IF(D25="preference",$C$11,0)+IF(D26="preference",$C$12,0)+IF(D27="preference",$C$13,0))))/(($B$14+$B$9+(IF(D21="convert",$B$7,0)+IF(D22="convert",$B$8,0)+IF(D24="convert",$B$10,0)+IF(D25="convert",$B$11,0)+IF(D26="convert",$B$12,0)+IF(D27="convert",$B$13,0))))))*$B$9,"preference","convert") | E32: =IF($C$9>(IF((((E$3-(IF(E21="preference",$C$7,0)+IF(E22="preference",$C$8,0)+IF(E24="preference",$C$10,0)+IF(E25="preference",$C$11,0)+IF(E26="preference",$C$12,0)+IF(E27="preference",$C$13,0))))+$B$15*$B$16)/((($B$14+$B$9+(IF(E21="convert",$B$7,0)+IF(E22="convert",$B$8,0)+IF(E24="convert",$B$10,0)+IF(E25="convert",$B$11,0)+IF(E26="convert",$B$12,0)+IF(E27="convert",$B$13,0))))+$B$15)>$B$16,(((E$3-(IF(E21="preference",$C$7,0)+IF(E22="preference",$C$8,0)+IF(E24="preference",$C$10,0)+IF(E25="preference",$C$11,0)+IF(E26="preference",$C$12,0)+IF(E27="preference",$C$13,0))))+$B$15*$B$16)/((($B$14+$B$9+(IF(E21="convert",$B$7,0)+IF(E22="convert",$B$8,0)+IF(E24="convert",$B$10,0)+IF(E25="convert",$B$11,0)+IF(E26="convert",$B$12,0)+IF(E27="convert",$B$13,0))))+$B$15),((E$3-(IF(E21="preference",$C$7,0)+IF(E22="preference",$C$8,0)+IF(E24="preference",$C$10,0)+IF(E25="preference",$C$11,0)+IF(E26="preference",$C$12,0)+IF(E27="preference",$C$13,0))))/(($B$14+$B$9+(IF(E21="convert",$B$7,0)+IF(E22="convert",$B$8,0)+IF(E24="convert",$B$10,0)+IF(E25="convert",$B$11,0)+IF(E26="convert",$B$12,0)+IF(E27="convert",$B$13,0))))))*$B$9,"preference","convert") | F32: =IF($C$9>(IF((((F$3-(IF(F21="preference",$C$7,0)+IF(F22="preference",$C$8,0)+IF(F24="preference",$C$10,0)+IF(F25="preference",$C$11,0)+IF(F26="preference",$C$12,0)+IF(F27="preference",$C$13,0))))+$B$15*$B$16)/((($B$14+$B$9+(IF(F21="convert",$B$7,0)+IF(F22="convert",$B$8,0)+IF(F24="convert",$B$10,0)+IF(F25="convert",$B$11,0)+IF(F26="convert",$B$12,0)+IF(F27="convert",$B$13,0))))+$B$15)>$B$16,(((F$3-(IF(F21="preference",$C$7,0)+IF(F22="preference",$C$8,0)+IF(F24="preference",$C$10,0)+IF(F25="preference",$C$11,0)+IF(F26="preference",$C$12,0)+IF(F27="preference",$C$13,0))))+$B$15*$B$16)/((($B$14+$B$9+(IF(F21="convert",$B$7,0)+IF(F22="convert",$B$8,0)+IF(F24="convert",$B$10,0)+IF(F25="convert",$B$11,0)+IF(F26="convert",$B$12,0)+IF(F27="convert",$B$13,0))))+$B$15),((F$3-(IF(F21="preference",$C$7,0)+IF(F22="preference",$C$8,0)+IF(F24="preference",$C$10,0)+IF(F25="preference",$C$11,0)+IF(F26="preference",$C$12,0)+IF(F27="preference",$C$13,0))))/(($B$14+$B$9+(IF(F21="convert",$B$7,0)+IF(F22="convert",$B$8,0)+IF(F24="convert",$B$10,0)+IF(F25="convert",$B$11,0)+IF(F26="convert",$B$12,0)+IF(F27="convert",$B$13,0))))))*$B$9,"preference","convert")
A33: C | B33: =IF($C$10>(IF((((B$3-(IF(B21="preference",$C$7,0)+IF(B22="preference",$C$8,0)+IF(B23="preference",$C$9,0)+IF(B25="preference",$C$11,0)+IF(B26="preference",$C$12,0)+IF(B27="preference",$C$13,0))))+$B$15*$B$16)/((($B$14+$B$10+(IF(B21="convert",$B$7,0)+IF(B22="convert",$B$8,0)+IF(B23="convert",$B$9,0)+IF(B25="convert",$B$11,0)+IF(B26="convert",$B$12,0)+IF(B27="convert",$B$13,0))))+$B$15)>$B$16,(((B$3-(IF(B21="preference",$C$7,0)+IF(B22="preference",$C$8,0)+IF(B23="preference",$C$9,0)+IF(B25="preference",$C$11,0)+IF(B26="preference",$C$12,0)+IF(B27="preference",$C$13,0))))+$B$15*$B$16)/((($B$14+$B$10+(IF(B21="convert",$B$7,0)+IF(B22="convert",$B$8,0)+IF(B23="convert",$B$9,0)+IF(B25="convert",$B$11,0)+IF(B26="convert",$B$12,0)+IF(B27="convert",$B$13,0))))+$B$15),((B$3-(IF(B21="preference",$C$7,0)+IF(B22="preference",$C$8,0)+IF(B23="preference",$C$9,0)+IF(B25="preference",$C$11,0)+IF(B26="preference",$C$12,0)+IF(B27="preference",$C$13,0))))/(($B$14+$B$10+(IF(B21="convert",$B$7,0)+IF(B22="convert",$B$8,0)+IF(B23="convert",$B$9,0)+IF(B25="convert",$B$11,0)+IF(B26="convert",$B$12,0)+IF(B27="convert",$B$13,0))))))*$B$10,"preference","convert") | C33: =IF($C$10>(IF((((C$3-(IF(C21="preference",$C$7,0)+IF(C22="preference",$C$8,0)+IF(C23="preference",$C$9,0)+IF(C25="preference",$C$11,0)+IF(C26="preference",$C$12,0)+IF(C27="preference",$C$13,0))))+$B$15*$B$16)/((($B$14+$B$10+(IF(C21="convert",$B$7,0)+IF(C22="convert",$B$8,0)+IF(C23="convert",$B$9,0)+IF(C25="convert",$B$11,0)+IF(C26="convert",$B$12,0)+IF(C27="convert",$B$13,0))))+$B$15)>$B$16,(((C$3-(IF(C21="preference",$C$7,0)+IF(C22="preference",$C$8,0)+IF(C23="preference",$C$9,0)+IF(C25="preference",$C$11,0)+IF(C26="preference",$C$12,0)+IF(C27="preference",$C$13,0))))+$B$15*$B$16)/((($B$14+$B$10+(IF(C21="convert",$B$7,0)+IF(C22="convert",$B$8,0)+IF(C23="convert",$B$9,0)+IF(C25="convert",$B$11,0)+IF(C26="convert",$B$12,0)+IF(C27="convert",$B$13,0))))+$B$15),((C$3-(IF(C21="preference",$C$7,0)+IF(C22="preference",$C$8,0)+IF(C23="preference",$C$9,0)+IF(C25="preference",$C$11,0)+IF(C26="preference",$C$12,0)+IF(C27="preference",$C$13,0))))/(($B$14+$B$10+(IF(C21="convert",$B$7,0)+IF(C22="convert",$B$8,0)+IF(C23="convert",$B$9,0)+IF(C25="convert",$B$11,0)+IF(C26="convert",$B$12,0)+IF(C27="convert",$B$13,0))))))*$B$10,"preference","convert") | D33: =IF($C$10>(IF((((D$3-(IF(D21="preference",$C$7,0)+IF(D22="preference",$C$8,0)+IF(D23="preference",$C$9,0)+IF(D25="preference",$C$11,0)+IF(D26="preference",$C$12,0)+IF(D27="preference",$C$13,0))))+$B$15*$B$16)/((($B$14+$B$10+(IF(D21="convert",$B$7,0)+IF(D22="convert",$B$8,0)+IF(D23="convert",$B$9,0)+IF(D25="convert",$B$11,0)+IF(D26="convert",$B$12,0)+IF(D27="convert",$B$13,0))))+$B$15)>$B$16,(((D$3-(IF(D21="preference",$C$7,0)+IF(D22="preference",$C$8,0)+IF(D23="preference",$C$9,0)+IF(D25="preference",$C$11,0)+IF(D26="preference",$C$12,0)+IF(D27="preference",$C$13,0))))+$B$15*$B$16)/((($B$14+$B$10+(IF(D21="convert",$B$7,0)+IF(D22="convert",$B$8,0)+IF(D23="convert",$B$9,0)+IF(D25="convert",$B$11,0)+IF(D26="convert",$B$12,0)+IF(D27="convert",$B$13,0))))+$B$15),((D$3-(IF(D21="preference",$C$7,0)+IF(D22="preference",$C$8,0)+IF(D23="preference",$C$9,0)+IF(D25="preference",$C$11,0)+IF(D26="preference",$C$12,0)+IF(D27="preference",$C$13,0))))/(($B$14+$B$10+(IF(D21="convert",$B$7,0)+IF(D22="convert",$B$8,0)+IF(D23="convert",$B$9,0)+IF(D25="convert",$B$11,0)+IF(D26="convert",$B$12,0)+IF(D27="convert",$B$13,0))))))*$B$10,"preference","convert") | E33: =IF($C$10>(IF((((E$3-(IF(E21="preference",$C$7,0)+IF(E22="preference",$C$8,0)+IF(E23="preference",$C$9,0)+IF(E25="preference",$C$11,0)+IF(E26="preference",$C$12,0)+IF(E27="preference",$C$13,0))))+$B$15*$B$16)/((($B$14+$B$10+(IF(E21="convert",$B$7,0)+IF(E22="convert",$B$8,0)+IF(E23="convert",$B$9,0)+IF(E25="convert",$B$11,0)+IF(E26="convert",$B$12,0)+IF(E27="convert",$B$13,0))))+$B$15)>$B$16,(((E$3-(IF(E21="preference",$C$7,0)+IF(E22="preference",$C$8,0)+IF(E23="preference",$C$9,0)+IF(E25="preference",$C$11,0)+IF(E26="preference",$C$12,0)+IF(E27="preference",$C$13,0))))+$B$15*$B$16)/((($B$14+$B$10+(IF(E21="convert",$B$7,0)+IF(E22="convert",$B$8,0)+IF(E23="convert",$B$9,0)+IF(E25="convert",$B$11,0)+IF(E26="convert",$B$12,0)+IF(E27="convert",$B$13,0))))+$B$15),((E$3-(IF(E21="preference",$C$7,0)+IF(E22="preference",$C$8,0)+IF(E23="preference",$C$9,0)+IF(E25="preference",$C$11,0)+IF(E26="preference",$C$12,0)+IF(E27="preference",$C$13,0))))/(($B$14+$B$10+(IF(E21="convert",$B$7,0)+IF(E22="convert",$B$8,0)+IF(E23="convert",$B$9,0)+IF(E25="convert",$B$11,0)+IF(E26="convert",$B$12,0)+IF(E27="convert",$B$13,0))))))*$B$10,"preference","convert") | F33: =IF($C$10>(IF((((F$3-(IF(F21="preference",$C$7,0)+IF(F22="preference",$C$8,0)+IF(F23="preference",$C$9,0)+IF(F25="preference",$C$11,0)+IF(F26="preference",$C$12,0)+IF(F27="preference",$C$13,0))))+$B$15*$B$16)/((($B$14+$B$10+(IF(F21="convert",$B$7,0)+IF(F22="convert",$B$8,0)+IF(F23="convert",$B$9,0)+IF(F25="convert",$B$11,0)+IF(F26="convert",$B$12,0)+IF(F27="convert",$B$13,0))))+$B$15)>$B$16,(((F$3-(IF(F21="preference",$C$7,0)+IF(F22="preference",$C$8,0)+IF(F23="preference",$C$9,0)+IF(F25="preference",$C$11,0)+IF(F26="preference",$C$12,0)+IF(F27="preference",$C$13,0))))+$B$15*$B$16)/((($B$14+$B$10+(IF(F21="convert",$B$7,0)+IF(F22="convert",$B$8,0)+IF(F23="convert",$B$9,0)+IF(F25="convert",$B$11,0)+IF(F26="convert",$B$12,0)+IF(F27="convert",$B$13,0))))+$B$15),((F$3-(IF(F21="preference",$C$7,0)+IF(F22="preference",$C$8,0)+IF(F23="preference",$C$9,0)+IF(F25="preference",$C$11,0)+IF(F26="preference",$C$12,0)+IF(F27="preference",$C$13,0))))/(($B$14+$B$10+(IF(F21="convert",$B$7,0)+IF(F22="convert",$B$8,0)+IF(F23="convert",$B$9,0)+IF(F25="convert",$B$11,0)+IF(F26="convert",$B$12,0)+IF(F27="convert",$B$13,0))))))*$B$10,"preference","convert")
A34: B | B34: =IF($C$11>(IF((((B$3-(IF(B21="preference",$C$7,0)+IF(B22="preference",$C$8,0)+IF(B23="preference",$C$9,0)+IF(B24="preference",$C$10,0)+IF(B26="preference",$C$12,0)+IF(B27="preference",$C$13,0))))+$B$15*$B$16)/((($B$14+$B$11+(IF(B21="convert",$B$7,0)+IF(B22="convert",$B$8,0)+IF(B23="convert",$B$9,0)+IF(B24="convert",$B$10,0)+IF(B26="convert",$B$12,0)+IF(B27="convert",$B$13,0))))+$B$15)>$B$16,(((B$3-(IF(B21="preference",$C$7,0)+IF(B22="preference",$C$8,0)+IF(B23="preference",$C$9,0)+IF(B24="preference",$C$10,0)+IF(B26="preference",$C$12,0)+IF(B27="preference",$C$13,0))))+$B$15*$B$16)/((($B$14+$B$11+(IF(B21="convert",$B$7,0)+IF(B22="convert",$B$8,0)+IF(B23="convert",$B$9,0)+IF(B24="convert",$B$10,0)+IF(B26="convert",$B$12,0)+IF(B27="convert",$B$13,0))))+$B$15),((B$3-(IF(B21="preference",$C$7,0)+IF(B22="preference",$C$8,0)+IF(B23="preference",$C$9,0)+IF(B24="preference",$C$10,0)+IF(B26="preference",$C$12,0)+IF(B27="preference",$C$13,0))))/(($B$14+$B$11+(IF(B21="convert",$B$7,0)+IF(B22="convert",$B$8,0)+IF(B23="convert",$B$9,0)+IF(B24="convert",$B$10,0)+IF(B26="convert",$B$12,0)+IF(B27="convert",$B$13,0))))))*$B$11,"preference","convert") | C34: =IF($C$11>(IF((((C$3-(IF(C21="preference",$C$7,0)+IF(C22="preference",$C$8,0)+IF(C23="preference",$C$9,0)+IF(C24="preference",$C$10,0)+IF(C26="preference",$C$12,0)+IF(C27="preference",$C$13,0))))+$B$15*$B$16)/((($B$14+$B$11+(IF(C21="convert",$B$7,0)+IF(C22="convert",$B$8,0)+IF(C23="convert",$B$9,0)+IF(C24="convert",$B$10,0)+IF(C26="convert",$B$12,0)+IF(C27="convert",$B$13,0))))+$B$15)>$B$16,(((C$3-(IF(C21="preference",$C$7,0)+IF(C22="preference",$C$8,0)+IF(C23="preference",$C$9,0)+IF(C24="preference",$C$10,0)+IF(C26="preference",$C$12,0)+IF(C27="preference",$C$13,0))))+$B$15*$B$16)/((($B$14+$B$11+(IF(C21="convert",$B$7,0)+IF(C22="convert",$B$8,0)+IF(C23="convert",$B$9,0)+IF(C24="convert",$B$10,0)+IF(C26="convert",$B$12,0)+IF(C27="convert",$B$13,0))))+$B$15),((C$3-(IF(C21="preference",$C$7,0)+IF(C22="preference",$C$8,0)+IF(C23="preference",$C$9,0)+IF(C24="preference",$C$10,0)+IF(C26="preference",$C$12,0)+IF(C27="preference",$C$13,0))))/(($B$14+$B$11+(IF(C21="convert",$B$7,0)+IF(C22="convert",$B$8,0)+IF(C23="convert",$B$9,0)+IF(C24="convert",$B$10,0)+IF(C26="convert",$B$12,0)+IF(C27="convert",$B$13,0))))))*$B$11,"preference","convert") | D34: =IF($C$11>(IF((((D$3-(IF(D21="preference",$C$7,0)+IF(D22="preference",$C$8,0)+IF(D23="preference",$C$9,0)+IF(D24="preference",$C$10,0)+IF(D26="preference",$C$12,0)+IF(D27="preference",$C$13,0))))+$B$15*$B$16)/((($B$14+$B$11+(IF(D21="convert",$B$7,0)+IF(D22="convert",$B$8,0)+IF(D23="convert",$B$9,0)+IF(D24="convert",$B$10,0)+IF(D26="convert",$B$12,0)+IF(D27="convert",$B$13,0))))+$B$15)>$B$16,(((D$3-(IF(D21="preference",$C$7,0)+IF(D22="preference",$C$8,0)+IF(D23="preference",$C$9,0)+IF(D24="preference",$C$10,0)+IF(D26="preference",$C$12,0)+IF(D27="preference",$C$13,0))))+$B$15*$B$16)/((($B$14+$B$11+(IF(D21="convert",$B$7,0)+IF(D22="convert",$B$8,0)+IF(D23="convert",$B$9,0)+IF(D24="convert",$B$10,0)+IF(D26="convert",$B$12,0)+IF(D27="convert",$B$13,0))))+$B$15),((D$3-(IF(D21="preference",$C$7,0)+IF(D22="preference",$C$8,0)+IF(D23="preference",$C$9,0)+IF(D24="preference",$C$10,0)+IF(D26="preference",$C$12,0)+IF(D27="preference",$C$13,0))))/(($B$14+$B$11+(IF(D21="convert",$B$7,0)+IF(D22="convert",$B$8,0)+IF(D23="convert",$B$9,0)+IF(D24="convert",$B$10,0)+IF(D26="convert",$B$12,0)+IF(D27="convert",$B$13,0))))))*$B$11,"preference","convert") | E34: =IF($C$11>(IF((((E$3-(IF(E21="preference",$C$7,0)+IF(E22="preference",$C$8,0)+IF(E23="preference",$C$9,0)+IF(E24="preference",$C$10,0)+IF(E26="preference",$C$12,0)+IF(E27="preference",$C$13,0))))+$B$15*$B$16)/((($B$14+$B$11+(IF(E21="convert",$B$7,0)+IF(E22="convert",$B$8,0)+IF(E23="convert",$B$9,0)+IF(E24="convert",$B$10,0)+IF(E26="convert",$B$12,0)+IF(E27="convert",$B$13,0))))+$B$15)>$B$16,(((E$3-(IF(E21="preference",$C$7,0)+IF(E22="preference",$C$8,0)+IF(E23="preference",$C$9,0)+IF(E24="preference",$C$10,0)+IF(E26="preference",$C$12,0)+IF(E27="preference",$C$13,0))))+$B$15*$B$16)/((($B$14+$B$11+(IF(E21="convert",$B$7,0)+IF(E22="convert",$B$8,0)+IF(E23="convert",$B$9,0)+IF(E24="convert",$B$10,0)+IF(E26="convert",$B$12,0)+IF(E27="convert",$B$13,0))))+$B$15),((E$3-(IF(E21="preference",$C$7,0)+IF(E22="preference",$C$8,0)+IF(E23="preference",$C$9,0)+IF(E24="preference",$C$10,0)+IF(E26="preference",$C$12,0)+IF(E27="preference",$C$13,0))))/(($B$14+$B$11+(IF(E21="convert",$B$7,0)+IF(E22="convert",$B$8,0)+IF(E23="convert",$B$9,0)+IF(E24="convert",$B$10,0)+IF(E26="convert",$B$12,0)+IF(E27="convert",$B$13,0))))))*$B$11,"preference","convert") | F34: =IF($C$11>(IF((((F$3-(IF(F21="preference",$C$7,0)+IF(F22="preference",$C$8,0)+IF(F23="preference",$C$9,0)+IF(F24="preference",$C$10,0)+IF(F26="preference",$C$12,0)+IF(F27="preference",$C$13,0))))+$B$15*$B$16)/((($B$14+$B$11+(IF(F21="convert",$B$7,0)+IF(F22="convert",$B$8,0)+IF(F23="convert",$B$9,0)+IF(F24="convert",$B$10,0)+IF(F26="convert",$B$12,0)+IF(F27="convert",$B$13,0))))+$B$15)>$B$16,(((F$3-(IF(F21="preference",$C$7,0)+IF(F22="preference",$C$8,0)+IF(F23="preference",$C$9,0)+IF(F24="preference",$C$10,0)+IF(F26="preference",$C$12,0)+IF(F27="preference",$C$13,0))))+$B$15*$B$16)/((($B$14+$B$11+(IF(F21="convert",$B$7,0)+IF(F22="convert",$B$8,0)+IF(F23="convert",$B$9,0)+IF(F24="convert",$B$10,0)+IF(F26="convert",$B$12,0)+IF(F27="convert",$B$13,0))))+$B$15),((F$3-(IF(F21="preference",$C$7,0)+IF(F22="preference",$C$8,0)+IF(F23="preference",$C$9,0)+IF(F24="preference",$C$10,0)+IF(F26="preference",$C$12,0)+IF(F27="preference",$C$13,0))))/(($B$14+$B$11+(IF(F21="convert",$B$7,0)+IF(F22="convert",$B$8,0)+IF(F23="convert",$B$9,0)+IF(F24="convert",$B$10,0)+IF(F26="convert",$B$12,0)+IF(F27="convert",$B$13,0))))))*$B$11,"preference","convert")
A35: A | B35: =IF($C$12>(IF((((B$3-(IF(B21="preference",$C$7,0)+IF(B22="preference",$C$8,0)+IF(B23="preference",$C$9,0)+IF(B24="preference",$C$10,0)+IF(B25="preference",$C$11,0)+IF(B27="preference",$C$13,0))))+$B$15*$B$16)/((($B$14+$B$12+(IF(B21="convert",$B$7,0)+IF(B22="convert",$B$8,0)+IF(B23="convert",$B$9,0)+IF(B24="convert",$B$10,0)+IF(B25="convert",$B$11,0)+IF(B27="convert",$B$13,0))))+$B$15)>$B$16,(((B$3-(IF(B21="preference",$C$7,0)+IF(B22="preference",$C$8,0)+IF(B23="preference",$C$9,0)+IF(B24="preference",$C$10,0)+IF(B25="preference",$C$11,0)+IF(B27="preference",$C$13,0))))+$B$15*$B$16)/((($B$14+$B$12+(IF(B21="convert",$B$7,0)+IF(B22="convert",$B$8,0)+IF(B23="convert",$B$9,0)+IF(B24="convert",$B$10,0)+IF(B25="convert",$B$11,0)+IF(B27="convert",$B$13,0))))+$B$15),((B$3-(IF(B21="preference",$C$7,0)+IF(B22="preference",$C$8,0)+IF(B23="preference",$C$9,0)+IF(B24="preference",$C$10,0)+IF(B25="preference",$C$11,0)+IF(B27="preference",$C$13,0))))/(($B$14+$B$12+(IF(B21="convert",$B$7,0)+IF(B22="convert",$B$8,0)+IF(B23="convert",$B$9,0)+IF(B24="convert",$B$10,0)+IF(B25="convert",$B$11,0)+IF(B27="convert",$B$13,0))))))*$B$12,"preference","convert") | C35: =IF($C$12>(IF((((C$3-(IF(C21="preference",$C$7,0)+IF(C22="preference",$C$8,0)+IF(C23="preference",$C$9,0)+IF(C24="preference",$C$10,0)+IF(C25="preference",$C$11,0)+IF(C27="preference",$C$13,0))))+$B$15*$B$16)/((($B$14+$B$12+(IF(C21="convert",$B$7,0)+IF(C22="convert",$B$8,0)+IF(C23="convert",$B$9,0)+IF(C24="convert",$B$10,0)+IF(C25="convert",$B$11,0)+IF(C27="convert",$B$13,0))))+$B$15)>$B$16,(((C$3-(IF(C21="preference",$C$7,0)+IF(C22="preference",$C$8,0)+IF(C23="preference",$C$9,0)+IF(C24="preference",$C$10,0)+IF(C25="preference",$C$11,0)+IF(C27="preference",$C$13,0))))+$B$15*$B$16)/((($B$14+$B$12+(IF(C21="convert",$B$7,0)+IF(C22="convert",$B$8,0)+IF(C23="convert",$B$9,0)+IF(C24="convert",$B$10,0)+IF(C25="convert",$B$11,0)+IF(C27="convert",$B$13,0))))+$B$15),((C$3-(IF(C21="preference",$C$7,0)+IF(C22="preference",$C$8,0)+IF(C23="preference",$C$9,0)+IF(C24="preference",$C$10,0)+IF(C25="preference",$C$11,0)+IF(C27="preference",$C$13,0))))/(($B$14+$B$12+(IF(C21="convert",$B$7,0)+IF(C22="convert",$B$8,0)+IF(C23="convert",$B$9,0)+IF(C24="convert",$B$10,0)+IF(C25="convert",$B$11,0)+IF(C27="convert",$B$13,0))))))*$B$12,"preference","convert") | D35: =IF($C$12>(IF((((D$3-(IF(D21="preference",$C$7,0)+IF(D22="preference",$C$8,0)+IF(D23="preference",$C$9,0)+IF(D24="preference",$C$10,0)+IF(D25="preference",$C$11,0)+IF(D27="preference",$C$13,0))))+$B$15*$B$16)/((($B$14+$B$12+(IF(D21="convert",$B$7,0)+IF(D22="convert",$B$8,0)+IF(D23="convert",$B$9,0)+IF(D24="convert",$B$10,0)+IF(D25="convert",$B$11,0)+IF(D27="convert",$B$13,0))))+$B$15)>$B$16,(((D$3-(IF(D21="preference",$C$7,0)+IF(D22="preference",$C$8,0)+IF(D23="preference",$C$9,0)+IF(D24="preference",$C$10,0)+IF(D25="preference",$C$11,0)+IF(D27="preference",$C$13,0))))+$B$15*$B$16)/((($B$14+$B$12+(IF(D21="convert",$B$7,0)+IF(D22="convert",$B$8,0)+IF(D23="convert",$B$9,0)+IF(D24="convert",$B$10,0)+IF(D25="convert",$B$11,0)+IF(D27="convert",$B$13,0))))+$B$15),((D$3-(IF(D21="preference",$C$7,0)+IF(D22="preference",$C$8,0)+IF(D23="preference",$C$9,0)+IF(D24="preference",$C$10,0)+IF(D25="preference",$C$11,0)+IF(D27="preference",$C$13,0))))/(($B$14+$B$12+(IF(D21="convert",$B$7,0)+IF(D22="convert",$B$8,0)+IF(D23="convert",$B$9,0)+IF(D24="convert",$B$10,0)+IF(D25="convert",$B$11,0)+IF(D27="convert",$B$13,0))))))*$B$12,"preference","convert") | E35: =IF($C$12>(IF((((E$3-(IF(E21="preference",$C$7,0)+IF(E22="preference",$C$8,0)+IF(E23="preference",$C$9,0)+IF(E24="preference",$C$10,0)+IF(E25="preference",$C$11,0)+IF(E27="preference",$C$13,0))))+$B$15*$B$16)/((($B$14+$B$12+(IF(E21="convert",$B$7,0)+IF(E22="convert",$B$8,0)+IF(E23="convert",$B$9,0)+IF(E24="convert",$B$10,0)+IF(E25="convert",$B$11,0)+IF(E27="convert",$B$13,0))))+$B$15)>$B$16,(((E$3-(IF(E21="preference",$C$7,0)+IF(E22="preference",$C$8,0)+IF(E23="preference",$C$9,0)+IF(E24="preference",$C$10,0)+IF(E25="preference",$C$11,0)+IF(E27="preference",$C$13,0))))+$B$15*$B$16)/((($B$14+$B$12+(IF(E21="convert",$B$7,0)+IF(E22="convert",$B$8,0)+IF(E23="convert",$B$9,0)+IF(E24="convert",$B$10,0)+IF(E25="convert",$B$11,0)+IF(E27="convert",$B$13,0))))+$B$15),((E$3-(IF(E21="preference",$C$7,0)+IF(E22="preference",$C$8,0)+IF(E23="preference",$C$9,0)+IF(E24="preference",$C$10,0)+IF(E25="preference",$C$11,0)+IF(E27="preference",$C$13,0))))/(($B$14+$B$12+(IF(E21="convert",$B$7,0)+IF(E22="convert",$B$8,0)+IF(E23="convert",$B$9,0)+IF(E24="convert",$B$10,0)+IF(E25="convert",$B$11,0)+IF(E27="convert",$B$13,0))))))*$B$12,"preference","convert") | F35: =IF($C$12>(IF((((F$3-(IF(F21="preference",$C$7,0)+IF(F22="preference",$C$8,0)+IF(F23="preference",$C$9,0)+IF(F24="preference",$C$10,0)+IF(F25="preference",$C$11,0)+IF(F27="preference",$C$13,0))))+$B$15*$B$16)/((($B$14+$B$12+(IF(F21="convert",$B$7,0)+IF(F22="convert",$B$8,0)+IF(F23="convert",$B$9,0)+IF(F24="convert",$B$10,0)+IF(F25="convert",$B$11,0)+IF(F27="convert",$B$13,0))))+$B$15)>$B$16,(((F$3-(IF(F21="preference",$C$7,0)+IF(F22="preference",$C$8,0)+IF(F23="preference",$C$9,0)+IF(F24="preference",$C$10,0)+IF(F25="preference",$C$11,0)+IF(F27="preference",$C$13,0))))+$B$15*$B$16)/((($B$14+$B$12+(IF(F21="convert",$B$7,0)+IF(F22="convert",$B$8,0)+IF(F23="convert",$B$9,0)+IF(F24="convert",$B$10,0)+IF(F25="convert",$B$11,0)+IF(F27="convert",$B$13,0))))+$B$15),((F$3-(IF(F21="preference",$C$7,0)+IF(F22="preference",$C$8,0)+IF(F23="preference",$C$9,0)+IF(F24="preference",$C$10,0)+IF(F25="preference",$C$11,0)+IF(F27="preference",$C$13,0))))/(($B$14+$B$12+(IF(F21="convert",$B$7,0)+IF(F22="convert",$B$8,0)+IF(F23="convert",$B$9,0)+IF(F24="convert",$B$10,0)+IF(F25="convert",$B$11,0)+IF(F27="convert",$B$13,0))))))*$B$12,"preference","convert")
A36: Seed | B36: =IF($C$13>(IF((((B$3-(IF(B21="preference",$C$7,0)+IF(B22="preference",$C$8,0)+IF(B23="preference",$C$9,0)+IF(B24="preference",$C$10,0)+IF(B25="preference",$C$11,0)+IF(B26="preference",$C$12,0))))+$B$15*$B$16)/((($B$14+$B$13+(IF(B21="convert",$B$7,0)+IF(B22="convert",$B$8,0)+IF(B23="convert",$B$9,0)+IF(B24="convert",$B$10,0)+IF(B25="convert",$B$11,0)+IF(B26="convert",$B$12,0))))+$B$15)>$B$16,(((B$3-(IF(B21="preference",$C$7,0)+IF(B22="preference",$C$8,0)+IF(B23="preference",$C$9,0)+IF(B24="preference",$C$10,0)+IF(B25="preference",$C$11,0)+IF(B26="preference",$C$12,0))))+$B$15*$B$16)/((($B$14+$B$13+(IF(B21="convert",$B$7,0)+IF(B22="convert",$B$8,0)+IF(B23="convert",$B$9,0)+IF(B24="convert",$B$10,0)+IF(B25="convert",$B$11,0)+IF(B26="convert",$B$12,0))))+$B$15),((B$3-(IF(B21="preference",$C$7,0)+IF(B22="preference",$C$8,0)+IF(B23="preference",$C$9,0)+IF(B24="preference",$C$10,0)+IF(B25="preference",$C$11,0)+IF(B26="preference",$C$12,0))))/(($B$14+$B$13+(IF(B21="convert",$B$7,0)+IF(B22="convert",$B$8,0)+IF(B23="convert",$B$9,0)+IF(B24="convert",$B$10,0)+IF(B25="convert",$B$11,0)+IF(B26="convert",$B$12,0))))))*$B$13,"preference","convert") | C36: =IF($C$13>(IF((((C$3-(IF(C21="preference",$C$7,0)+IF(C22="preference",$C$8,0)+IF(C23="preference",$C$9,0)+IF(C24="preference",$C$10,0)+IF(C25="preference",$C$11,0)+IF(C26="preference",$C$12,0))))+$B$15*$B$16)/((($B$14+$B$13+(IF(C21="convert",$B$7,0)+IF(C22="convert",$B$8,0)+IF(C23="convert",$B$9,0)+IF(C24="convert",$B$10,0)+IF(C25="convert",$B$11,0)+IF(C26="convert",$B$12,0))))+$B$15)>$B$16,(((C$3-(IF(C21="preference",$C$7,0)+IF(C22="preference",$C$8,0)+IF(C23="preference",$C$9,0)+IF(C24="preference",$C$10,0)+IF(C25="preference",$C$11,0)+IF(C26="preference",$C$12,0))))+$B$15*$B$16)/((($B$14+$B$13+(IF(C21="convert",$B$7,0)+IF(C22="convert",$B$8,0)+IF(C23="convert",$B$9,0)+IF(C24="convert",$B$10,0)+IF(C25="convert",$B$11,0)+IF(C26="convert",$B$12,0))))+$B$15),((C$3-(IF(C21="preference",$C$7,0)+IF(C22="preference",$C$8,0)+IF(C23="preference",$C$9,0)+IF(C24="preference",$C$10,0)+IF(C25="preference",$C$11,0)+IF(C26="preference",$C$12,0))))/(($B$14+$B$13+(IF(C21="convert",$B$7,0)+IF(C22="convert",$B$8,0)+IF(C23="convert",$B$9,0)+IF(C24="convert",$B$10,0)+IF(C25="convert",$B$11,0)+IF(C26="convert",$B$12,0))))))*$B$13,"preference","convert") | D36: =IF($C$13>(IF((((D$3-(IF(D21="preference",$C$7,0)+IF(D22="preference",$C$8,0)+IF(D23="preference",$C$9,0)+IF(D24="preference",$C$10,0)+IF(D25="preference",$C$11,0)+IF(D26="preference",$C$12,0))))+$B$15*$B$16)/((($B$14+$B$13+(IF(D21="convert",$B$7,0)+IF(D22="convert",$B$8,0)+IF(D23="convert",$B$9,0)+IF(D24="convert",$B$10,0)+IF(D25="convert",$B$11,0)+IF(D26="convert",$B$12,0))))+$B$15)>$B$16,(((D$3-(IF(D21="preference",$C$7,0)+IF(D22="preference",$C$8,0)+IF(D23="preference",$C$9,0)+IF(D24="preference",$C$10,0)+IF(D25="preference",$C$11,0)+IF(D26="preference",$C$12,0))))+$B$15*$B$16)/((($B$14+$B$13+(IF(D21="convert",$B$7,0)+IF(D22="convert",$B$8,0)+IF(D23="convert",$B$9,0)+IF(D24="convert",$B$10,0)+IF(D25="convert",$B$11,0)+IF(D26="convert",$B$12,0))))+$B$15),((D$3-(IF(D21="preference",$C$7,0)+IF(D22="preference",$C$8,0)+IF(D23="preference",$C$9,0)+IF(D24="preference",$C$10,0)+IF(D25="preference",$C$11,0)+IF(D26="preference",$C$12,0))))/(($B$14+$B$13+(IF(D21="convert",$B$7,0)+IF(D22="convert",$B$8,0)+IF(D23="convert",$B$9,0)+IF(D24="convert",$B$10,0)+IF(D25="convert",$B$11,0)+IF(D26="convert",$B$12,0))))))*$B$13,"preference","convert") | E36: =IF($C$13>(IF((((E$3-(IF(E21="preference",$C$7,0)+IF(E22="preference",$C$8,0)+IF(E23="preference",$C$9,0)+IF(E24="preference",$C$10,0)+IF(E25="preference",$C$11,0)+IF(E26="preference",$C$12,0))))+$B$15*$B$16)/((($B$14+$B$13+(IF(E21="convert",$B$7,0)+IF(E22="convert",$B$8,0)+IF(E23="convert",$B$9,0)+IF(E24="convert",$B$10,0)+IF(E25="convert",$B$11,0)+IF(E26="convert",$B$12,0))))+$B$15)>$B$16,(((E$3-(IF(E21="preference",$C$7,0)+IF(E22="preference",$C$8,0)+IF(E23="preference",$C$9,0)+IF(E24="preference",$C$10,0)+IF(E25="preference",$C$11,0)+IF(E26="preference",$C$12,0))))+$B$15*$B$16)/((($B$14+$B$13+(IF(E21="convert",$B$7,0)+IF(E22="convert",$B$8,0)+IF(E23="convert",$B$9,0)+IF(E24="convert",$B$10,0)+IF(E25="convert",$B$11,0)+IF(E26="convert",$B$12,0))))+$B$15),((E$3-(IF(E21="preference",$C$7,0)+IF(E22="preference",$C$8,0)+IF(E23="preference",$C$9,0)+IF(E24="preference",$C$10,0)+IF(E25="preference",$C$11,0)+IF(E26="preference",$C$12,0))))/(($B$14+$B$13+(IF(E21="convert",$B$7,0)+IF(E22="convert",$B$8,0)+IF(E23="convert",$B$9,0)+IF(E24="convert",$B$10,0)+IF(E25="convert",$B$11,0)+IF(E26="convert",$B$12,0))))))*$B$13,"preference","convert") | F36: =IF($C$13>(IF((((F$3-(IF(F21="preference",$C$7,0)+IF(F22="preference",$C$8,0)+IF(F23="preference",$C$9,0)+IF(F24="preference",$C$10,0)+IF(F25="preference",$C$11,0)+IF(F26="preference",$C$12,0))))+$B$15*$B$16)/((($B$14+$B$13+(IF(F21="convert",$B$7,0)+IF(F22="convert",$B$8,0)+IF(F23="convert",$B$9,0)+IF(F24="convert",$B$10,0)+IF(F25="convert",$B$11,0)+IF(F26="convert",$B$12,0))))+$B$15)>$B$16,(((F$3-(IF(F21="preference",$C$7,0)+IF(F22="preference",$C$8,0)+IF(F23="preference",$C$9,0)+IF(F24="preference",$C$10,0)+IF(F25="preference",$C$11,0)+IF(F26="preference",$C$12,0))))+$B$15*$B$16)/((($B$14+$B$13+(IF(F21="convert",$B$7,0)+IF(F22="convert",$B$8,0)+IF(F23="convert",$B$9,0)+IF(F24="convert",$B$10,0)+IF(F25="convert",$B$11,0)+IF(F26="convert",$B$12,0))))+$B$15),((F$3-(IF(F21="preference",$C$7,0)+IF(F22="preference",$C$8,0)+IF(F23="preference",$C$9,0)+IF(F24="preference",$C$10,0)+IF(F25="preference",$C$11,0)+IF(F26="preference",$C$12,0))))/(($B$14+$B$13+(IF(F21="convert",$B$7,0)+IF(F22="convert",$B$8,0)+IF(F23="convert",$B$9,0)+IF(F24="convert",$B$10,0)+IF(F25="convert",$B$11,0)+IF(F26="convert",$B$12,0))))))*$B$13,"preference","convert")
A37: PASS 3 ELECTIONS (best-response to Pass 2)
A38: Class | B38: =Assumptions!$B$7 | C38: =Assumptions!$B$8 | D38: =Assumptions!$B$9 | E38: =Assumptions!$B$10 | F38: =Assumptions!$B$11
A39: F | B39: =IF($C$7>(IF((((B$3-(IF(B31="preference",$C$8,0)+IF(B32="preference",$C$9,0)+IF(B33="preference",$C$10,0)+IF(B34="preference",$C$11,0)+IF(B35="preference",$C$12,0)+IF(B36="preference",$C$13,0))))+$B$15*$B$16)/((($B$14+$B$7+(IF(B31="convert",$B$8,0)+IF(B32="convert",$B$9,0)+IF(B33="convert",$B$10,0)+IF(B34="convert",$B$11,0)+IF(B35="convert",$B$12,0)+IF(B36="convert",$B$13,0))))+$B$15)>$B$16,(((B$3-(IF(B31="preference",$C$8,0)+IF(B32="preference",$C$9,0)+IF(B33="preference",$C$10,0)+IF(B34="preference",$C$11,0)+IF(B35="preference",$C$12,0)+IF(B36="preference",$C$13,0))))+$B$15*$B$16)/((($B$14+$B$7+(IF(B31="convert",$B$8,0)+IF(B32="convert",$B$9,0)+IF(B33="convert",$B$10,0)+IF(B34="convert",$B$11,0)+IF(B35="convert",$B$12,0)+IF(B36="convert",$B$13,0))))+$B$15),((B$3-(IF(B31="preference",$C$8,0)+IF(B32="preference",$C$9,0)+IF(B33="preference",$C$10,0)+IF(B34="preference",$C$11,0)+IF(B35="preference",$C$12,0)+IF(B36="preference",$C$13,0))))/(($B$14+$B$7+(IF(B31="convert",$B$8,0)+IF(B32="convert",$B$9,0)+IF(B33="convert",$B$10,0)+IF(B34="convert",$B$11,0)+IF(B35="convert",$B$12,0)+IF(B36="convert",$B$13,0))))))*$B$7,"preference","convert") | C39: =IF($C$7>(IF((((C$3-(IF(C31="preference",$C$8,0)+IF(C32="preference",$C$9,0)+IF(C33="preference",$C$10,0)+IF(C34="preference",$C$11,0)+IF(C35="preference",$C$12,0)+IF(C36="preference",$C$13,0))))+$B$15*$B$16)/((($B$14+$B$7+(IF(C31="convert",$B$8,0)+IF(C32="convert",$B$9,0)+IF(C33="convert",$B$10,0)+IF(C34="convert",$B$11,0)+IF(C35="convert",$B$12,0)+IF(C36="convert",$B$13,0))))+$B$15)>$B$16,(((C$3-(IF(C31="preference",$C$8,0)+IF(C32="preference",$C$9,0)+IF(C33="preference",$C$10,0)+IF(C34="preference",$C$11,0)+IF(C35="preference",$C$12,0)+IF(C36="preference",$C$13,0))))+$B$15*$B$16)/((($B$14+$B$7+(IF(C31="convert",$B$8,0)+IF(C32="convert",$B$9,0)+IF(C33="convert",$B$10,0)+IF(C34="convert",$B$11,0)+IF(C35="convert",$B$12,0)+IF(C36="convert",$B$13,0))))+$B$15),((C$3-(IF(C31="preference",$C$8,0)+IF(C32="preference",$C$9,0)+IF(C33="preference",$C$10,0)+IF(C34="preference",$C$11,0)+IF(C35="preference",$C$12,0)+IF(C36="preference",$C$13,0))))/(($B$14+$B$7+(IF(C31="convert",$B$8,0)+IF(C32="convert",$B$9,0)+IF(C33="convert",$B$10,0)+IF(C34="convert",$B$11,0)+IF(C35="convert",$B$12,0)+IF(C36="convert",$B$13,0))))))*$B$7,"preference","convert") | D39: =IF($C$7>(IF((((D$3-(IF(D31="preference",$C$8,0)+IF(D32="preference",$C$9,0)+IF(D33="preference",$C$10,0)+IF(D34="preference",$C$11,0)+IF(D35="preference",$C$12,0)+IF(D36="preference",$C$13,0))))+$B$15*$B$16)/((($B$14+$B$7+(IF(D31="convert",$B$8,0)+IF(D32="convert",$B$9,0)+IF(D33="convert",$B$10,0)+IF(D34="convert",$B$11,0)+IF(D35="convert",$B$12,0)+IF(D36="convert",$B$13,0))))+$B$15)>$B$16,(((D$3-(IF(D31="preference",$C$8,0)+IF(D32="preference",$C$9,0)+IF(D33="preference",$C$10,0)+IF(D34="preference",$C$11,0)+IF(D35="preference",$C$12,0)+IF(D36="preference",$C$13,0))))+$B$15*$B$16)/((($B$14+$B$7+(IF(D31="convert",$B$8,0)+IF(D32="convert",$B$9,0)+IF(D33="convert",$B$10,0)+IF(D34="convert",$B$11,0)+IF(D35="convert",$B$12,0)+IF(D36="convert",$B$13,0))))+$B$15),((D$3-(IF(D31="preference",$C$8,0)+IF(D32="preference",$C$9,0)+IF(D33="preference",$C$10,0)+IF(D34="preference",$C$11,0)+IF(D35="preference",$C$12,0)+IF(D36="preference",$C$13,0))))/(($B$14+$B$7+(IF(D31="convert",$B$8,0)+IF(D32="convert",$B$9,0)+IF(D33="convert",$B$10,0)+IF(D34="convert",$B$11,0)+IF(D35="convert",$B$12,0)+IF(D36="convert",$B$13,0))))))*$B$7,"preference","convert") | E39: =IF($C$7>(IF((((E$3-(IF(E31="preference",$C$8,0)+IF(E32="preference",$C$9,0)+IF(E33="preference",$C$10,0)+IF(E34="preference",$C$11,0)+IF(E35="preference",$C$12,0)+IF(E36="preference",$C$13,0))))+$B$15*$B$16)/((($B$14+$B$7+(IF(E31="convert",$B$8,0)+IF(E32="convert",$B$9,0)+IF(E33="convert",$B$10,0)+IF(E34="convert",$B$11,0)+IF(E35="convert",$B$12,0)+IF(E36="convert",$B$13,0))))+$B$15)>$B$16,(((E$3-(IF(E31="preference",$C$8,0)+IF(E32="preference",$C$9,0)+IF(E33="preference",$C$10,0)+IF(E34="preference",$C$11,0)+IF(E35="preference",$C$12,0)+IF(E36="preference",$C$13,0))))+$B$15*$B$16)/((($B$14+$B$7+(IF(E31="convert",$B$8,0)+IF(E32="convert",$B$9,0)+IF(E33="convert",$B$10,0)+IF(E34="convert",$B$11,0)+IF(E35="convert",$B$12,0)+IF(E36="convert",$B$13,0))))+$B$15),((E$3-(IF(E31="preference",$C$8,0)+IF(E32="preference",$C$9,0)+IF(E33="preference",$C$10,0)+IF(E34="preference",$C$11,0)+IF(E35="preference",$C$12,0)+IF(E36="preference",$C$13,0))))/(($B$14+$B$7+(IF(E31="convert",$B$8,0)+IF(E32="convert",$B$9,0)+IF(E33="convert",$B$10,0)+IF(E34="convert",$B$11,0)+IF(E35="convert",$B$12,0)+IF(E36="convert",$B$13,0))))))*$B$7,"preference","convert") | F39: =IF($C$7>(IF((((F$3-(IF(F31="preference",$C$8,0)+IF(F32="preference",$C$9,0)+IF(F33="preference",$C$10,0)+IF(F34="preference",$C$11,0)+IF(F35="preference",$C$12,0)+IF(F36="preference",$C$13,0))))+$B$15*$B$16)/((($B$14+$B$7+(IF(F31="convert",$B$8,0)+IF(F32="convert",$B$9,0)+IF(F33="convert",$B$10,0)+IF(F34="convert",$B$11,0)+IF(F35="convert",$B$12,0)+IF(F36="convert",$B$13,0))))+$B$15)>$B$16,(((F$3-(IF(F31="preference",$C$8,0)+IF(F32="preference",$C$9,0)+IF(F33="preference",$C$10,0)+IF(F34="preference",$C$11,0)+IF(F35="preference",$C$12,0)+IF(F36="preference",$C$13,0))))+$B$15*$B$16)/((($B$14+$B$7+(IF(F31="convert",$B$8,0)+IF(F32="convert",$B$9,0)+IF(F33="convert",$B$10,0)+IF(F34="convert",$B$11,0)+IF(F35="convert",$B$12,0)+IF(F36="convert",$B$13,0))))+$B$15),((F$3-(IF(F31="preference",$C$8,0)+IF(F32="preference",$C$9,0)+IF(F33="preference",$C$10,0)+IF(F34="preference",$C$11,0)+IF(F35="preference",$C$12,0)+IF(F36="preference",$C$13,0))))/(($B$14+$B$7+(IF(F31="convert",$B$8,0)+IF(F32="convert",$B$9,0)+IF(F33="convert",$B$10,0)+IF(F34="convert",$B$11,0)+IF(F35="convert",$B$12,0)+IF(F36="convert",$B$13,0))))))*$B$7,"preference","convert")
A40: E | B40: =IF($C$8>(IF((((B$3-(IF(B30="preference",$C$7,0)+IF(B32="preference",$C$9,0)+IF(B33="preference",$C$10,0)+IF(B34="preference",$C$11,0)+IF(B35="preference",$C$12,0)+IF(B36="preference",$C$13,0))))+$B$15*$B$16)/((($B$14+$B$8+(IF(B30="convert",$B$7,0)+IF(B32="convert",$B$9,0)+IF(B33="convert",$B$10,0)+IF(B34="convert",$B$11,0)+IF(B35="convert",$B$12,0)+IF(B36="convert",$B$13,0))))+$B$15)>$B$16,(((B$3-(IF(B30="preference",$C$7,0)+IF(B32="preference",$C$9,0)+IF(B33="preference",$C$10,0)+IF(B34="preference",$C$11,0)+IF(B35="preference",$C$12,0)+IF(B36="preference",$C$13,0))))+$B$15*$B$16)/((($B$14+$B$8+(IF(B30="convert",$B$7,0)+IF(B32="convert",$B$9,0)+IF(B33="convert",$B$10,0)+IF(B34="convert",$B$11,0)+IF(B35="convert",$B$12,0)+IF(B36="convert",$B$13,0))))+$B$15),((B$3-(IF(B30="preference",$C$7,0)+IF(B32="preference",$C$9,0)+IF(B33="preference",$C$10,0)+IF(B34="preference",$C$11,0)+IF(B35="preference",$C$12,0)+IF(B36="preference",$C$13,0))))/(($B$14+$B$8+(IF(B30="convert",$B$7,0)+IF(B32="convert",$B$9,0)+IF(B33="convert",$B$10,0)+IF(B34="convert",$B$11,0)+IF(B35="convert",$B$12,0)+IF(B36="convert",$B$13,0))))))*$B$8,"preference","convert") | C40: =IF($C$8>(IF((((C$3-(IF(C30="preference",$C$7,0)+IF(C32="preference",$C$9,0)+IF(C33="preference",$C$10,0)+IF(C34="preference",$C$11,0)+IF(C35="preference",$C$12,0)+IF(C36="preference",$C$13,0))))+$B$15*$B$16)/((($B$14+$B$8+(IF(C30="convert",$B$7,0)+IF(C32="convert",$B$9,0)+IF(C33="convert",$B$10,0)+IF(C34="convert",$B$11,0)+IF(C35="convert",$B$12,0)+IF(C36="convert",$B$13,0))))+$B$15)>$B$16,(((C$3-(IF(C30="preference",$C$7,0)+IF(C32="preference",$C$9,0)+IF(C33="preference",$C$10,0)+IF(C34="preference",$C$11,0)+IF(C35="preference",$C$12,0)+IF(C36="preference",$C$13,0))))+$B$15*$B$16)/((($B$14+$B$8+(IF(C30="convert",$B$7,0)+IF(C32="convert",$B$9,0)+IF(C33="convert",$B$10,0)+IF(C34="convert",$B$11,0)+IF(C35="convert",$B$12,0)+IF(C36="convert",$B$13,0))))+$B$15),((C$3-(IF(C30="preference",$C$7,0)+IF(C32="preference",$C$9,0)+IF(C33="preference",$C$10,0)+IF(C34="preference",$C$11,0)+IF(C35="preference",$C$12,0)+IF(C36="preference",$C$13,0))))/(($B$14+$B$8+(IF(C30="convert",$B$7,0)+IF(C32="convert",$B$9,0)+IF(C33="convert",$B$10,0)+IF(C34="convert",$B$11,0)+IF(C35="convert",$B$12,0)+IF(C36="convert",$B$13,0))))))*$B$8,"preference","convert") | D40: =IF($C$8>(IF((((D$3-(IF(D30="preference",$C$7,0)+IF(D32="preference",$C$9,0)+IF(D33="preference",$C$10,0)+IF(D34="preference",$C$11,0)+IF(D35="preference",$C$12,0)+IF(D36="preference",$C$13,0))))+$B$15*$B$16)/((($B$14+$B$8+(IF(D30="convert",$B$7,0)+IF(D32="convert",$B$9,0)+IF(D33="convert",$B$10,0)+IF(D34="convert",$B$11,0)+IF(D35="convert",$B$12,0)+IF(D36="convert",$B$13,0))))+$B$15)>$B$16,(((D$3-(IF(D30="preference",$C$7,0)+IF(D32="preference",$C$9,0)+IF(D33="preference",$C$10,0)+IF(D34="preference",$C$11,0)+IF(D35="preference",$C$12,0)+IF(D36="preference",$C$13,0))))+$B$15*$B$16)/((($B$14+$B$8+(IF(D30="convert",$B$7,0)+IF(D32="convert",$B$9,0)+IF(D33="convert",$B$10,0)+IF(D34="convert",$B$11,0)+IF(D35="convert",$B$12,0)+IF(D36="convert",$B$13,0))))+$B$15),((D$3-(IF(D30="preference",$C$7,0)+IF(D32="preference",$C$9,0)+IF(D33="preference",$C$10,0)+IF(D34="preference",$C$11,0)+IF(D35="preference",$C$12,0)+IF(D36="preference",$C$13,0))))/(($B$14+$B$8+(IF(D30="convert",$B$7,0)+IF(D32="convert",$B$9,0)+IF(D33="convert",$B$10,0)+IF(D34="convert",$B$11,0)+IF(D35="convert",$B$12,0)+IF(D36="convert",$B$13,0))))))*$B$8,"preference","convert") | E40: =IF($C$8>(IF((((E$3-(IF(E30="preference",$C$7,0)+IF(E32="preference",$C$9,0)+IF(E33="preference",$C$10,0)+IF(E34="preference",$C$11,0)+IF(E35="preference",$C$12,0)+IF(E36="preference",$C$13,0))))+$B$15*$B$16)/((($B$14+$B$8+(IF(E30="convert",$B$7,0)+IF(E32="convert",$B$9,0)+IF(E33="convert",$B$10,0)+IF(E34="convert",$B$11,0)+IF(E35="convert",$B$12,0)+IF(E36="convert",$B$13,0))))+$B$15)>$B$16,(((E$3-(IF(E30="preference",$C$7,0)+IF(E32="preference",$C$9,0)+IF(E33="preference",$C$10,0)+IF(E34="preference",$C$11,0)+IF(E35="preference",$C$12,0)+IF(E36="preference",$C$13,0))))+$B$15*$B$16)/((($B$14+$B$8+(IF(E30="convert",$B$7,0)+IF(E32="convert",$B$9,0)+IF(E33="convert",$B$10,0)+IF(E34="convert",$B$11,0)+IF(E35="convert",$B$12,0)+IF(E36="convert",$B$13,0))))+$B$15),((E$3-(IF(E30="preference",$C$7,0)+IF(E32="preference",$C$9,0)+IF(E33="preference",$C$10,0)+IF(E34="preference",$C$11,0)+IF(E35="preference",$C$12,0)+IF(E36="preference",$C$13,0))))/(($B$14+$B$8+(IF(E30="convert",$B$7,0)+IF(E32="convert",$B$9,0)+IF(E33="convert",$B$10,0)+IF(E34="convert",$B$11,0)+IF(E35="convert",$B$12,0)+IF(E36="convert",$B$13,0))))))*$B$8,"preference","convert") | F40: =IF($C$8>(IF((((F$3-(IF(F30="preference",$C$7,0)+IF(F32="preference",$C$9,0)+IF(F33="preference",$C$10,0)+IF(F34="preference",$C$11,0)+IF(F35="preference",$C$12,0)+IF(F36="preference",$C$13,0))))+$B$15*$B$16)/((($B$14+$B$8+(IF(F30="convert",$B$7,0)+IF(F32="convert",$B$9,0)+IF(F33="convert",$B$10,0)+IF(F34="convert",$B$11,0)+IF(F35="convert",$B$12,0)+IF(F36="convert",$B$13,0))))+$B$15)>$B$16,(((F$3-(IF(F30="preference",$C$7,0)+IF(F32="preference",$C$9,0)+IF(F33="preference",$C$10,0)+IF(F34="preference",$C$11,0)+IF(F35="preference",$C$12,0)+IF(F36="preference",$C$13,0))))+$B$15*$B$16)/((($B$14+$B$8+(IF(F30="convert",$B$7,0)+IF(F32="convert",$B$9,0)+IF(F33="convert",$B$10,0)+IF(F34="convert",$B$11,0)+IF(F35="convert",$B$12,0)+IF(F36="convert",$B$13,0))))+$B$15),((F$3-(IF(F30="preference",$C$7,0)+IF(F32="preference",$C$9,0)+IF(F33="preference",$C$10,0)+IF(F34="preference",$C$11,0)+IF(F35="preference",$C$12,0)+IF(F36="preference",$C$13,0))))/(($B$14+$B$8+(IF(F30="convert",$B$7,0)+IF(F32="convert",$B$9,0)+IF(F33="convert",$B$10,0)+IF(F34="convert",$B$11,0)+IF(F35="convert",$B$12,0)+IF(F36="convert",$B$13,0))))))*$B$8,"preference","convert")
A41: D | B41: =IF($C$9>(IF((((B$3-(IF(B30="preference",$C$7,0)+IF(B31="preference",$C$8,0)+IF(B33="preference",$C$10,0)+IF(B34="preference",$C$11,0)+IF(B35="preference",$C$12,0)+IF(B36="preference",$C$13,0))))+$B$15*$B$16)/((($B$14+$B$9+(IF(B30="convert",$B$7,0)+IF(B31="convert",$B$8,0)+IF(B33="convert",$B$10,0)+IF(B34="convert",$B$11,0)+IF(B35="convert",$B$12,0)+IF(B36="convert",$B$13,0))))+$B$15)>$B$16,(((B$3-(IF(B30="preference",$C$7,0)+IF(B31="preference",$C$8,0)+IF(B33="preference",$C$10,0)+IF(B34="preference",$C$11,0)+IF(B35="preference",$C$12,0)+IF(B36="preference",$C$13,0))))+$B$15*$B$16)/((($B$14+$B$9+(IF(B30="convert",$B$7,0)+IF(B31="convert",$B$8,0)+IF(B33="convert",$B$10,0)+IF(B34="convert",$B$11,0)+IF(B35="convert",$B$12,0)+IF(B36="convert",$B$13,0))))+$B$15),((B$3-(IF(B30="preference",$C$7,0)+IF(B31="preference",$C$8,0)+IF(B33="preference",$C$10,0)+IF(B34="preference",$C$11,0)+IF(B35="preference",$C$12,0)+IF(B36="preference",$C$13,0))))/(($B$14+$B$9+(IF(B30="convert",$B$7,0)+IF(B31="convert",$B$8,0)+IF(B33="convert",$B$10,0)+IF(B34="convert",$B$11,0)+IF(B35="convert",$B$12,0)+IF(B36="convert",$B$13,0))))))*$B$9,"preference","convert") | C41: =IF($C$9>(IF((((C$3-(IF(C30="preference",$C$7,0)+IF(C31="preference",$C$8,0)+IF(C33="preference",$C$10,0)+IF(C34="preference",$C$11,0)+IF(C35="preference",$C$12,0)+IF(C36="preference",$C$13,0))))+$B$15*$B$16)/((($B$14+$B$9+(IF(C30="convert",$B$7,0)+IF(C31="convert",$B$8,0)+IF(C33="convert",$B$10,0)+IF(C34="convert",$B$11,0)+IF(C35="convert",$B$12,0)+IF(C36="convert",$B$13,0))))+$B$15)>$B$16,(((C$3-(IF(C30="preference",$C$7,0)+IF(C31="preference",$C$8,0)+IF(C33="preference",$C$10,0)+IF(C34="preference",$C$11,0)+IF(C35="preference",$C$12,0)+IF(C36="preference",$C$13,0))))+$B$15*$B$16)/((($B$14+$B$9+(IF(C30="convert",$B$7,0)+IF(C31="convert",$B$8,0)+IF(C33="convert",$B$10,0)+IF(C34="convert",$B$11,0)+IF(C35="convert",$B$12,0)+IF(C36="convert",$B$13,0))))+$B$15),((C$3-(IF(C30="preference",$C$7,0)+IF(C31="preference",$C$8,0)+IF(C33="preference",$C$10,0)+IF(C34="preference",$C$11,0)+IF(C35="preference",$C$12,0)+IF(C36="preference",$C$13,0))))/(($B$14+$B$9+(IF(C30="convert",$B$7,0)+IF(C31="convert",$B$8,0)+IF(C33="convert",$B$10,0)+IF(C34="convert",$B$11,0)+IF(C35="convert",$B$12,0)+IF(C36="convert",$B$13,0))))))*$B$9,"preference","convert") | D41: =IF($C$9>(IF((((D$3-(IF(D30="preference",$C$7,0)+IF(D31="preference",$C$8,0)+IF(D33="preference",$C$10,0)+IF(D34="preference",$C$11,0)+IF(D35="preference",$C$12,0)+IF(D36="preference",$C$13,0))))+$B$15*$B$16)/((($B$14+$B$9+(IF(D30="convert",$B$7,0)+IF(D31="convert",$B$8,0)+IF(D33="convert",$B$10,0)+IF(D34="convert",$B$11,0)+IF(D35="convert",$B$12,0)+IF(D36="convert",$B$13,0))))+$B$15)>$B$16,(((D$3-(IF(D30="preference",$C$7,0)+IF(D31="preference",$C$8,0)+IF(D33="preference",$C$10,0)+IF(D34="preference",$C$11,0)+IF(D35="preference",$C$12,0)+IF(D36="preference",$C$13,0))))+$B$15*$B$16)/((($B$14+$B$9+(IF(D30="convert",$B$7,0)+IF(D31="convert",$B$8,0)+IF(D33="convert",$B$10,0)+IF(D34="convert",$B$11,0)+IF(D35="convert",$B$12,0)+IF(D36="convert",$B$13,0))))+$B$15),((D$3-(IF(D30="preference",$C$7,0)+IF(D31="preference",$C$8,0)+IF(D33="preference",$C$10,0)+IF(D34="preference",$C$11,0)+IF(D35="preference",$C$12,0)+IF(D36="preference",$C$13,0))))/(($B$14+$B$9+(IF(D30="convert",$B$7,0)+IF(D31="convert",$B$8,0)+IF(D33="convert",$B$10,0)+IF(D34="convert",$B$11,0)+IF(D35="convert",$B$12,0)+IF(D36="convert",$B$13,0))))))*$B$9,"preference","convert") | E41: =IF($C$9>(IF((((E$3-(IF(E30="preference",$C$7,0)+IF(E31="preference",$C$8,0)+IF(E33="preference",$C$10,0)+IF(E34="preference",$C$11,0)+IF(E35="preference",$C$12,0)+IF(E36="preference",$C$13,0))))+$B$15*$B$16)/((($B$14+$B$9+(IF(E30="convert",$B$7,0)+IF(E31="convert",$B$8,0)+IF(E33="convert",$B$10,0)+IF(E34="convert",$B$11,0)+IF(E35="convert",$B$12,0)+IF(E36="convert",$B$13,0))))+$B$15)>$B$16,(((E$3-(IF(E30="preference",$C$7,0)+IF(E31="preference",$C$8,0)+IF(E33="preference",$C$10,0)+IF(E34="preference",$C$11,0)+IF(E35="preference",$C$12,0)+IF(E36="preference",$C$13,0))))+$B$15*$B$16)/((($B$14+$B$9+(IF(E30="convert",$B$7,0)+IF(E31="convert",$B$8,0)+IF(E33="convert",$B$10,0)+IF(E34="convert",$B$11,0)+IF(E35="convert",$B$12,0)+IF(E36="convert",$B$13,0))))+$B$15),((E$3-(IF(E30="preference",$C$7,0)+IF(E31="preference",$C$8,0)+IF(E33="preference",$C$10,0)+IF(E34="preference",$C$11,0)+IF(E35="preference",$C$12,0)+IF(E36="preference",$C$13,0))))/(($B$14+$B$9+(IF(E30="convert",$B$7,0)+IF(E31="convert",$B$8,0)+IF(E33="convert",$B$10,0)+IF(E34="convert",$B$11,0)+IF(E35="convert",$B$12,0)+IF(E36="convert",$B$13,0))))))*$B$9,"preference","convert") | F41: =IF($C$9>(IF((((F$3-(IF(F30="preference",$C$7,0)+IF(F31="preference",$C$8,0)+IF(F33="preference",$C$10,0)+IF(F34="preference",$C$11,0)+IF(F35="preference",$C$12,0)+IF(F36="preference",$C$13,0))))+$B$15*$B$16)/((($B$14+$B$9+(IF(F30="convert",$B$7,0)+IF(F31="convert",$B$8,0)+IF(F33="convert",$B$10,0)+IF(F34="convert",$B$11,0)+IF(F35="convert",$B$12,0)+IF(F36="convert",$B$13,0))))+$B$15)>$B$16,(((F$3-(IF(F30="preference",$C$7,0)+IF(F31="preference",$C$8,0)+IF(F33="preference",$C$10,0)+IF(F34="preference",$C$11,0)+IF(F35="preference",$C$12,0)+IF(F36="preference",$C$13,0))))+$B$15*$B$16)/((($B$14+$B$9+(IF(F30="convert",$B$7,0)+IF(F31="convert",$B$8,0)+IF(F33="convert",$B$10,0)+IF(F34="convert",$B$11,0)+IF(F35="convert",$B$12,0)+IF(F36="convert",$B$13,0))))+$B$15),((F$3-(IF(F30="preference",$C$7,0)+IF(F31="preference",$C$8,0)+IF(F33="preference",$C$10,0)+IF(F34="preference",$C$11,0)+IF(F35="preference",$C$12,0)+IF(F36="preference",$C$13,0))))/(($B$14+$B$9+(IF(F30="convert",$B$7,0)+IF(F31="convert",$B$8,0)+IF(F33="convert",$B$10,0)+IF(F34="convert",$B$11,0)+IF(F35="convert",$B$12,0)+IF(F36="convert",$B$13,0))))))*$B$9,"preference","convert")
A42: C | B42: =IF($C$10>(IF((((B$3-(IF(B30="preference",$C$7,0)+IF(B31="preference",$C$8,0)+IF(B32="preference",$C$9,0)+IF(B34="preference",$C$11,0)+IF(B35="preference",$C$12,0)+IF(B36="preference",$C$13,0))))+$B$15*$B$16)/((($B$14+$B$10+(IF(B30="convert",$B$7,0)+IF(B31="convert",$B$8,0)+IF(B32="convert",$B$9,0)+IF(B34="convert",$B$11,0)+IF(B35="convert",$B$12,0)+IF(B36="convert",$B$13,0))))+$B$15)>$B$16,(((B$3-(IF(B30="preference",$C$7,0)+IF(B31="preference",$C$8,0)+IF(B32="preference",$C$9,0)+IF(B34="preference",$C$11,0)+IF(B35="preference",$C$12,0)+IF(B36="preference",$C$13,0))))+$B$15*$B$16)/((($B$14+$B$10+(IF(B30="convert",$B$7,0)+IF(B31="convert",$B$8,0)+IF(B32="convert",$B$9,0)+IF(B34="convert",$B$11,0)+IF(B35="convert",$B$12,0)+IF(B36="convert",$B$13,0))))+$B$15),((B$3-(IF(B30="preference",$C$7,0)+IF(B31="preference",$C$8,0)+IF(B32="preference",$C$9,0)+IF(B34="preference",$C$11,0)+IF(B35="preference",$C$12,0)+IF(B36="preference",$C$13,0))))/(($B$14+$B$10+(IF(B30="convert",$B$7,0)+IF(B31="convert",$B$8,0)+IF(B32="convert",$B$9,0)+IF(B34="convert",$B$11,0)+IF(B35="convert",$B$12,0)+IF(B36="convert",$B$13,0))))))*$B$10,"preference","convert") | C42: =IF($C$10>(IF((((C$3-(IF(C30="preference",$C$7,0)+IF(C31="preference",$C$8,0)+IF(C32="preference",$C$9,0)+IF(C34="preference",$C$11,0)+IF(C35="preference",$C$12,0)+IF(C36="preference",$C$13,0))))+$B$15*$B$16)/((($B$14+$B$10+(IF(C30="convert",$B$7,0)+IF(C31="convert",$B$8,0)+IF(C32="convert",$B$9,0)+IF(C34="convert",$B$11,0)+IF(C35="convert",$B$12,0)+IF(C36="convert",$B$13,0))))+$B$15)>$B$16,(((C$3-(IF(C30="preference",$C$7,0)+IF(C31="preference",$C$8,0)+IF(C32="preference",$C$9,0)+IF(C34="preference",$C$11,0)+IF(C35="preference",$C$12,0)+IF(C36="preference",$C$13,0))))+$B$15*$B$16)/((($B$14+$B$10+(IF(C30="convert",$B$7,0)+IF(C31="convert",$B$8,0)+IF(C32="convert",$B$9,0)+IF(C34="convert",$B$11,0)+IF(C35="convert",$B$12,0)+IF(C36="convert",$B$13,0))))+$B$15),((C$3-(IF(C30="preference",$C$7,0)+IF(C31="preference",$C$8,0)+IF(C32="preference",$C$9,0)+IF(C34="preference",$C$11,0)+IF(C35="preference",$C$12,0)+IF(C36="preference",$C$13,0))))/(($B$14+$B$10+(IF(C30="convert",$B$7,0)+IF(C31="convert",$B$8,0)+IF(C32="convert",$B$9,0)+IF(C34="convert",$B$11,0)+IF(C35="convert",$B$12,0)+IF(C36="convert",$B$13,0))))))*$B$10,"preference","convert") | D42: =IF($C$10>(IF((((D$3-(IF(D30="preference",$C$7,0)+IF(D31="preference",$C$8,0)+IF(D32="preference",$C$9,0)+IF(D34="preference",$C$11,0)+IF(D35="preference",$C$12,0)+IF(D36="preference",$C$13,0))))+$B$15*$B$16)/((($B$14+$B$10+(IF(D30="convert",$B$7,0)+IF(D31="convert",$B$8,0)+IF(D32="convert",$B$9,0)+IF(D34="convert",$B$11,0)+IF(D35="convert",$B$12,0)+IF(D36="convert",$B$13,0))))+$B$15)>$B$16,(((D$3-(IF(D30="preference",$C$7,0)+IF(D31="preference",$C$8,0)+IF(D32="preference",$C$9,0)+IF(D34="preference",$C$11,0)+IF(D35="preference",$C$12,0)+IF(D36="preference",$C$13,0))))+$B$15*$B$16)/((($B$14+$B$10+(IF(D30="convert",$B$7,0)+IF(D31="convert",$B$8,0)+IF(D32="convert",$B$9,0)+IF(D34="convert",$B$11,0)+IF(D35="convert",$B$12,0)+IF(D36="convert",$B$13,0))))+$B$15),((D$3-(IF(D30="preference",$C$7,0)+IF(D31="preference",$C$8,0)+IF(D32="preference",$C$9,0)+IF(D34="preference",$C$11,0)+IF(D35="preference",$C$12,0)+IF(D36="preference",$C$13,0))))/(($B$14+$B$10+(IF(D30="convert",$B$7,0)+IF(D31="convert",$B$8,0)+IF(D32="convert",$B$9,0)+IF(D34="convert",$B$11,0)+IF(D35="convert",$B$12,0)+IF(D36="convert",$B$13,0))))))*$B$10,"preference","convert") | E42: =IF($C$10>(IF((((E$3-(IF(E30="preference",$C$7,0)+IF(E31="preference",$C$8,0)+IF(E32="preference",$C$9,0)+IF(E34="preference",$C$11,0)+IF(E35="preference",$C$12,0)+IF(E36="preference",$C$13,0))))+$B$15*$B$16)/((($B$14+$B$10+(IF(E30="convert",$B$7,0)+IF(E31="convert",$B$8,0)+IF(E32="convert",$B$9,0)+IF(E34="convert",$B$11,0)+IF(E35="convert",$B$12,0)+IF(E36="convert",$B$13,0))))+$B$15)>$B$16,(((E$3-(IF(E30="preference",$C$7,0)+IF(E31="preference",$C$8,0)+IF(E32="preference",$C$9,0)+IF(E34="preference",$C$11,0)+IF(E35="preference",$C$12,0)+IF(E36="preference",$C$13,0))))+$B$15*$B$16)/((($B$14+$B$10+(IF(E30="convert",$B$7,0)+IF(E31="convert",$B$8,0)+IF(E32="convert",$B$9,0)+IF(E34="convert",$B$11,0)+IF(E35="convert",$B$12,0)+IF(E36="convert",$B$13,0))))+$B$15),((E$3-(IF(E30="preference",$C$7,0)+IF(E31="preference",$C$8,0)+IF(E32="preference",$C$9,0)+IF(E34="preference",$C$11,0)+IF(E35="preference",$C$12,0)+IF(E36="preference",$C$13,0))))/(($B$14+$B$10+(IF(E30="convert",$B$7,0)+IF(E31="convert",$B$8,0)+IF(E32="convert",$B$9,0)+IF(E34="convert",$B$11,0)+IF(E35="convert",$B$12,0)+IF(E36="convert",$B$13,0))))))*$B$10,"preference","convert") | F42: =IF($C$10>(IF((((F$3-(IF(F30="preference",$C$7,0)+IF(F31="preference",$C$8,0)+IF(F32="preference",$C$9,0)+IF(F34="preference",$C$11,0)+IF(F35="preference",$C$12,0)+IF(F36="preference",$C$13,0))))+$B$15*$B$16)/((($B$14+$B$10+(IF(F30="convert",$B$7,0)+IF(F31="convert",$B$8,0)+IF(F32="convert",$B$9,0)+IF(F34="convert",$B$11,0)+IF(F35="convert",$B$12,0)+IF(F36="convert",$B$13,0))))+$B$15)>$B$16,(((F$3-(IF(F30="preference",$C$7,0)+IF(F31="preference",$C$8,0)+IF(F32="preference",$C$9,0)+IF(F34="preference",$C$11,0)+IF(F35="preference",$C$12,0)+IF(F36="preference",$C$13,0))))+$B$15*$B$16)/((($B$14+$B$10+(IF(F30="convert",$B$7,0)+IF(F31="convert",$B$8,0)+IF(F32="convert",$B$9,0)+IF(F34="convert",$B$11,0)+IF(F35="convert",$B$12,0)+IF(F36="convert",$B$13,0))))+$B$15),((F$3-(IF(F30="preference",$C$7,0)+IF(F31="preference",$C$8,0)+IF(F32="preference",$C$9,0)+IF(F34="preference",$C$11,0)+IF(F35="preference",$C$12,0)+IF(F36="preference",$C$13,0))))/(($B$14+$B$10+(IF(F30="convert",$B$7,0)+IF(F31="convert",$B$8,0)+IF(F32="convert",$B$9,0)+IF(F34="convert",$B$11,0)+IF(F35="convert",$B$12,0)+IF(F36="convert",$B$13,0))))))*$B$10,"preference","convert")
A43: B | B43: =IF($C$11>(IF((((B$3-(IF(B30="preference",$C$7,0)+IF(B31="preference",$C$8,0)+IF(B32="preference",$C$9,0)+IF(B33="preference",$C$10,0)+IF(B35="preference",$C$12,0)+IF(B36="preference",$C$13,0))))+$B$15*$B$16)/((($B$14+$B$11+(IF(B30="convert",$B$7,0)+IF(B31="convert",$B$8,0)+IF(B32="convert",$B$9,0)+IF(B33="convert",$B$10,0)+IF(B35="convert",$B$12,0)+IF(B36="convert",$B$13,0))))+$B$15)>$B$16,(((B$3-(IF(B30="preference",$C$7,0)+IF(B31="preference",$C$8,0)+IF(B32="preference",$C$9,0)+IF(B33="preference",$C$10,0)+IF(B35="preference",$C$12,0)+IF(B36="preference",$C$13,0))))+$B$15*$B$16)/((($B$14+$B$11+(IF(B30="convert",$B$7,0)+IF(B31="convert",$B$8,0)+IF(B32="convert",$B$9,0)+IF(B33="convert",$B$10,0)+IF(B35="convert",$B$12,0)+IF(B36="convert",$B$13,0))))+$B$15),((B$3-(IF(B30="preference",$C$7,0)+IF(B31="preference",$C$8,0)+IF(B32="preference",$C$9,0)+IF(B33="preference",$C$10,0)+IF(B35="preference",$C$12,0)+IF(B36="preference",$C$13,0))))/(($B$14+$B$11+(IF(B30="convert",$B$7,0)+IF(B31="convert",$B$8,0)+IF(B32="convert",$B$9,0)+IF(B33="convert",$B$10,0)+IF(B35="convert",$B$12,0)+IF(B36="convert",$B$13,0))))))*$B$11,"preference","convert") | C43: =IF($C$11>(IF((((C$3-(IF(C30="preference",$C$7,0)+IF(C31="preference",$C$8,0)+IF(C32="preference",$C$9,0)+IF(C33="preference",$C$10,0)+IF(C35="preference",$C$12,0)+IF(C36="preference",$C$13,0))))+$B$15*$B$16)/((($B$14+$B$11+(IF(C30="convert",$B$7,0)+IF(C31="convert",$B$8,0)+IF(C32="convert",$B$9,0)+IF(C33="convert",$B$10,0)+IF(C35="convert",$B$12,0)+IF(C36="convert",$B$13,0))))+$B$15)>$B$16,(((C$3-(IF(C30="preference",$C$7,0)+IF(C31="preference",$C$8,0)+IF(C32="preference",$C$9,0)+IF(C33="preference",$C$10,0)+IF(C35="preference",$C$12,0)+IF(C36="preference",$C$13,0))))+$B$15*$B$16)/((($B$14+$B$11+(IF(C30="convert",$B$7,0)+IF(C31="convert",$B$8,0)+IF(C32="convert",$B$9,0)+IF(C33="convert",$B$10,0)+IF(C35="convert",$B$12,0)+IF(C36="convert",$B$13,0))))+$B$15),((C$3-(IF(C30="preference",$C$7,0)+IF(C31="preference",$C$8,0)+IF(C32="preference",$C$9,0)+IF(C33="preference",$C$10,0)+IF(C35="preference",$C$12,0)+IF(C36="preference",$C$13,0))))/(($B$14+$B$11+(IF(C30="convert",$B$7,0)+IF(C31="convert",$B$8,0)+IF(C32="convert",$B$9,0)+IF(C33="convert",$B$10,0)+IF(C35="convert",$B$12,0)+IF(C36="convert",$B$13,0))))))*$B$11,"preference","convert") | D43: =IF($C$11>(IF((((D$3-(IF(D30="preference",$C$7,0)+IF(D31="preference",$C$8,0)+IF(D32="preference",$C$9,0)+IF(D33="preference",$C$10,0)+IF(D35="preference",$C$12,0)+IF(D36="preference",$C$13,0))))+$B$15*$B$16)/((($B$14+$B$11+(IF(D30="convert",$B$7,0)+IF(D31="convert",$B$8,0)+IF(D32="convert",$B$9,0)+IF(D33="convert",$B$10,0)+IF(D35="convert",$B$12,0)+IF(D36="convert",$B$13,0))))+$B$15)>$B$16,(((D$3-(IF(D30="preference",$C$7,0)+IF(D31="preference",$C$8,0)+IF(D32="preference",$C$9,0)+IF(D33="preference",$C$10,0)+IF(D35="preference",$C$12,0)+IF(D36="preference",$C$13,0))))+$B$15*$B$16)/((($B$14+$B$11+(IF(D30="convert",$B$7,0)+IF(D31="convert",$B$8,0)+IF(D32="convert",$B$9,0)+IF(D33="convert",$B$10,0)+IF(D35="convert",$B$12,0)+IF(D36="convert",$B$13,0))))+$B$15),((D$3-(IF(D30="preference",$C$7,0)+IF(D31="preference",$C$8,0)+IF(D32="preference",$C$9,0)+IF(D33="preference",$C$10,0)+IF(D35="preference",$C$12,0)+IF(D36="preference",$C$13,0))))/(($B$14+$B$11+(IF(D30="convert",$B$7,0)+IF(D31="convert",$B$8,0)+IF(D32="convert",$B$9,0)+IF(D33="convert",$B$10,0)+IF(D35="convert",$B$12,0)+IF(D36="convert",$B$13,0))))))*$B$11,"preference","convert") | E43: =IF($C$11>(IF((((E$3-(IF(E30="preference",$C$7,0)+IF(E31="preference",$C$8,0)+IF(E32="preference",$C$9,0)+IF(E33="preference",$C$10,0)+IF(E35="preference",$C$12,0)+IF(E36="preference",$C$13,0))))+$B$15*$B$16)/((($B$14+$B$11+(IF(E30="convert",$B$7,0)+IF(E31="convert",$B$8,0)+IF(E32="convert",$B$9,0)+IF(E33="convert",$B$10,0)+IF(E35="convert",$B$12,0)+IF(E36="convert",$B$13,0))))+$B$15)>$B$16,(((E$3-(IF(E30="preference",$C$7,0)+IF(E31="preference",$C$8,0)+IF(E32="preference",$C$9,0)+IF(E33="preference",$C$10,0)+IF(E35="preference",$C$12,0)+IF(E36="preference",$C$13,0))))+$B$15*$B$16)/((($B$14+$B$11+(IF(E30="convert",$B$7,0)+IF(E31="convert",$B$8,0)+IF(E32="convert",$B$9,0)+IF(E33="convert",$B$10,0)+IF(E35="convert",$B$12,0)+IF(E36="convert",$B$13,0))))+$B$15),((E$3-(IF(E30="preference",$C$7,0)+IF(E31="preference",$C$8,0)+IF(E32="preference",$C$9,0)+IF(E33="preference",$C$10,0)+IF(E35="preference",$C$12,0)+IF(E36="preference",$C$13,0))))/(($B$14+$B$11+(IF(E30="convert",$B$7,0)+IF(E31="convert",$B$8,0)+IF(E32="convert",$B$9,0)+IF(E33="convert",$B$10,0)+IF(E35="convert",$B$12,0)+IF(E36="convert",$B$13,0))))))*$B$11,"preference","convert") | F43: =IF($C$11>(IF((((F$3-(IF(F30="preference",$C$7,0)+IF(F31="preference",$C$8,0)+IF(F32="preference",$C$9,0)+IF(F33="preference",$C$10,0)+IF(F35="preference",$C$12,0)+IF(F36="preference",$C$13,0))))+$B$15*$B$16)/((($B$14+$B$11+(IF(F30="convert",$B$7,0)+IF(F31="convert",$B$8,0)+IF(F32="convert",$B$9,0)+IF(F33="convert",$B$10,0)+IF(F35="convert",$B$12,0)+IF(F36="convert",$B$13,0))))+$B$15)>$B$16,(((F$3-(IF(F30="preference",$C$7,0)+IF(F31="preference",$C$8,0)+IF(F32="preference",$C$9,0)+IF(F33="preference",$C$10,0)+IF(F35="preference",$C$12,0)+IF(F36="preference",$C$13,0))))+$B$15*$B$16)/((($B$14+$B$11+(IF(F30="convert",$B$7,0)+IF(F31="convert",$B$8,0)+IF(F32="convert",$B$9,0)+IF(F33="convert",$B$10,0)+IF(F35="convert",$B$12,0)+IF(F36="convert",$B$13,0))))+$B$15),((F$3-(IF(F30="preference",$C$7,0)+IF(F31="preference",$C$8,0)+IF(F32="preference",$C$9,0)+IF(F33="preference",$C$10,0)+IF(F35="preference",$C$12,0)+IF(F36="preference",$C$13,0))))/(($B$14+$B$11+(IF(F30="convert",$B$7,0)+IF(F31="convert",$B$8,0)+IF(F32="convert",$B$9,0)+IF(F33="convert",$B$10,0)+IF(F35="convert",$B$12,0)+IF(F36="convert",$B$13,0))))))*$B$11,"preference","convert")
A44: A | B44: =IF($C$12>(IF((((B$3-(IF(B30="preference",$C$7,0)+IF(B31="preference",$C$8,0)+IF(B32="preference",$C$9,0)+IF(B33="preference",$C$10,0)+IF(B34="preference",$C$11,0)+IF(B36="preference",$C$13,0))))+$B$15*$B$16)/((($B$14+$B$12+(IF(B30="convert",$B$7,0)+IF(B31="convert",$B$8,0)+IF(B32="convert",$B$9,0)+IF(B33="convert",$B$10,0)+IF(B34="convert",$B$11,0)+IF(B36="convert",$B$13,0))))+$B$15)>$B$16,(((B$3-(IF(B30="preference",$C$7,0)+IF(B31="preference",$C$8,0)+IF(B32="preference",$C$9,0)+IF(B33="preference",$C$10,0)+IF(B34="preference",$C$11,0)+IF(B36="preference",$C$13,0))))+$B$15*$B$16)/((($B$14+$B$12+(IF(B30="convert",$B$7,0)+IF(B31="convert",$B$8,0)+IF(B32="convert",$B$9,0)+IF(B33="convert",$B$10,0)+IF(B34="convert",$B$11,0)+IF(B36="convert",$B$13,0))))+$B$15),((B$3-(IF(B30="preference",$C$7,0)+IF(B31="preference",$C$8,0)+IF(B32="preference",$C$9,0)+IF(B33="preference",$C$10,0)+IF(B34="preference",$C$11,0)+IF(B36="preference",$C$13,0))))/(($B$14+$B$12+(IF(B30="convert",$B$7,0)+IF(B31="convert",$B$8,0)+IF(B32="convert",$B$9,0)+IF(B33="convert",$B$10,0)+IF(B34="convert",$B$11,0)+IF(B36="convert",$B$13,0))))))*$B$12,"preference","convert") | C44: =IF($C$12>(IF((((C$3-(IF(C30="preference",$C$7,0)+IF(C31="preference",$C$8,0)+IF(C32="preference",$C$9,0)+IF(C33="preference",$C$10,0)+IF(C34="preference",$C$11,0)+IF(C36="preference",$C$13,0))))+$B$15*$B$16)/((($B$14+$B$12+(IF(C30="convert",$B$7,0)+IF(C31="convert",$B$8,0)+IF(C32="convert",$B$9,0)+IF(C33="convert",$B$10,0)+IF(C34="convert",$B$11,0)+IF(C36="convert",$B$13,0))))+$B$15)>$B$16,(((C$3-(IF(C30="preference",$C$7,0)+IF(C31="preference",$C$8,0)+IF(C32="preference",$C$9,0)+IF(C33="preference",$C$10,0)+IF(C34="preference",$C$11,0)+IF(C36="preference",$C$13,0))))+$B$15*$B$16)/((($B$14+$B$12+(IF(C30="convert",$B$7,0)+IF(C31="convert",$B$8,0)+IF(C32="convert",$B$9,0)+IF(C33="convert",$B$10,0)+IF(C34="convert",$B$11,0)+IF(C36="convert",$B$13,0))))+$B$15),((C$3-(IF(C30="preference",$C$7,0)+IF(C31="preference",$C$8,0)+IF(C32="preference",$C$9,0)+IF(C33="preference",$C$10,0)+IF(C34="preference",$C$11,0)+IF(C36="preference",$C$13,0))))/(($B$14+$B$12+(IF(C30="convert",$B$7,0)+IF(C31="convert",$B$8,0)+IF(C32="convert",$B$9,0)+IF(C33="convert",$B$10,0)+IF(C34="convert",$B$11,0)+IF(C36="convert",$B$13,0))))))*$B$12,"preference","convert") | D44: =IF($C$12>(IF((((D$3-(IF(D30="preference",$C$7,0)+IF(D31="preference",$C$8,0)+IF(D32="preference",$C$9,0)+IF(D33="preference",$C$10,0)+IF(D34="preference",$C$11,0)+IF(D36="preference",$C$13,0))))+$B$15*$B$16)/((($B$14+$B$12+(IF(D30="convert",$B$7,0)+IF(D31="convert",$B$8,0)+IF(D32="convert",$B$9,0)+IF(D33="convert",$B$10,0)+IF(D34="convert",$B$11,0)+IF(D36="convert",$B$13,0))))+$B$15)>$B$16,(((D$3-(IF(D30="preference",$C$7,0)+IF(D31="preference",$C$8,0)+IF(D32="preference",$C$9,0)+IF(D33="preference",$C$10,0)+IF(D34="preference",$C$11,0)+IF(D36="preference",$C$13,0))))+$B$15*$B$16)/((($B$14+$B$12+(IF(D30="convert",$B$7,0)+IF(D31="convert",$B$8,0)+IF(D32="convert",$B$9,0)+IF(D33="convert",$B$10,0)+IF(D34="convert",$B$11,0)+IF(D36="convert",$B$13,0))))+$B$15),((D$3-(IF(D30="preference",$C$7,0)+IF(D31="preference",$C$8,0)+IF(D32="preference",$C$9,0)+IF(D33="preference",$C$10,0)+IF(D34="preference",$C$11,0)+IF(D36="preference",$C$13,0))))/(($B$14+$B$12+(IF(D30="convert",$B$7,0)+IF(D31="convert",$B$8,0)+IF(D32="convert",$B$9,0)+IF(D33="convert",$B$10,0)+IF(D34="convert",$B$11,0)+IF(D36="convert",$B$13,0))))))*$B$12,"preference","convert") | E44: =IF($C$12>(IF((((E$3-(IF(E30="preference",$C$7,0)+IF(E31="preference",$C$8,0)+IF(E32="preference",$C$9,0)+IF(E33="preference",$C$10,0)+IF(E34="preference",$C$11,0)+IF(E36="preference",$C$13,0))))+$B$15*$B$16)/((($B$14+$B$12+(IF(E30="convert",$B$7,0)+IF(E31="convert",$B$8,0)+IF(E32="convert",$B$9,0)+IF(E33="convert",$B$10,0)+IF(E34="convert",$B$11,0)+IF(E36="convert",$B$13,0))))+$B$15)>$B$16,(((E$3-(IF(E30="preference",$C$7,0)+IF(E31="preference",$C$8,0)+IF(E32="preference",$C$9,0)+IF(E33="preference",$C$10,0)+IF(E34="preference",$C$11,0)+IF(E36="preference",$C$13,0))))+$B$15*$B$16)/((($B$14+$B$12+(IF(E30="convert",$B$7,0)+IF(E31="convert",$B$8,0)+IF(E32="convert",$B$9,0)+IF(E33="convert",$B$10,0)+IF(E34="convert",$B$11,0)+IF(E36="convert",$B$13,0))))+$B$15),((E$3-(IF(E30="preference",$C$7,0)+IF(E31="preference",$C$8,0)+IF(E32="preference",$C$9,0)+IF(E33="preference",$C$10,0)+IF(E34="preference",$C$11,0)+IF(E36="preference",$C$13,0))))/(($B$14+$B$12+(IF(E30="convert",$B$7,0)+IF(E31="convert",$B$8,0)+IF(E32="convert",$B$9,0)+IF(E33="convert",$B$10,0)+IF(E34="convert",$B$11,0)+IF(E36="convert",$B$13,0))))))*$B$12,"preference","convert") | F44: =IF($C$12>(IF((((F$3-(IF(F30="preference",$C$7,0)+IF(F31="preference",$C$8,0)+IF(F32="preference",$C$9,0)+IF(F33="preference",$C$10,0)+IF(F34="preference",$C$11,0)+IF(F36="preference",$C$13,0))))+$B$15*$B$16)/((($B$14+$B$12+(IF(F30="convert",$B$7,0)+IF(F31="convert",$B$8,0)+IF(F32="convert",$B$9,0)+IF(F33="convert",$B$10,0)+IF(F34="convert",$B$11,0)+IF(F36="convert",$B$13,0))))+$B$15)>$B$16,(((F$3-(IF(F30="preference",$C$7,0)+IF(F31="preference",$C$8,0)+IF(F32="preference",$C$9,0)+IF(F33="preference",$C$10,0)+IF(F34="preference",$C$11,0)+IF(F36="preference",$C$13,0))))+$B$15*$B$16)/((($B$14+$B$12+(IF(F30="convert",$B$7,0)+IF(F31="convert",$B$8,0)+IF(F32="convert",$B$9,0)+IF(F33="convert",$B$10,0)+IF(F34="convert",$B$11,0)+IF(F36="convert",$B$13,0))))+$B$15),((F$3-(IF(F30="preference",$C$7,0)+IF(F31="preference",$C$8,0)+IF(F32="preference",$C$9,0)+IF(F33="preference",$C$10,0)+IF(F34="preference",$C$11,0)+IF(F36="preference",$C$13,0))))/(($B$14+$B$12+(IF(F30="convert",$B$7,0)+IF(F31="convert",$B$8,0)+IF(F32="convert",$B$9,0)+IF(F33="convert",$B$10,0)+IF(F34="convert",$B$11,0)+IF(F36="convert",$B$13,0))))))*$B$12,"preference","convert")
A45: Seed | B45: =IF($C$13>(IF((((B$3-(IF(B30="preference",$C$7,0)+IF(B31="preference",$C$8,0)+IF(B32="preference",$C$9,0)+IF(B33="preference",$C$10,0)+IF(B34="preference",$C$11,0)+IF(B35="preference",$C$12,0))))+$B$15*$B$16)/((($B$14+$B$13+(IF(B30="convert",$B$7,0)+IF(B31="convert",$B$8,0)+IF(B32="convert",$B$9,0)+IF(B33="convert",$B$10,0)+IF(B34="convert",$B$11,0)+IF(B35="convert",$B$12,0))))+$B$15)>$B$16,(((B$3-(IF(B30="preference",$C$7,0)+IF(B31="preference",$C$8,0)+IF(B32="preference",$C$9,0)+IF(B33="preference",$C$10,0)+IF(B34="preference",$C$11,0)+IF(B35="preference",$C$12,0))))+$B$15*$B$16)/((($B$14+$B$13+(IF(B30="convert",$B$7,0)+IF(B31="convert",$B$8,0)+IF(B32="convert",$B$9,0)+IF(B33="convert",$B$10,0)+IF(B34="convert",$B$11,0)+IF(B35="convert",$B$12,0))))+$B$15),((B$3-(IF(B30="preference",$C$7,0)+IF(B31="preference",$C$8,0)+IF(B32="preference",$C$9,0)+IF(B33="preference",$C$10,0)+IF(B34="preference",$C$11,0)+IF(B35="preference",$C$12,0))))/(($B$14+$B$13+(IF(B30="convert",$B$7,0)+IF(B31="convert",$B$8,0)+IF(B32="convert",$B$9,0)+IF(B33="convert",$B$10,0)+IF(B34="convert",$B$11,0)+IF(B35="convert",$B$12,0))))))*$B$13,"preference","convert") | C45: =IF($C$13>(IF((((C$3-(IF(C30="preference",$C$7,0)+IF(C31="preference",$C$8,0)+IF(C32="preference",$C$9,0)+IF(C33="preference",$C$10,0)+IF(C34="preference",$C$11,0)+IF(C35="preference",$C$12,0))))+$B$15*$B$16)/((($B$14+$B$13+(IF(C30="convert",$B$7,0)+IF(C31="convert",$B$8,0)+IF(C32="convert",$B$9,0)+IF(C33="convert",$B$10,0)+IF(C34="convert",$B$11,0)+IF(C35="convert",$B$12,0))))+$B$15)>$B$16,(((C$3-(IF(C30="preference",$C$7,0)+IF(C31="preference",$C$8,0)+IF(C32="preference",$C$9,0)+IF(C33="preference",$C$10,0)+IF(C34="preference",$C$11,0)+IF(C35="preference",$C$12,0))))+$B$15*$B$16)/((($B$14+$B$13+(IF(C30="convert",$B$7,0)+IF(C31="convert",$B$8,0)+IF(C32="convert",$B$9,0)+IF(C33="convert",$B$10,0)+IF(C34="convert",$B$11,0)+IF(C35="convert",$B$12,0))))+$B$15),((C$3-(IF(C30="preference",$C$7,0)+IF(C31="preference",$C$8,0)+IF(C32="preference",$C$9,0)+IF(C33="preference",$C$10,0)+IF(C34="preference",$C$11,0)+IF(C35="preference",$C$12,0))))/(($B$14+$B$13+(IF(C30="convert",$B$7,0)+IF(C31="convert",$B$8,0)+IF(C32="convert",$B$9,0)+IF(C33="convert",$B$10,0)+IF(C34="convert",$B$11,0)+IF(C35="convert",$B$12,0))))))*$B$13,"preference","convert") | D45: =IF($C$13>(IF((((D$3-(IF(D30="preference",$C$7,0)+IF(D31="preference",$C$8,0)+IF(D32="preference",$C$9,0)+IF(D33="preference",$C$10,0)+IF(D34="preference",$C$11,0)+IF(D35="preference",$C$12,0))))+$B$15*$B$16)/((($B$14+$B$13+(IF(D30="convert",$B$7,0)+IF(D31="convert",$B$8,0)+IF(D32="convert",$B$9,0)+IF(D33="convert",$B$10,0)+IF(D34="convert",$B$11,0)+IF(D35="convert",$B$12,0))))+$B$15)>$B$16,(((D$3-(IF(D30="preference",$C$7,0)+IF(D31="preference",$C$8,0)+IF(D32="preference",$C$9,0)+IF(D33="preference",$C$10,0)+IF(D34="preference",$C$11,0)+IF(D35="preference",$C$12,0))))+$B$15*$B$16)/((($B$14+$B$13+(IF(D30="convert",$B$7,0)+IF(D31="convert",$B$8,0)+IF(D32="convert",$B$9,0)+IF(D33="convert",$B$10,0)+IF(D34="convert",$B$11,0)+IF(D35="convert",$B$12,0))))+$B$15),((D$3-(IF(D30="preference",$C$7,0)+IF(D31="preference",$C$8,0)+IF(D32="preference",$C$9,0)+IF(D33="preference",$C$10,0)+IF(D34="preference",$C$11,0)+IF(D35="preference",$C$12,0))))/(($B$14+$B$13+(IF(D30="convert",$B$7,0)+IF(D31="convert",$B$8,0)+IF(D32="convert",$B$9,0)+IF(D33="convert",$B$10,0)+IF(D34="convert",$B$11,0)+IF(D35="convert",$B$12,0))))))*$B$13,"preference","convert") | E45: =IF($C$13>(IF((((E$3-(IF(E30="preference",$C$7,0)+IF(E31="preference",$C$8,0)+IF(E32="preference",$C$9,0)+IF(E33="preference",$C$10,0)+IF(E34="preference",$C$11,0)+IF(E35="preference",$C$12,0))))+$B$15*$B$16)/((($B$14+$B$13+(IF(E30="convert",$B$7,0)+IF(E31="convert",$B$8,0)+IF(E32="convert",$B$9,0)+IF(E33="convert",$B$10,0)+IF(E34="convert",$B$11,0)+IF(E35="convert",$B$12,0))))+$B$15)>$B$16,(((E$3-(IF(E30="preference",$C$7,0)+IF(E31="preference",$C$8,0)+IF(E32="preference",$C$9,0)+IF(E33="preference",$C$10,0)+IF(E34="preference",$C$11,0)+IF(E35="preference",$C$12,0))))+$B$15*$B$16)/((($B$14+$B$13+(IF(E30="convert",$B$7,0)+IF(E31="convert",$B$8,0)+IF(E32="convert",$B$9,0)+IF(E33="convert",$B$10,0)+IF(E34="convert",$B$11,0)+IF(E35="convert",$B$12,0))))+$B$15),((E$3-(IF(E30="preference",$C$7,0)+IF(E31="preference",$C$8,0)+IF(E32="preference",$C$9,0)+IF(E33="preference",$C$10,0)+IF(E34="preference",$C$11,0)+IF(E35="preference",$C$12,0))))/(($B$14+$B$13+(IF(E30="convert",$B$7,0)+IF(E31="convert",$B$8,0)+IF(E32="convert",$B$9,0)+IF(E33="convert",$B$10,0)+IF(E34="convert",$B$11,0)+IF(E35="convert",$B$12,0))))))*$B$13,"preference","convert") | F45: =IF($C$13>(IF((((F$3-(IF(F30="preference",$C$7,0)+IF(F31="preference",$C$8,0)+IF(F32="preference",$C$9,0)+IF(F33="preference",$C$10,0)+IF(F34="preference",$C$11,0)+IF(F35="preference",$C$12,0))))+$B$15*$B$16)/((($B$14+$B$13+(IF(F30="convert",$B$7,0)+IF(F31="convert",$B$8,0)+IF(F32="convert",$B$9,0)+IF(F33="convert",$B$10,0)+IF(F34="convert",$B$11,0)+IF(F35="convert",$B$12,0))))+$B$15)>$B$16,(((F$3-(IF(F30="preference",$C$7,0)+IF(F31="preference",$C$8,0)+IF(F32="preference",$C$9,0)+IF(F33="preference",$C$10,0)+IF(F34="preference",$C$11,0)+IF(F35="preference",$C$12,0))))+$B$15*$B$16)/((($B$14+$B$13+(IF(F30="convert",$B$7,0)+IF(F31="convert",$B$8,0)+IF(F32="convert",$B$9,0)+IF(F33="convert",$B$10,0)+IF(F34="convert",$B$11,0)+IF(F35="convert",$B$12,0))))+$B$15),((F$3-(IF(F30="preference",$C$7,0)+IF(F31="preference",$C$8,0)+IF(F32="preference",$C$9,0)+IF(F33="preference",$C$10,0)+IF(F34="preference",$C$11,0)+IF(F35="preference",$C$12,0))))/(($B$14+$B$13+(IF(F30="convert",$B$7,0)+IF(F31="convert",$B$8,0)+IF(F32="convert",$B$9,0)+IF(F33="convert",$B$10,0)+IF(F34="convert",$B$11,0)+IF(F35="convert",$B$12,0))))))*$B$13,"preference","convert")
A46: PASS 4 ELECTIONS (best-response to Pass 3)
A47: Class | B47: =Assumptions!$B$7 | C47: =Assumptions!$B$8 | D47: =Assumptions!$B$9 | E47: =Assumptions!$B$10 | F47: =Assumptions!$B$11
A48: F | B48: =IF($C$7>(IF((((B$3-(IF(B40="preference",$C$8,0)+IF(B41="preference",$C$9,0)+IF(B42="preference",$C$10,0)+IF(B43="preference",$C$11,0)+IF(B44="preference",$C$12,0)+IF(B45="preference",$C$13,0))))+$B$15*$B$16)/((($B$14+$B$7+(IF(B40="convert",$B$8,0)+IF(B41="convert",$B$9,0)+IF(B42="convert",$B$10,0)+IF(B43="convert",$B$11,0)+IF(B44="convert",$B$12,0)+IF(B45="convert",$B$13,0))))+$B$15)>$B$16,(((B$3-(IF(B40="preference",$C$8,0)+IF(B41="preference",$C$9,0)+IF(B42="preference",$C$10,0)+IF(B43="preference",$C$11,0)+IF(B44="preference",$C$12,0)+IF(B45="preference",$C$13,0))))+$B$15*$B$16)/((($B$14+$B$7+(IF(B40="convert",$B$8,0)+IF(B41="convert",$B$9,0)+IF(B42="convert",$B$10,0)+IF(B43="convert",$B$11,0)+IF(B44="convert",$B$12,0)+IF(B45="convert",$B$13,0))))+$B$15),((B$3-(IF(B40="preference",$C$8,0)+IF(B41="preference",$C$9,0)+IF(B42="preference",$C$10,0)+IF(B43="preference",$C$11,0)+IF(B44="preference",$C$12,0)+IF(B45="preference",$C$13,0))))/(($B$14+$B$7+(IF(B40="convert",$B$8,0)+IF(B41="convert",$B$9,0)+IF(B42="convert",$B$10,0)+IF(B43="convert",$B$11,0)+IF(B44="convert",$B$12,0)+IF(B45="convert",$B$13,0))))))*$B$7,"preference","convert") | C48: =IF($C$7>(IF((((C$3-(IF(C40="preference",$C$8,0)+IF(C41="preference",$C$9,0)+IF(C42="preference",$C$10,0)+IF(C43="preference",$C$11,0)+IF(C44="preference",$C$12,0)+IF(C45="preference",$C$13,0))))+$B$15*$B$16)/((($B$14+$B$7+(IF(C40="convert",$B$8,0)+IF(C41="convert",$B$9,0)+IF(C42="convert",$B$10,0)+IF(C43="convert",$B$11,0)+IF(C44="convert",$B$12,0)+IF(C45="convert",$B$13,0))))+$B$15)>$B$16,(((C$3-(IF(C40="preference",$C$8,0)+IF(C41="preference",$C$9,0)+IF(C42="preference",$C$10,0)+IF(C43="preference",$C$11,0)+IF(C44="preference",$C$12,0)+IF(C45="preference",$C$13,0))))+$B$15*$B$16)/((($B$14+$B$7+(IF(C40="convert",$B$8,0)+IF(C41="convert",$B$9,0)+IF(C42="convert",$B$10,0)+IF(C43="convert",$B$11,0)+IF(C44="convert",$B$12,0)+IF(C45="convert",$B$13,0))))+$B$15),((C$3-(IF(C40="preference",$C$8,0)+IF(C41="preference",$C$9,0)+IF(C42="preference",$C$10,0)+IF(C43="preference",$C$11,0)+IF(C44="preference",$C$12,0)+IF(C45="preference",$C$13,0))))/(($B$14+$B$7+(IF(C40="convert",$B$8,0)+IF(C41="convert",$B$9,0)+IF(C42="convert",$B$10,0)+IF(C43="convert",$B$11,0)+IF(C44="convert",$B$12,0)+IF(C45="convert",$B$13,0))))))*$B$7,"preference","convert") | D48: =IF($C$7>(IF((((D$3-(IF(D40="preference",$C$8,0)+IF(D41="preference",$C$9,0)+IF(D42="preference",$C$10,0)+IF(D43="preference",$C$11,0)+IF(D44="preference",$C$12,0)+IF(D45="preference",$C$13,0))))+$B$15*$B$16)/((($B$14+$B$7+(IF(D40="convert",$B$8,0)+IF(D41="convert",$B$9,0)+IF(D42="convert",$B$10,0)+IF(D43="convert",$B$11,0)+IF(D44="convert",$B$12,0)+IF(D45="convert",$B$13,0))))+$B$15)>$B$16,(((D$3-(IF(D40="preference",$C$8,0)+IF(D41="preference",$C$9,0)+IF(D42="preference",$C$10,0)+IF(D43="preference",$C$11,0)+IF(D44="preference",$C$12,0)+IF(D45="preference",$C$13,0))))+$B$15*$B$16)/((($B$14+$B$7+(IF(D40="convert",$B$8,0)+IF(D41="convert",$B$9,0)+IF(D42="convert",$B$10,0)+IF(D43="convert",$B$11,0)+IF(D44="convert",$B$12,0)+IF(D45="convert",$B$13,0))))+$B$15),((D$3-(IF(D40="preference",$C$8,0)+IF(D41="preference",$C$9,0)+IF(D42="preference",$C$10,0)+IF(D43="preference",$C$11,0)+IF(D44="preference",$C$12,0)+IF(D45="preference",$C$13,0))))/(($B$14+$B$7+(IF(D40="convert",$B$8,0)+IF(D41="convert",$B$9,0)+IF(D42="convert",$B$10,0)+IF(D43="convert",$B$11,0)+IF(D44="convert",$B$12,0)+IF(D45="convert",$B$13,0))))))*$B$7,"preference","convert") | E48: =IF($C$7>(IF((((E$3-(IF(E40="preference",$C$8,0)+IF(E41="preference",$C$9,0)+IF(E42="preference",$C$10,0)+IF(E43="preference",$C$11,0)+IF(E44="preference",$C$12,0)+IF(E45="preference",$C$13,0))))+$B$15*$B$16)/((($B$14+$B$7+(IF(E40="convert",$B$8,0)+IF(E41="convert",$B$9,0)+IF(E42="convert",$B$10,0)+IF(E43="convert",$B$11,0)+IF(E44="convert",$B$12,0)+IF(E45="convert",$B$13,0))))+$B$15)>$B$16,(((E$3-(IF(E40="preference",$C$8,0)+IF(E41="preference",$C$9,0)+IF(E42="preference",$C$10,0)+IF(E43="preference",$C$11,0)+IF(E44="preference",$C$12,0)+IF(E45="preference",$C$13,0))))+$B$15*$B$16)/((($B$14+$B$7+(IF(E40="convert",$B$8,0)+IF(E41="convert",$B$9,0)+IF(E42="convert",$B$10,0)+IF(E43="convert",$B$11,0)+IF(E44="convert",$B$12,0)+IF(E45="convert",$B$13,0))))+$B$15),((E$3-(IF(E40="preference",$C$8,0)+IF(E41="preference",$C$9,0)+IF(E42="preference",$C$10,0)+IF(E43="preference",$C$11,0)+IF(E44="preference",$C$12,0)+IF(E45="preference",$C$13,0))))/(($B$14+$B$7+(IF(E40="convert",$B$8,0)+IF(E41="convert",$B$9,0)+IF(E42="convert",$B$10,0)+IF(E43="convert",$B$11,0)+IF(E44="convert",$B$12,0)+IF(E45="convert",$B$13,0))))))*$B$7,"preference","convert") | F48: =IF($C$7>(IF((((F$3-(IF(F40="preference",$C$8,0)+IF(F41="preference",$C$9,0)+IF(F42="preference",$C$10,0)+IF(F43="preference",$C$11,0)+IF(F44="preference",$C$12,0)+IF(F45="preference",$C$13,0))))+$B$15*$B$16)/((($B$14+$B$7+(IF(F40="convert",$B$8,0)+IF(F41="convert",$B$9,0)+IF(F42="convert",$B$10,0)+IF(F43="convert",$B$11,0)+IF(F44="convert",$B$12,0)+IF(F45="convert",$B$13,0))))+$B$15)>$B$16,(((F$3-(IF(F40="preference",$C$8,0)+IF(F41="preference",$C$9,0)+IF(F42="preference",$C$10,0)+IF(F43="preference",$C$11,0)+IF(F44="preference",$C$12,0)+IF(F45="preference",$C$13,0))))+$B$15*$B$16)/((($B$14+$B$7+(IF(F40="convert",$B$8,0)+IF(F41="convert",$B$9,0)+IF(F42="convert",$B$10,0)+IF(F43="convert",$B$11,0)+IF(F44="convert",$B$12,0)+IF(F45="convert",$B$13,0))))+$B$15),((F$3-(IF(F40="preference",$C$8,0)+IF(F41="preference",$C$9,0)+IF(F42="preference",$C$10,0)+IF(F43="preference",$C$11,0)+IF(F44="preference",$C$12,0)+IF(F45="preference",$C$13,0))))/(($B$14+$B$7+(IF(F40="convert",$B$8,0)+IF(F41="convert",$B$9,0)+IF(F42="convert",$B$10,0)+IF(F43="convert",$B$11,0)+IF(F44="convert",$B$12,0)+IF(F45="convert",$B$13,0))))))*$B$7,"preference","convert")
A49: E | B49: =IF($C$8>(IF((((B$3-(IF(B39="preference",$C$7,0)+IF(B41="preference",$C$9,0)+IF(B42="preference",$C$10,0)+IF(B43="preference",$C$11,0)+IF(B44="preference",$C$12,0)+IF(B45="preference",$C$13,0))))+$B$15*$B$16)/((($B$14+$B$8+(IF(B39="convert",$B$7,0)+IF(B41="convert",$B$9,0)+IF(B42="convert",$B$10,0)+IF(B43="convert",$B$11,0)+IF(B44="convert",$B$12,0)+IF(B45="convert",$B$13,0))))+$B$15)>$B$16,(((B$3-(IF(B39="preference",$C$7,0)+IF(B41="preference",$C$9,0)+IF(B42="preference",$C$10,0)+IF(B43="preference",$C$11,0)+IF(B44="preference",$C$12,0)+IF(B45="preference",$C$13,0))))+$B$15*$B$16)/((($B$14+$B$8+(IF(B39="convert",$B$7,0)+IF(B41="convert",$B$9,0)+IF(B42="convert",$B$10,0)+IF(B43="convert",$B$11,0)+IF(B44="convert",$B$12,0)+IF(B45="convert",$B$13,0))))+$B$15),((B$3-(IF(B39="preference",$C$7,0)+IF(B41="preference",$C$9,0)+IF(B42="preference",$C$10,0)+IF(B43="preference",$C$11,0)+IF(B44="preference",$C$12,0)+IF(B45="preference",$C$13,0))))/(($B$14+$B$8+(IF(B39="convert",$B$7,0)+IF(B41="convert",$B$9,0)+IF(B42="convert",$B$10,0)+IF(B43="convert",$B$11,0)+IF(B44="convert",$B$12,0)+IF(B45="convert",$B$13,0))))))*$B$8,"preference","convert") | C49: =IF($C$8>(IF((((C$3-(IF(C39="preference",$C$7,0)+IF(C41="preference",$C$9,0)+IF(C42="preference",$C$10,0)+IF(C43="preference",$C$11,0)+IF(C44="preference",$C$12,0)+IF(C45="preference",$C$13,0))))+$B$15*$B$16)/((($B$14+$B$8+(IF(C39="convert",$B$7,0)+IF(C41="convert",$B$9,0)+IF(C42="convert",$B$10,0)+IF(C43="convert",$B$11,0)+IF(C44="convert",$B$12,0)+IF(C45="convert",$B$13,0))))+$B$15)>$B$16,(((C$3-(IF(C39="preference",$C$7,0)+IF(C41="preference",$C$9,0)+IF(C42="preference",$C$10,0)+IF(C43="preference",$C$11,0)+IF(C44="preference",$C$12,0)+IF(C45="preference",$C$13,0))))+$B$15*$B$16)/((($B$14+$B$8+(IF(C39="convert",$B$7,0)+IF(C41="convert",$B$9,0)+IF(C42="convert",$B$10,0)+IF(C43="convert",$B$11,0)+IF(C44="convert",$B$12,0)+IF(C45="convert",$B$13,0))))+$B$15),((C$3-(IF(C39="preference",$C$7,0)+IF(C41="preference",$C$9,0)+IF(C42="preference",$C$10,0)+IF(C43="preference",$C$11,0)+IF(C44="preference",$C$12,0)+IF(C45="preference",$C$13,0))))/(($B$14+$B$8+(IF(C39="convert",$B$7,0)+IF(C41="convert",$B$9,0)+IF(C42="convert",$B$10,0)+IF(C43="convert",$B$11,0)+IF(C44="convert",$B$12,0)+IF(C45="convert",$B$13,0))))))*$B$8,"preference","convert") | D49: =IF($C$8>(IF((((D$3-(IF(D39="preference",$C$7,0)+IF(D41="preference",$C$9,0)+IF(D42="preference",$C$10,0)+IF(D43="preference",$C$11,0)+IF(D44="preference",$C$12,0)+IF(D45="preference",$C$13,0))))+$B$15*$B$16)/((($B$14+$B$8+(IF(D39="convert",$B$7,0)+IF(D41="convert",$B$9,0)+IF(D42="convert",$B$10,0)+IF(D43="convert",$B$11,0)+IF(D44="convert",$B$12,0)+IF(D45="convert",$B$13,0))))+$B$15)>$B$16,(((D$3-(IF(D39="preference",$C$7,0)+IF(D41="preference",$C$9,0)+IF(D42="preference",$C$10,0)+IF(D43="preference",$C$11,0)+IF(D44="preference",$C$12,0)+IF(D45="preference",$C$13,0))))+$B$15*$B$16)/((($B$14+$B$8+(IF(D39="convert",$B$7,0)+IF(D41="convert",$B$9,0)+IF(D42="convert",$B$10,0)+IF(D43="convert",$B$11,0)+IF(D44="convert",$B$12,0)+IF(D45="convert",$B$13,0))))+$B$15),((D$3-(IF(D39="preference",$C$7,0)+IF(D41="preference",$C$9,0)+IF(D42="preference",$C$10,0)+IF(D43="preference",$C$11,0)+IF(D44="preference",$C$12,0)+IF(D45="preference",$C$13,0))))/(($B$14+$B$8+(IF(D39="convert",$B$7,0)+IF(D41="convert",$B$9,0)+IF(D42="convert",$B$10,0)+IF(D43="convert",$B$11,0)+IF(D44="convert",$B$12,0)+IF(D45="convert",$B$13,0))))))*$B$8,"preference","convert") | E49: =IF($C$8>(IF((((E$3-(IF(E39="preference",$C$7,0)+IF(E41="preference",$C$9,0)+IF(E42="preference",$C$10,0)+IF(E43="preference",$C$11,0)+IF(E44="preference",$C$12,0)+IF(E45="preference",$C$13,0))))+$B$15*$B$16)/((($B$14+$B$8+(IF(E39="convert",$B$7,0)+IF(E41="convert",$B$9,0)+IF(E42="convert",$B$10,0)+IF(E43="convert",$B$11,0)+IF(E44="convert",$B$12,0)+IF(E45="convert",$B$13,0))))+$B$15)>$B$16,(((E$3-(IF(E39="preference",$C$7,0)+IF(E41="preference",$C$9,0)+IF(E42="preference",$C$10,0)+IF(E43="preference",$C$11,0)+IF(E44="preference",$C$12,0)+IF(E45="preference",$C$13,0))))+$B$15*$B$16)/((($B$14+$B$8+(IF(E39="convert",$B$7,0)+IF(E41="convert",$B$9,0)+IF(E42="convert",$B$10,0)+IF(E43="convert",$B$11,0)+IF(E44="convert",$B$12,0)+IF(E45="convert",$B$13,0))))+$B$15),((E$3-(IF(E39="preference",$C$7,0)+IF(E41="preference",$C$9,0)+IF(E42="preference",$C$10,0)+IF(E43="preference",$C$11,0)+IF(E44="preference",$C$12,0)+IF(E45="preference",$C$13,0))))/(($B$14+$B$8+(IF(E39="convert",$B$7,0)+IF(E41="convert",$B$9,0)+IF(E42="convert",$B$10,0)+IF(E43="convert",$B$11,0)+IF(E44="convert",$B$12,0)+IF(E45="convert",$B$13,0))))))*$B$8,"preference","convert") | F49: =IF($C$8>(IF((((F$3-(IF(F39="preference",$C$7,0)+IF(F41="preference",$C$9,0)+IF(F42="preference",$C$10,0)+IF(F43="preference",$C$11,0)+IF(F44="preference",$C$12,0)+IF(F45="preference",$C$13,0))))+$B$15*$B$16)/((($B$14+$B$8+(IF(F39="convert",$B$7,0)+IF(F41="convert",$B$9,0)+IF(F42="convert",$B$10,0)+IF(F43="convert",$B$11,0)+IF(F44="convert",$B$12,0)+IF(F45="convert",$B$13,0))))+$B$15)>$B$16,(((F$3-(IF(F39="preference",$C$7,0)+IF(F41="preference",$C$9,0)+IF(F42="preference",$C$10,0)+IF(F43="preference",$C$11,0)+IF(F44="preference",$C$12,0)+IF(F45="preference",$C$13,0))))+$B$15*$B$16)/((($B$14+$B$8+(IF(F39="convert",$B$7,0)+IF(F41="convert",$B$9,0)+IF(F42="convert",$B$10,0)+IF(F43="convert",$B$11,0)+IF(F44="convert",$B$12,0)+IF(F45="convert",$B$13,0))))+$B$15),((F$3-(IF(F39="preference",$C$7,0)+IF(F41="preference",$C$9,0)+IF(F42="preference",$C$10,0)+IF(F43="preference",$C$11,0)+IF(F44="preference",$C$12,0)+IF(F45="preference",$C$13,0))))/(($B$14+$B$8+(IF(F39="convert",$B$7,0)+IF(F41="convert",$B$9,0)+IF(F42="convert",$B$10,0)+IF(F43="convert",$B$11,0)+IF(F44="convert",$B$12,0)+IF(F45="convert",$B$13,0))))))*$B$8,"preference","convert")
A50: D | B50: =IF($C$9>(IF((((B$3-(IF(B39="preference",$C$7,0)+IF(B40="preference",$C$8,0)+IF(B42="preference",$C$10,0)+IF(B43="preference",$C$11,0)+IF(B44="preference",$C$12,0)+IF(B45="preference",$C$13,0))))+$B$15*$B$16)/((($B$14+$B$9+(IF(B39="convert",$B$7,0)+IF(B40="convert",$B$8,0)+IF(B42="convert",$B$10,0)+IF(B43="convert",$B$11,0)+IF(B44="convert",$B$12,0)+IF(B45="convert",$B$13,0))))+$B$15)>$B$16,(((B$3-(IF(B39="preference",$C$7,0)+IF(B40="preference",$C$8,0)+IF(B42="preference",$C$10,0)+IF(B43="preference",$C$11,0)+IF(B44="preference",$C$12,0)+IF(B45="preference",$C$13,0))))+$B$15*$B$16)/((($B$14+$B$9+(IF(B39="convert",$B$7,0)+IF(B40="convert",$B$8,0)+IF(B42="convert",$B$10,0)+IF(B43="convert",$B$11,0)+IF(B44="convert",$B$12,0)+IF(B45="convert",$B$13,0))))+$B$15),((B$3-(IF(B39="preference",$C$7,0)+IF(B40="preference",$C$8,0)+IF(B42="preference",$C$10,0)+IF(B43="preference",$C$11,0)+IF(B44="preference",$C$12,0)+IF(B45="preference",$C$13,0))))/(($B$14+$B$9+(IF(B39="convert",$B$7,0)+IF(B40="convert",$B$8,0)+IF(B42="convert",$B$10,0)+IF(B43="convert",$B$11,0)+IF(B44="convert",$B$12,0)+IF(B45="convert",$B$13,0))))))*$B$9,"preference","convert") | C50: =IF($C$9>(IF((((C$3-(IF(C39="preference",$C$7,0)+IF(C40="preference",$C$8,0)+IF(C42="preference",$C$10,0)+IF(C43="preference",$C$11,0)+IF(C44="preference",$C$12,0)+IF(C45="preference",$C$13,0))))+$B$15*$B$16)/((($B$14+$B$9+(IF(C39="convert",$B$7,0)+IF(C40="convert",$B$8,0)+IF(C42="convert",$B$10,0)+IF(C43="convert",$B$11,0)+IF(C44="convert",$B$12,0)+IF(C45="convert",$B$13,0))))+$B$15)>$B$16,(((C$3-(IF(C39="preference",$C$7,0)+IF(C40="preference",$C$8,0)+IF(C42="preference",$C$10,0)+IF(C43="preference",$C$11,0)+IF(C44="preference",$C$12,0)+IF(C45="preference",$C$13,0))))+$B$15*$B$16)/((($B$14+$B$9+(IF(C39="convert",$B$7,0)+IF(C40="convert",$B$8,0)+IF(C42="convert",$B$10,0)+IF(C43="convert",$B$11,0)+IF(C44="convert",$B$12,0)+IF(C45="convert",$B$13,0))))+$B$15),((C$3-(IF(C39="preference",$C$7,0)+IF(C40="preference",$C$8,0)+IF(C42="preference",$C$10,0)+IF(C43="preference",$C$11,0)+IF(C44="preference",$C$12,0)+IF(C45="preference",$C$13,0))))/(($B$14+$B$9+(IF(C39="convert",$B$7,0)+IF(C40="convert",$B$8,0)+IF(C42="convert",$B$10,0)+IF(C43="convert",$B$11,0)+IF(C44="convert",$B$12,0)+IF(C45="convert",$B$13,0))))))*$B$9,"preference","convert") | D50: =IF($C$9>(IF((((D$3-(IF(D39="preference",$C$7,0)+IF(D40="preference",$C$8,0)+IF(D42="preference",$C$10,0)+IF(D43="preference",$C$11,0)+IF(D44="preference",$C$12,0)+IF(D45="preference",$C$13,0))))+$B$15*$B$16)/((($B$14+$B$9+(IF(D39="convert",$B$7,0)+IF(D40="convert",$B$8,0)+IF(D42="convert",$B$10,0)+IF(D43="convert",$B$11,0)+IF(D44="convert",$B$12,0)+IF(D45="convert",$B$13,0))))+$B$15)>$B$16,(((D$3-(IF(D39="preference",$C$7,0)+IF(D40="preference",$C$8,0)+IF(D42="preference",$C$10,0)+IF(D43="preference",$C$11,0)+IF(D44="preference",$C$12,0)+IF(D45="preference",$C$13,0))))+$B$15*$B$16)/((($B$14+$B$9+(IF(D39="convert",$B$7,0)+IF(D40="convert",$B$8,0)+IF(D42="convert",$B$10,0)+IF(D43="convert",$B$11,0)+IF(D44="convert",$B$12,0)+IF(D45="convert",$B$13,0))))+$B$15),((D$3-(IF(D39="preference",$C$7,0)+IF(D40="preference",$C$8,0)+IF(D42="preference",$C$10,0)+IF(D43="preference",$C$11,0)+IF(D44="preference",$C$12,0)+IF(D45="preference",$C$13,0))))/(($B$14+$B$9+(IF(D39="convert",$B$7,0)+IF(D40="convert",$B$8,0)+IF(D42="convert",$B$10,0)+IF(D43="convert",$B$11,0)+IF(D44="convert",$B$12,0)+IF(D45="convert",$B$13,0))))))*$B$9,"preference","convert") | E50: =IF($C$9>(IF((((E$3-(IF(E39="preference",$C$7,0)+IF(E40="preference",$C$8,0)+IF(E42="preference",$C$10,0)+IF(E43="preference",$C$11,0)+IF(E44="preference",$C$12,0)+IF(E45="preference",$C$13,0))))+$B$15*$B$16)/((($B$14+$B$9+(IF(E39="convert",$B$7,0)+IF(E40="convert",$B$8,0)+IF(E42="convert",$B$10,0)+IF(E43="convert",$B$11,0)+IF(E44="convert",$B$12,0)+IF(E45="convert",$B$13,0))))+$B$15)>$B$16,(((E$3-(IF(E39="preference",$C$7,0)+IF(E40="preference",$C$8,0)+IF(E42="preference",$C$10,0)+IF(E43="preference",$C$11,0)+IF(E44="preference",$C$12,0)+IF(E45="preference",$C$13,0))))+$B$15*$B$16)/((($B$14+$B$9+(IF(E39="convert",$B$7,0)+IF(E40="convert",$B$8,0)+IF(E42="convert",$B$10,0)+IF(E43="convert",$B$11,0)+IF(E44="convert",$B$12,0)+IF(E45="convert",$B$13,0))))+$B$15),((E$3-(IF(E39="preference",$C$7,0)+IF(E40="preference",$C$8,0)+IF(E42="preference",$C$10,0)+IF(E43="preference",$C$11,0)+IF(E44="preference",$C$12,0)+IF(E45="preference",$C$13,0))))/(($B$14+$B$9+(IF(E39="convert",$B$7,0)+IF(E40="convert",$B$8,0)+IF(E42="convert",$B$10,0)+IF(E43="convert",$B$11,0)+IF(E44="convert",$B$12,0)+IF(E45="convert",$B$13,0))))))*$B$9,"preference","convert") | F50: =IF($C$9>(IF((((F$3-(IF(F39="preference",$C$7,0)+IF(F40="preference",$C$8,0)+IF(F42="preference",$C$10,0)+IF(F43="preference",$C$11,0)+IF(F44="preference",$C$12,0)+IF(F45="preference",$C$13,0))))+$B$15*$B$16)/((($B$14+$B$9+(IF(F39="convert",$B$7,0)+IF(F40="convert",$B$8,0)+IF(F42="convert",$B$10,0)+IF(F43="convert",$B$11,0)+IF(F44="convert",$B$12,0)+IF(F45="convert",$B$13,0))))+$B$15)>$B$16,(((F$3-(IF(F39="preference",$C$7,0)+IF(F40="preference",$C$8,0)+IF(F42="preference",$C$10,0)+IF(F43="preference",$C$11,0)+IF(F44="preference",$C$12,0)+IF(F45="preference",$C$13,0))))+$B$15*$B$16)/((($B$14+$B$9+(IF(F39="convert",$B$7,0)+IF(F40="convert",$B$8,0)+IF(F42="convert",$B$10,0)+IF(F43="convert",$B$11,0)+IF(F44="convert",$B$12,0)+IF(F45="convert",$B$13,0))))+$B$15),((F$3-(IF(F39="preference",$C$7,0)+IF(F40="preference",$C$8,0)+IF(F42="preference",$C$10,0)+IF(F43="preference",$C$11,0)+IF(F44="preference",$C$12,0)+IF(F45="preference",$C$13,0))))/(($B$14+$B$9+(IF(F39="convert",$B$7,0)+IF(F40="convert",$B$8,0)+IF(F42="convert",$B$10,0)+IF(F43="convert",$B$11,0)+IF(F44="convert",$B$12,0)+IF(F45="convert",$B$13,0))))))*$B$9,"preference","convert")
A51: C | B51: =IF($C$10>(IF((((B$3-(IF(B39="preference",$C$7,0)+IF(B40="preference",$C$8,0)+IF(B41="preference",$C$9,0)+IF(B43="preference",$C$11,0)+IF(B44="preference",$C$12,0)+IF(B45="preference",$C$13,0))))+$B$15*$B$16)/((($B$14+$B$10+(IF(B39="convert",$B$7,0)+IF(B40="convert",$B$8,0)+IF(B41="convert",$B$9,0)+IF(B43="convert",$B$11,0)+IF(B44="convert",$B$12,0)+IF(B45="convert",$B$13,0))))+$B$15)>$B$16,(((B$3-(IF(B39="preference",$C$7,0)+IF(B40="preference",$C$8,0)+IF(B41="preference",$C$9,0)+IF(B43="preference",$C$11,0)+IF(B44="preference",$C$12,0)+IF(B45="preference",$C$13,0))))+$B$15*$B$16)/((($B$14+$B$10+(IF(B39="convert",$B$7,0)+IF(B40="convert",$B$8,0)+IF(B41="convert",$B$9,0)+IF(B43="convert",$B$11,0)+IF(B44="convert",$B$12,0)+IF(B45="convert",$B$13,0))))+$B$15),((B$3-(IF(B39="preference",$C$7,0)+IF(B40="preference",$C$8,0)+IF(B41="preference",$C$9,0)+IF(B43="preference",$C$11,0)+IF(B44="preference",$C$12,0)+IF(B45="preference",$C$13,0))))/(($B$14+$B$10+(IF(B39="convert",$B$7,0)+IF(B40="convert",$B$8,0)+IF(B41="convert",$B$9,0)+IF(B43="convert",$B$11,0)+IF(B44="convert",$B$12,0)+IF(B45="convert",$B$13,0))))))*$B$10,"preference","convert") | C51: =IF($C$10>(IF((((C$3-(IF(C39="preference",$C$7,0)+IF(C40="preference",$C$8,0)+IF(C41="preference",$C$9,0)+IF(C43="preference",$C$11,0)+IF(C44="preference",$C$12,0)+IF(C45="preference",$C$13,0))))+$B$15*$B$16)/((($B$14+$B$10+(IF(C39="convert",$B$7,0)+IF(C40="convert",$B$8,0)+IF(C41="convert",$B$9,0)+IF(C43="convert",$B$11,0)+IF(C44="convert",$B$12,0)+IF(C45="convert",$B$13,0))))+$B$15)>$B$16,(((C$3-(IF(C39="preference",$C$7,0)+IF(C40="preference",$C$8,0)+IF(C41="preference",$C$9,0)+IF(C43="preference",$C$11,0)+IF(C44="preference",$C$12,0)+IF(C45="preference",$C$13,0))))+$B$15*$B$16)/((($B$14+$B$10+(IF(C39="convert",$B$7,0)+IF(C40="convert",$B$8,0)+IF(C41="convert",$B$9,0)+IF(C43="convert",$B$11,0)+IF(C44="convert",$B$12,0)+IF(C45="convert",$B$13,0))))+$B$15),((C$3-(IF(C39="preference",$C$7,0)+IF(C40="preference",$C$8,0)+IF(C41="preference",$C$9,0)+IF(C43="preference",$C$11,0)+IF(C44="preference",$C$12,0)+IF(C45="preference",$C$13,0))))/(($B$14+$B$10+(IF(C39="convert",$B$7,0)+IF(C40="convert",$B$8,0)+IF(C41="convert",$B$9,0)+IF(C43="convert",$B$11,0)+IF(C44="convert",$B$12,0)+IF(C45="convert",$B$13,0))))))*$B$10,"preference","convert") | D51: =IF($C$10>(IF((((D$3-(IF(D39="preference",$C$7,0)+IF(D40="preference",$C$8,0)+IF(D41="preference",$C$9,0)+IF(D43="preference",$C$11,0)+IF(D44="preference",$C$12,0)+IF(D45="preference",$C$13,0))))+$B$15*$B$16)/((($B$14+$B$10+(IF(D39="convert",$B$7,0)+IF(D40="convert",$B$8,0)+IF(D41="convert",$B$9,0)+IF(D43="convert",$B$11,0)+IF(D44="convert",$B$12,0)+IF(D45="convert",$B$13,0))))+$B$15)>$B$16,(((D$3-(IF(D39="preference",$C$7,0)+IF(D40="preference",$C$8,0)+IF(D41="preference",$C$9,0)+IF(D43="preference",$C$11,0)+IF(D44="preference",$C$12,0)+IF(D45="preference",$C$13,0))))+$B$15*$B$16)/((($B$14+$B$10+(IF(D39="convert",$B$7,0)+IF(D40="convert",$B$8,0)+IF(D41="convert",$B$9,0)+IF(D43="convert",$B$11,0)+IF(D44="convert",$B$12,0)+IF(D45="convert",$B$13,0))))+$B$15),((D$3-(IF(D39="preference",$C$7,0)+IF(D40="preference",$C$8,0)+IF(D41="preference",$C$9,0)+IF(D43="preference",$C$11,0)+IF(D44="preference",$C$12,0)+IF(D45="preference",$C$13,0))))/(($B$14+$B$10+(IF(D39="convert",$B$7,0)+IF(D40="convert",$B$8,0)+IF(D41="convert",$B$9,0)+IF(D43="convert",$B$11,0)+IF(D44="convert",$B$12,0)+IF(D45="convert",$B$13,0))))))*$B$10,"preference","convert") | E51: =IF($C$10>(IF((((E$3-(IF(E39="preference",$C$7,0)+IF(E40="preference",$C$8,0)+IF(E41="preference",$C$9,0)+IF(E43="preference",$C$11,0)+IF(E44="preference",$C$12,0)+IF(E45="preference",$C$13,0))))+$B$15*$B$16)/((($B$14+$B$10+(IF(E39="convert",$B$7,0)+IF(E40="convert",$B$8,0)+IF(E41="convert",$B$9,0)+IF(E43="convert",$B$11,0)+IF(E44="convert",$B$12,0)+IF(E45="convert",$B$13,0))))+$B$15)>$B$16,(((E$3-(IF(E39="preference",$C$7,0)+IF(E40="preference",$C$8,0)+IF(E41="preference",$C$9,0)+IF(E43="preference",$C$11,0)+IF(E44="preference",$C$12,0)+IF(E45="preference",$C$13,0))))+$B$15*$B$16)/((($B$14+$B$10+(IF(E39="convert",$B$7,0)+IF(E40="convert",$B$8,0)+IF(E41="convert",$B$9,0)+IF(E43="convert",$B$11,0)+IF(E44="convert",$B$12,0)+IF(E45="convert",$B$13,0))))+$B$15),((E$3-(IF(E39="preference",$C$7,0)+IF(E40="preference",$C$8,0)+IF(E41="preference",$C$9,0)+IF(E43="preference",$C$11,0)+IF(E44="preference",$C$12,0)+IF(E45="preference",$C$13,0))))/(($B$14+$B$10+(IF(E39="convert",$B$7,0)+IF(E40="convert",$B$8,0)+IF(E41="convert",$B$9,0)+IF(E43="convert",$B$11,0)+IF(E44="convert",$B$12,0)+IF(E45="convert",$B$13,0))))))*$B$10,"preference","convert") | F51: =IF($C$10>(IF((((F$3-(IF(F39="preference",$C$7,0)+IF(F40="preference",$C$8,0)+IF(F41="preference",$C$9,0)+IF(F43="preference",$C$11,0)+IF(F44="preference",$C$12,0)+IF(F45="preference",$C$13,0))))+$B$15*$B$16)/((($B$14+$B$10+(IF(F39="convert",$B$7,0)+IF(F40="convert",$B$8,0)+IF(F41="convert",$B$9,0)+IF(F43="convert",$B$11,0)+IF(F44="convert",$B$12,0)+IF(F45="convert",$B$13,0))))+$B$15)>$B$16,(((F$3-(IF(F39="preference",$C$7,0)+IF(F40="preference",$C$8,0)+IF(F41="preference",$C$9,0)+IF(F43="preference",$C$11,0)+IF(F44="preference",$C$12,0)+IF(F45="preference",$C$13,0))))+$B$15*$B$16)/((($B$14+$B$10+(IF(F39="convert",$B$7,0)+IF(F40="convert",$B$8,0)+IF(F41="convert",$B$9,0)+IF(F43="convert",$B$11,0)+IF(F44="convert",$B$12,0)+IF(F45="convert",$B$13,0))))+$B$15),((F$3-(IF(F39="preference",$C$7,0)+IF(F40="preference",$C$8,0)+IF(F41="preference",$C$9,0)+IF(F43="preference",$C$11,0)+IF(F44="preference",$C$12,0)+IF(F45="preference",$C$13,0))))/(($B$14+$B$10+(IF(F39="convert",$B$7,0)+IF(F40="convert",$B$8,0)+IF(F41="convert",$B$9,0)+IF(F43="convert",$B$11,0)+IF(F44="convert",$B$12,0)+IF(F45="convert",$B$13,0))))))*$B$10,"preference","convert")
A52: B | B52: =IF($C$11>(IF((((B$3-(IF(B39="preference",$C$7,0)+IF(B40="preference",$C$8,0)+IF(B41="preference",$C$9,0)+IF(B42="preference",$C$10,0)+IF(B44="preference",$C$12,0)+IF(B45="preference",$C$13,0))))+$B$15*$B$16)/((($B$14+$B$11+(IF(B39="convert",$B$7,0)+IF(B40="convert",$B$8,0)+IF(B41="convert",$B$9,0)+IF(B42="convert",$B$10,0)+IF(B44="convert",$B$12,0)+IF(B45="convert",$B$13,0))))+$B$15)>$B$16,(((B$3-(IF(B39="preference",$C$7,0)+IF(B40="preference",$C$8,0)+IF(B41="preference",$C$9,0)+IF(B42="preference",$C$10,0)+IF(B44="preference",$C$12,0)+IF(B45="preference",$C$13,0))))+$B$15*$B$16)/((($B$14+$B$11+(IF(B39="convert",$B$7,0)+IF(B40="convert",$B$8,0)+IF(B41="convert",$B$9,0)+IF(B42="convert",$B$10,0)+IF(B44="convert",$B$12,0)+IF(B45="convert",$B$13,0))))+$B$15),((B$3-(IF(B39="preference",$C$7,0)+IF(B40="preference",$C$8,0)+IF(B41="preference",$C$9,0)+IF(B42="preference",$C$10,0)+IF(B44="preference",$C$12,0)+IF(B45="preference",$C$13,0))))/(($B$14+$B$11+(IF(B39="convert",$B$7,0)+IF(B40="convert",$B$8,0)+IF(B41="convert",$B$9,0)+IF(B42="convert",$B$10,0)+IF(B44="convert",$B$12,0)+IF(B45="convert",$B$13,0))))))*$B$11,"preference","convert") | C52: =IF($C$11>(IF((((C$3-(IF(C39="preference",$C$7,0)+IF(C40="preference",$C$8,0)+IF(C41="preference",$C$9,0)+IF(C42="preference",$C$10,0)+IF(C44="preference",$C$12,0)+IF(C45="preference",$C$13,0))))+$B$15*$B$16)/((($B$14+$B$11+(IF(C39="convert",$B$7,0)+IF(C40="convert",$B$8,0)+IF(C41="convert",$B$9,0)+IF(C42="convert",$B$10,0)+IF(C44="convert",$B$12,0)+IF(C45="convert",$B$13,0))))+$B$15)>$B$16,(((C$3-(IF(C39="preference",$C$7,0)+IF(C40="preference",$C$8,0)+IF(C41="preference",$C$9,0)+IF(C42="preference",$C$10,0)+IF(C44="preference",$C$12,0)+IF(C45="preference",$C$13,0))))+$B$15*$B$16)/((($B$14+$B$11+(IF(C39="convert",$B$7,0)+IF(C40="convert",$B$8,0)+IF(C41="convert",$B$9,0)+IF(C42="convert",$B$10,0)+IF(C44="convert",$B$12,0)+IF(C45="convert",$B$13,0))))+$B$15),((C$3-(IF(C39="preference",$C$7,0)+IF(C40="preference",$C$8,0)+IF(C41="preference",$C$9,0)+IF(C42="preference",$C$10,0)+IF(C44="preference",$C$12,0)+IF(C45="preference",$C$13,0))))/(($B$14+$B$11+(IF(C39="convert",$B$7,0)+IF(C40="convert",$B$8,0)+IF(C41="convert",$B$9,0)+IF(C42="convert",$B$10,0)+IF(C44="convert",$B$12,0)+IF(C45="convert",$B$13,0))))))*$B$11,"preference","convert") | D52: =IF($C$11>(IF((((D$3-(IF(D39="preference",$C$7,0)+IF(D40="preference",$C$8,0)+IF(D41="preference",$C$9,0)+IF(D42="preference",$C$10,0)+IF(D44="preference",$C$12,0)+IF(D45="preference",$C$13,0))))+$B$15*$B$16)/((($B$14+$B$11+(IF(D39="convert",$B$7,0)+IF(D40="convert",$B$8,0)+IF(D41="convert",$B$9,0)+IF(D42="convert",$B$10,0)+IF(D44="convert",$B$12,0)+IF(D45="convert",$B$13,0))))+$B$15)>$B$16,(((D$3-(IF(D39="preference",$C$7,0)+IF(D40="preference",$C$8,0)+IF(D41="preference",$C$9,0)+IF(D42="preference",$C$10,0)+IF(D44="preference",$C$12,0)+IF(D45="preference",$C$13,0))))+$B$15*$B$16)/((($B$14+$B$11+(IF(D39="convert",$B$7,0)+IF(D40="convert",$B$8,0)+IF(D41="convert",$B$9,0)+IF(D42="convert",$B$10,0)+IF(D44="convert",$B$12,0)+IF(D45="convert",$B$13,0))))+$B$15),((D$3-(IF(D39="preference",$C$7,0)+IF(D40="preference",$C$8,0)+IF(D41="preference",$C$9,0)+IF(D42="preference",$C$10,0)+IF(D44="preference",$C$12,0)+IF(D45="preference",$C$13,0))))/(($B$14+$B$11+(IF(D39="convert",$B$7,0)+IF(D40="convert",$B$8,0)+IF(D41="convert",$B$9,0)+IF(D42="convert",$B$10,0)+IF(D44="convert",$B$12,0)+IF(D45="convert",$B$13,0))))))*$B$11,"preference","convert") | E52: =IF($C$11>(IF((((E$3-(IF(E39="preference",$C$7,0)+IF(E40="preference",$C$8,0)+IF(E41="preference",$C$9,0)+IF(E42="preference",$C$10,0)+IF(E44="preference",$C$12,0)+IF(E45="preference",$C$13,0))))+$B$15*$B$16)/((($B$14+$B$11+(IF(E39="convert",$B$7,0)+IF(E40="convert",$B$8,0)+IF(E41="convert",$B$9,0)+IF(E42="convert",$B$10,0)+IF(E44="convert",$B$12,0)+IF(E45="convert",$B$13,0))))+$B$15)>$B$16,(((E$3-(IF(E39="preference",$C$7,0)+IF(E40="preference",$C$8,0)+IF(E41="preference",$C$9,0)+IF(E42="preference",$C$10,0)+IF(E44="preference",$C$12,0)+IF(E45="preference",$C$13,0))))+$B$15*$B$16)/((($B$14+$B$11+(IF(E39="convert",$B$7,0)+IF(E40="convert",$B$8,0)+IF(E41="convert",$B$9,0)+IF(E42="convert",$B$10,0)+IF(E44="convert",$B$12,0)+IF(E45="convert",$B$13,0))))+$B$15),((E$3-(IF(E39="preference",$C$7,0)+IF(E40="preference",$C$8,0)+IF(E41="preference",$C$9,0)+IF(E42="preference",$C$10,0)+IF(E44="preference",$C$12,0)+IF(E45="preference",$C$13,0))))/(($B$14+$B$11+(IF(E39="convert",$B$7,0)+IF(E40="convert",$B$8,0)+IF(E41="convert",$B$9,0)+IF(E42="convert",$B$10,0)+IF(E44="convert",$B$12,0)+IF(E45="convert",$B$13,0))))))*$B$11,"preference","convert") | F52: =IF($C$11>(IF((((F$3-(IF(F39="preference",$C$7,0)+IF(F40="preference",$C$8,0)+IF(F41="preference",$C$9,0)+IF(F42="preference",$C$10,0)+IF(F44="preference",$C$12,0)+IF(F45="preference",$C$13,0))))+$B$15*$B$16)/((($B$14+$B$11+(IF(F39="convert",$B$7,0)+IF(F40="convert",$B$8,0)+IF(F41="convert",$B$9,0)+IF(F42="convert",$B$10,0)+IF(F44="convert",$B$12,0)+IF(F45="convert",$B$13,0))))+$B$15)>$B$16,(((F$3-(IF(F39="preference",$C$7,0)+IF(F40="preference",$C$8,0)+IF(F41="preference",$C$9,0)+IF(F42="preference",$C$10,0)+IF(F44="preference",$C$12,0)+IF(F45="preference",$C$13,0))))+$B$15*$B$16)/((($B$14+$B$11+(IF(F39="convert",$B$7,0)+IF(F40="convert",$B$8,0)+IF(F41="convert",$B$9,0)+IF(F42="convert",$B$10,0)+IF(F44="convert",$B$12,0)+IF(F45="convert",$B$13,0))))+$B$15),((F$3-(IF(F39="preference",$C$7,0)+IF(F40="preference",$C$8,0)+IF(F41="preference",$C$9,0)+IF(F42="preference",$C$10,0)+IF(F44="preference",$C$12,0)+IF(F45="preference",$C$13,0))))/(($B$14+$B$11+(IF(F39="convert",$B$7,0)+IF(F40="convert",$B$8,0)+IF(F41="convert",$B$9,0)+IF(F42="convert",$B$10,0)+IF(F44="convert",$B$12,0)+IF(F45="convert",$B$13,0))))))*$B$11,"preference","convert")
A53: A | B53: =IF($C$12>(IF((((B$3-(IF(B39="preference",$C$7,0)+IF(B40="preference",$C$8,0)+IF(B41="preference",$C$9,0)+IF(B42="preference",$C$10,0)+IF(B43="preference",$C$11,0)+IF(B45="preference",$C$13,0))))+$B$15*$B$16)/((($B$14+$B$12+(IF(B39="convert",$B$7,0)+IF(B40="convert",$B$8,0)+IF(B41="convert",$B$9,0)+IF(B42="convert",$B$10,0)+IF(B43="convert",$B$11,0)+IF(B45="convert",$B$13,0))))+$B$15)>$B$16,(((B$3-(IF(B39="preference",$C$7,0)+IF(B40="preference",$C$8,0)+IF(B41="preference",$C$9,0)+IF(B42="preference",$C$10,0)+IF(B43="preference",$C$11,0)+IF(B45="preference",$C$13,0))))+$B$15*$B$16)/((($B$14+$B$12+(IF(B39="convert",$B$7,0)+IF(B40="convert",$B$8,0)+IF(B41="convert",$B$9,0)+IF(B42="convert",$B$10,0)+IF(B43="convert",$B$11,0)+IF(B45="convert",$B$13,0))))+$B$15),((B$3-(IF(B39="preference",$C$7,0)+IF(B40="preference",$C$8,0)+IF(B41="preference",$C$9,0)+IF(B42="preference",$C$10,0)+IF(B43="preference",$C$11,0)+IF(B45="preference",$C$13,0))))/(($B$14+$B$12+(IF(B39="convert",$B$7,0)+IF(B40="convert",$B$8,0)+IF(B41="convert",$B$9,0)+IF(B42="convert",$B$10,0)+IF(B43="convert",$B$11,0)+IF(B45="convert",$B$13,0))))))*$B$12,"preference","convert") | C53: =IF($C$12>(IF((((C$3-(IF(C39="preference",$C$7,0)+IF(C40="preference",$C$8,0)+IF(C41="preference",$C$9,0)+IF(C42="preference",$C$10,0)+IF(C43="preference",$C$11,0)+IF(C45="preference",$C$13,0))))+$B$15*$B$16)/((($B$14+$B$12+(IF(C39="convert",$B$7,0)+IF(C40="convert",$B$8,0)+IF(C41="convert",$B$9,0)+IF(C42="convert",$B$10,0)+IF(C43="convert",$B$11,0)+IF(C45="convert",$B$13,0))))+$B$15)>$B$16,(((C$3-(IF(C39="preference",$C$7,0)+IF(C40="preference",$C$8,0)+IF(C41="preference",$C$9,0)+IF(C42="preference",$C$10,0)+IF(C43="preference",$C$11,0)+IF(C45="preference",$C$13,0))))+$B$15*$B$16)/((($B$14+$B$12+(IF(C39="convert",$B$7,0)+IF(C40="convert",$B$8,0)+IF(C41="convert",$B$9,0)+IF(C42="convert",$B$10,0)+IF(C43="convert",$B$11,0)+IF(C45="convert",$B$13,0))))+$B$15),((C$3-(IF(C39="preference",$C$7,0)+IF(C40="preference",$C$8,0)+IF(C41="preference",$C$9,0)+IF(C42="preference",$C$10,0)+IF(C43="preference",$C$11,0)+IF(C45="preference",$C$13,0))))/(($B$14+$B$12+(IF(C39="convert",$B$7,0)+IF(C40="convert",$B$8,0)+IF(C41="convert",$B$9,0)+IF(C42="convert",$B$10,0)+IF(C43="convert",$B$11,0)+IF(C45="convert",$B$13,0))))))*$B$12,"preference","convert") | D53: =IF($C$12>(IF((((D$3-(IF(D39="preference",$C$7,0)+IF(D40="preference",$C$8,0)+IF(D41="preference",$C$9,0)+IF(D42="preference",$C$10,0)+IF(D43="preference",$C$11,0)+IF(D45="preference",$C$13,0))))+$B$15*$B$16)/((($B$14+$B$12+(IF(D39="convert",$B$7,0)+IF(D40="convert",$B$8,0)+IF(D41="convert",$B$9,0)+IF(D42="convert",$B$10,0)+IF(D43="convert",$B$11,0)+IF(D45="convert",$B$13,0))))+$B$15)>$B$16,(((D$3-(IF(D39="preference",$C$7,0)+IF(D40="preference",$C$8,0)+IF(D41="preference",$C$9,0)+IF(D42="preference",$C$10,0)+IF(D43="preference",$C$11,0)+IF(D45="preference",$C$13,0))))+$B$15*$B$16)/((($B$14+$B$12+(IF(D39="convert",$B$7,0)+IF(D40="convert",$B$8,0)+IF(D41="convert",$B$9,0)+IF(D42="convert",$B$10,0)+IF(D43="convert",$B$11,0)+IF(D45="convert",$B$13,0))))+$B$15),((D$3-(IF(D39="preference",$C$7,0)+IF(D40="preference",$C$8,0)+IF(D41="preference",$C$9,0)+IF(D42="preference",$C$10,0)+IF(D43="preference",$C$11,0)+IF(D45="preference",$C$13,0))))/(($B$14+$B$12+(IF(D39="convert",$B$7,0)+IF(D40="convert",$B$8,0)+IF(D41="convert",$B$9,0)+IF(D42="convert",$B$10,0)+IF(D43="convert",$B$11,0)+IF(D45="convert",$B$13,0))))))*$B$12,"preference","convert") | E53: =IF($C$12>(IF((((E$3-(IF(E39="preference",$C$7,0)+IF(E40="preference",$C$8,0)+IF(E41="preference",$C$9,0)+IF(E42="preference",$C$10,0)+IF(E43="preference",$C$11,0)+IF(E45="preference",$C$13,0))))+$B$15*$B$16)/((($B$14+$B$12+(IF(E39="convert",$B$7,0)+IF(E40="convert",$B$8,0)+IF(E41="convert",$B$9,0)+IF(E42="convert",$B$10,0)+IF(E43="convert",$B$11,0)+IF(E45="convert",$B$13,0))))+$B$15)>$B$16,(((E$3-(IF(E39="preference",$C$7,0)+IF(E40="preference",$C$8,0)+IF(E41="preference",$C$9,0)+IF(E42="preference",$C$10,0)+IF(E43="preference",$C$11,0)+IF(E45="preference",$C$13,0))))+$B$15*$B$16)/((($B$14+$B$12+(IF(E39="convert",$B$7,0)+IF(E40="convert",$B$8,0)+IF(E41="convert",$B$9,0)+IF(E42="convert",$B$10,0)+IF(E43="convert",$B$11,0)+IF(E45="convert",$B$13,0))))+$B$15),((E$3-(IF(E39="preference",$C$7,0)+IF(E40="preference",$C$8,0)+IF(E41="preference",$C$9,0)+IF(E42="preference",$C$10,0)+IF(E43="preference",$C$11,0)+IF(E45="preference",$C$13,0))))/(($B$14+$B$12+(IF(E39="convert",$B$7,0)+IF(E40="convert",$B$8,0)+IF(E41="convert",$B$9,0)+IF(E42="convert",$B$10,0)+IF(E43="convert",$B$11,0)+IF(E45="convert",$B$13,0))))))*$B$12,"preference","convert") | F53: =IF($C$12>(IF((((F$3-(IF(F39="preference",$C$7,0)+IF(F40="preference",$C$8,0)+IF(F41="preference",$C$9,0)+IF(F42="preference",$C$10,0)+IF(F43="preference",$C$11,0)+IF(F45="preference",$C$13,0))))+$B$15*$B$16)/((($B$14+$B$12+(IF(F39="convert",$B$7,0)+IF(F40="convert",$B$8,0)+IF(F41="convert",$B$9,0)+IF(F42="convert",$B$10,0)+IF(F43="convert",$B$11,0)+IF(F45="convert",$B$13,0))))+$B$15)>$B$16,(((F$3-(IF(F39="preference",$C$7,0)+IF(F40="preference",$C$8,0)+IF(F41="preference",$C$9,0)+IF(F42="preference",$C$10,0)+IF(F43="preference",$C$11,0)+IF(F45="preference",$C$13,0))))+$B$15*$B$16)/((($B$14+$B$12+(IF(F39="convert",$B$7,0)+IF(F40="convert",$B$8,0)+IF(F41="convert",$B$9,0)+IF(F42="convert",$B$10,0)+IF(F43="convert",$B$11,0)+IF(F45="convert",$B$13,0))))+$B$15),((F$3-(IF(F39="preference",$C$7,0)+IF(F40="preference",$C$8,0)+IF(F41="preference",$C$9,0)+IF(F42="preference",$C$10,0)+IF(F43="preference",$C$11,0)+IF(F45="preference",$C$13,0))))/(($B$14+$B$12+(IF(F39="convert",$B$7,0)+IF(F40="convert",$B$8,0)+IF(F41="convert",$B$9,0)+IF(F42="convert",$B$10,0)+IF(F43="convert",$B$11,0)+IF(F45="convert",$B$13,0))))))*$B$12,"preference","convert")
A54: Seed | B54: =IF($C$13>(IF((((B$3-(IF(B39="preference",$C$7,0)+IF(B40="preference",$C$8,0)+IF(B41="preference",$C$9,0)+IF(B42="preference",$C$10,0)+IF(B43="preference",$C$11,0)+IF(B44="preference",$C$12,0))))+$B$15*$B$16)/((($B$14+$B$13+(IF(B39="convert",$B$7,0)+IF(B40="convert",$B$8,0)+IF(B41="convert",$B$9,0)+IF(B42="convert",$B$10,0)+IF(B43="convert",$B$11,0)+IF(B44="convert",$B$12,0))))+$B$15)>$B$16,(((B$3-(IF(B39="preference",$C$7,0)+IF(B40="preference",$C$8,0)+IF(B41="preference",$C$9,0)+IF(B42="preference",$C$10,0)+IF(B43="preference",$C$11,0)+IF(B44="preference",$C$12,0))))+$B$15*$B$16)/((($B$14+$B$13+(IF(B39="convert",$B$7,0)+IF(B40="convert",$B$8,0)+IF(B41="convert",$B$9,0)+IF(B42="convert",$B$10,0)+IF(B43="convert",$B$11,0)+IF(B44="convert",$B$12,0))))+$B$15),((B$3-(IF(B39="preference",$C$7,0)+IF(B40="preference",$C$8,0)+IF(B41="preference",$C$9,0)+IF(B42="preference",$C$10,0)+IF(B43="preference",$C$11,0)+IF(B44="preference",$C$12,0))))/(($B$14+$B$13+(IF(B39="convert",$B$7,0)+IF(B40="convert",$B$8,0)+IF(B41="convert",$B$9,0)+IF(B42="convert",$B$10,0)+IF(B43="convert",$B$11,0)+IF(B44="convert",$B$12,0))))))*$B$13,"preference","convert") | C54: =IF($C$13>(IF((((C$3-(IF(C39="preference",$C$7,0)+IF(C40="preference",$C$8,0)+IF(C41="preference",$C$9,0)+IF(C42="preference",$C$10,0)+IF(C43="preference",$C$11,0)+IF(C44="preference",$C$12,0))))+$B$15*$B$16)/((($B$14+$B$13+(IF(C39="convert",$B$7,0)+IF(C40="convert",$B$8,0)+IF(C41="convert",$B$9,0)+IF(C42="convert",$B$10,0)+IF(C43="convert",$B$11,0)+IF(C44="convert",$B$12,0))))+$B$15)>$B$16,(((C$3-(IF(C39="preference",$C$7,0)+IF(C40="preference",$C$8,0)+IF(C41="preference",$C$9,0)+IF(C42="preference",$C$10,0)+IF(C43="preference",$C$11,0)+IF(C44="preference",$C$12,0))))+$B$15*$B$16)/((($B$14+$B$13+(IF(C39="convert",$B$7,0)+IF(C40="convert",$B$8,0)+IF(C41="convert",$B$9,0)+IF(C42="convert",$B$10,0)+IF(C43="convert",$B$11,0)+IF(C44="convert",$B$12,0))))+$B$15),((C$3-(IF(C39="preference",$C$7,0)+IF(C40="preference",$C$8,0)+IF(C41="preference",$C$9,0)+IF(C42="preference",$C$10,0)+IF(C43="preference",$C$11,0)+IF(C44="preference",$C$12,0))))/(($B$14+$B$13+(IF(C39="convert",$B$7,0)+IF(C40="convert",$B$8,0)+IF(C41="convert",$B$9,0)+IF(C42="convert",$B$10,0)+IF(C43="convert",$B$11,0)+IF(C44="convert",$B$12,0))))))*$B$13,"preference","convert") | D54: =IF($C$13>(IF((((D$3-(IF(D39="preference",$C$7,0)+IF(D40="preference",$C$8,0)+IF(D41="preference",$C$9,0)+IF(D42="preference",$C$10,0)+IF(D43="preference",$C$11,0)+IF(D44="preference",$C$12,0))))+$B$15*$B$16)/((($B$14+$B$13+(IF(D39="convert",$B$7,0)+IF(D40="convert",$B$8,0)+IF(D41="convert",$B$9,0)+IF(D42="convert",$B$10,0)+IF(D43="convert",$B$11,0)+IF(D44="convert",$B$12,0))))+$B$15)>$B$16,(((D$3-(IF(D39="preference",$C$7,0)+IF(D40="preference",$C$8,0)+IF(D41="preference",$C$9,0)+IF(D42="preference",$C$10,0)+IF(D43="preference",$C$11,0)+IF(D44="preference",$C$12,0))))+$B$15*$B$16)/((($B$14+$B$13+(IF(D39="convert",$B$7,0)+IF(D40="convert",$B$8,0)+IF(D41="convert",$B$9,0)+IF(D42="convert",$B$10,0)+IF(D43="convert",$B$11,0)+IF(D44="convert",$B$12,0))))+$B$15),((D$3-(IF(D39="preference",$C$7,0)+IF(D40="preference",$C$8,0)+IF(D41="preference",$C$9,0)+IF(D42="preference",$C$10,0)+IF(D43="preference",$C$11,0)+IF(D44="preference",$C$12,0))))/(($B$14+$B$13+(IF(D39="convert",$B$7,0)+IF(D40="convert",$B$8,0)+IF(D41="convert",$B$9,0)+IF(D42="convert",$B$10,0)+IF(D43="convert",$B$11,0)+IF(D44="convert",$B$12,0))))))*$B$13,"preference","convert") | E54: =IF($C$13>(IF((((E$3-(IF(E39="preference",$C$7,0)+IF(E40="preference",$C$8,0)+IF(E41="preference",$C$9,0)+IF(E42="preference",$C$10,0)+IF(E43="preference",$C$11,0)+IF(E44="preference",$C$12,0))))+$B$15*$B$16)/((($B$14+$B$13+(IF(E39="convert",$B$7,0)+IF(E40="convert",$B$8,0)+IF(E41="convert",$B$9,0)+IF(E42="convert",$B$10,0)+IF(E43="convert",$B$11,0)+IF(E44="convert",$B$12,0))))+$B$15)>$B$16,(((E$3-(IF(E39="preference",$C$7,0)+IF(E40="preference",$C$8,0)+IF(E41="preference",$C$9,0)+IF(E42="preference",$C$10,0)+IF(E43="preference",$C$11,0)+IF(E44="preference",$C$12,0))))+$B$15*$B$16)/((($B$14+$B$13+(IF(E39="convert",$B$7,0)+IF(E40="convert",$B$8,0)+IF(E41="convert",$B$9,0)+IF(E42="convert",$B$10,0)+IF(E43="convert",$B$11,0)+IF(E44="convert",$B$12,0))))+$B$15),((E$3-(IF(E39="preference",$C$7,0)+IF(E40="preference",$C$8,0)+IF(E41="preference",$C$9,0)+IF(E42="preference",$C$10,0)+IF(E43="preference",$C$11,0)+IF(E44="preference",$C$12,0))))/(($B$14+$B$13+(IF(E39="convert",$B$7,0)+IF(E40="convert",$B$8,0)+IF(E41="convert",$B$9,0)+IF(E42="convert",$B$10,0)+IF(E43="convert",$B$11,0)+IF(E44="convert",$B$12,0))))))*$B$13,"preference","convert") | F54: =IF($C$13>(IF((((F$3-(IF(F39="preference",$C$7,0)+IF(F40="preference",$C$8,0)+IF(F41="preference",$C$9,0)+IF(F42="preference",$C$10,0)+IF(F43="preference",$C$11,0)+IF(F44="preference",$C$12,0))))+$B$15*$B$16)/((($B$14+$B$13+(IF(F39="convert",$B$7,0)+IF(F40="convert",$B$8,0)+IF(F41="convert",$B$9,0)+IF(F42="convert",$B$10,0)+IF(F43="convert",$B$11,0)+IF(F44="convert",$B$12,0))))+$B$15)>$B$16,(((F$3-(IF(F39="preference",$C$7,0)+IF(F40="preference",$C$8,0)+IF(F41="preference",$C$9,0)+IF(F42="preference",$C$10,0)+IF(F43="preference",$C$11,0)+IF(F44="preference",$C$12,0))))+$B$15*$B$16)/((($B$14+$B$13+(IF(F39="convert",$B$7,0)+IF(F40="convert",$B$8,0)+IF(F41="convert",$B$9,0)+IF(F42="convert",$B$10,0)+IF(F43="convert",$B$11,0)+IF(F44="convert",$B$12,0))))+$B$15),((F$3-(IF(F39="preference",$C$7,0)+IF(F40="preference",$C$8,0)+IF(F41="preference",$C$9,0)+IF(F42="preference",$C$10,0)+IF(F43="preference",$C$11,0)+IF(F44="preference",$C$12,0))))/(($B$14+$B$13+(IF(F39="convert",$B$7,0)+IF(F40="convert",$B$8,0)+IF(F41="convert",$B$9,0)+IF(F42="convert",$B$10,0)+IF(F43="convert",$B$11,0)+IF(F44="convert",$B$12,0))))))*$B$13,"preference","convert")
A55: PASS 5 ELECTIONS (best-response to Pass 4)
A56: Class | B56: =Assumptions!$B$7 | C56: =Assumptions!$B$8 | D56: =Assumptions!$B$9 | E56: =Assumptions!$B$10 | F56: =Assumptions!$B$11
A57: F | B57: =IF($C$7>(IF((((B$3-(IF(B49="preference",$C$8,0)+IF(B50="preference",$C$9,0)+IF(B51="preference",$C$10,0)+IF(B52="preference",$C$11,0)+IF(B53="preference",$C$12,0)+IF(B54="preference",$C$13,0))))+$B$15*$B$16)/((($B$14+$B$7+(IF(B49="convert",$B$8,0)+IF(B50="convert",$B$9,0)+IF(B51="convert",$B$10,0)+IF(B52="convert",$B$11,0)+IF(B53="convert",$B$12,0)+IF(B54="convert",$B$13,0))))+$B$15)>$B$16,(((B$3-(IF(B49="preference",$C$8,0)+IF(B50="preference",$C$9,0)+IF(B51="preference",$C$10,0)+IF(B52="preference",$C$11,0)+IF(B53="preference",$C$12,0)+IF(B54="preference",$C$13,0))))+$B$15*$B$16)/((($B$14+$B$7+(IF(B49="convert",$B$8,0)+IF(B50="convert",$B$9,0)+IF(B51="convert",$B$10,0)+IF(B52="convert",$B$11,0)+IF(B53="convert",$B$12,0)+IF(B54="convert",$B$13,0))))+$B$15),((B$3-(IF(B49="preference",$C$8,0)+IF(B50="preference",$C$9,0)+IF(B51="preference",$C$10,0)+IF(B52="preference",$C$11,0)+IF(B53="preference",$C$12,0)+IF(B54="preference",$C$13,0))))/(($B$14+$B$7+(IF(B49="convert",$B$8,0)+IF(B50="convert",$B$9,0)+IF(B51="convert",$B$10,0)+IF(B52="convert",$B$11,0)+IF(B53="convert",$B$12,0)+IF(B54="convert",$B$13,0))))))*$B$7,"preference","convert") | C57: =IF($C$7>(IF((((C$3-(IF(C49="preference",$C$8,0)+IF(C50="preference",$C$9,0)+IF(C51="preference",$C$10,0)+IF(C52="preference",$C$11,0)+IF(C53="preference",$C$12,0)+IF(C54="preference",$C$13,0))))+$B$15*$B$16)/((($B$14+$B$7+(IF(C49="convert",$B$8,0)+IF(C50="convert",$B$9,0)+IF(C51="convert",$B$10,0)+IF(C52="convert",$B$11,0)+IF(C53="convert",$B$12,0)+IF(C54="convert",$B$13,0))))+$B$15)>$B$16,(((C$3-(IF(C49="preference",$C$8,0)+IF(C50="preference",$C$9,0)+IF(C51="preference",$C$10,0)+IF(C52="preference",$C$11,0)+IF(C53="preference",$C$12,0)+IF(C54="preference",$C$13,0))))+$B$15*$B$16)/((($B$14+$B$7+(IF(C49="convert",$B$8,0)+IF(C50="convert",$B$9,0)+IF(C51="convert",$B$10,0)+IF(C52="convert",$B$11,0)+IF(C53="convert",$B$12,0)+IF(C54="convert",$B$13,0))))+$B$15),((C$3-(IF(C49="preference",$C$8,0)+IF(C50="preference",$C$9,0)+IF(C51="preference",$C$10,0)+IF(C52="preference",$C$11,0)+IF(C53="preference",$C$12,0)+IF(C54="preference",$C$13,0))))/(($B$14+$B$7+(IF(C49="convert",$B$8,0)+IF(C50="convert",$B$9,0)+IF(C51="convert",$B$10,0)+IF(C52="convert",$B$11,0)+IF(C53="convert",$B$12,0)+IF(C54="convert",$B$13,0))))))*$B$7,"preference","convert") | D57: =IF($C$7>(IF((((D$3-(IF(D49="preference",$C$8,0)+IF(D50="preference",$C$9,0)+IF(D51="preference",$C$10,0)+IF(D52="preference",$C$11,0)+IF(D53="preference",$C$12,0)+IF(D54="preference",$C$13,0))))+$B$15*$B$16)/((($B$14+$B$7+(IF(D49="convert",$B$8,0)+IF(D50="convert",$B$9,0)+IF(D51="convert",$B$10,0)+IF(D52="convert",$B$11,0)+IF(D53="convert",$B$12,0)+IF(D54="convert",$B$13,0))))+$B$15)>$B$16,(((D$3-(IF(D49="preference",$C$8,0)+IF(D50="preference",$C$9,0)+IF(D51="preference",$C$10,0)+IF(D52="preference",$C$11,0)+IF(D53="preference",$C$12,0)+IF(D54="preference",$C$13,0))))+$B$15*$B$16)/((($B$14+$B$7+(IF(D49="convert",$B$8,0)+IF(D50="convert",$B$9,0)+IF(D51="convert",$B$10,0)+IF(D52="convert",$B$11,0)+IF(D53="convert",$B$12,0)+IF(D54="convert",$B$13,0))))+$B$15),((D$3-(IF(D49="preference",$C$8,0)+IF(D50="preference",$C$9,0)+IF(D51="preference",$C$10,0)+IF(D52="preference",$C$11,0)+IF(D53="preference",$C$12,0)+IF(D54="preference",$C$13,0))))/(($B$14+$B$7+(IF(D49="convert",$B$8,0)+IF(D50="convert",$B$9,0)+IF(D51="convert",$B$10,0)+IF(D52="convert",$B$11,0)+IF(D53="convert",$B$12,0)+IF(D54="convert",$B$13,0))))))*$B$7,"preference","convert") | E57: =IF($C$7>(IF((((E$3-(IF(E49="preference",$C$8,0)+IF(E50="preference",$C$9,0)+IF(E51="preference",$C$10,0)+IF(E52="preference",$C$11,0)+IF(E53="preference",$C$12,0)+IF(E54="preference",$C$13,0))))+$B$15*$B$16)/((($B$14+$B$7+(IF(E49="convert",$B$8,0)+IF(E50="convert",$B$9,0)+IF(E51="convert",$B$10,0)+IF(E52="convert",$B$11,0)+IF(E53="convert",$B$12,0)+IF(E54="convert",$B$13,0))))+$B$15)>$B$16,(((E$3-(IF(E49="preference",$C$8,0)+IF(E50="preference",$C$9,0)+IF(E51="preference",$C$10,0)+IF(E52="preference",$C$11,0)+IF(E53="preference",$C$12,0)+IF(E54="preference",$C$13,0))))+$B$15*$B$16)/((($B$14+$B$7+(IF(E49="convert",$B$8,0)+IF(E50="convert",$B$9,0)+IF(E51="convert",$B$10,0)+IF(E52="convert",$B$11,0)+IF(E53="convert",$B$12,0)+IF(E54="convert",$B$13,0))))+$B$15),((E$3-(IF(E49="preference",$C$8,0)+IF(E50="preference",$C$9,0)+IF(E51="preference",$C$10,0)+IF(E52="preference",$C$11,0)+IF(E53="preference",$C$12,0)+IF(E54="preference",$C$13,0))))/(($B$14+$B$7+(IF(E49="convert",$B$8,0)+IF(E50="convert",$B$9,0)+IF(E51="convert",$B$10,0)+IF(E52="convert",$B$11,0)+IF(E53="convert",$B$12,0)+IF(E54="convert",$B$13,0))))))*$B$7,"preference","convert") | F57: =IF($C$7>(IF((((F$3-(IF(F49="preference",$C$8,0)+IF(F50="preference",$C$9,0)+IF(F51="preference",$C$10,0)+IF(F52="preference",$C$11,0)+IF(F53="preference",$C$12,0)+IF(F54="preference",$C$13,0))))+$B$15*$B$16)/((($B$14+$B$7+(IF(F49="convert",$B$8,0)+IF(F50="convert",$B$9,0)+IF(F51="convert",$B$10,0)+IF(F52="convert",$B$11,0)+IF(F53="convert",$B$12,0)+IF(F54="convert",$B$13,0))))+$B$15)>$B$16,(((F$3-(IF(F49="preference",$C$8,0)+IF(F50="preference",$C$9,0)+IF(F51="preference",$C$10,0)+IF(F52="preference",$C$11,0)+IF(F53="preference",$C$12,0)+IF(F54="preference",$C$13,0))))+$B$15*$B$16)/((($B$14+$B$7+(IF(F49="convert",$B$8,0)+IF(F50="convert",$B$9,0)+IF(F51="convert",$B$10,0)+IF(F52="convert",$B$11,0)+IF(F53="convert",$B$12,0)+IF(F54="convert",$B$13,0))))+$B$15),((F$3-(IF(F49="preference",$C$8,0)+IF(F50="preference",$C$9,0)+IF(F51="preference",$C$10,0)+IF(F52="preference",$C$11,0)+IF(F53="preference",$C$12,0)+IF(F54="preference",$C$13,0))))/(($B$14+$B$7+(IF(F49="convert",$B$8,0)+IF(F50="convert",$B$9,0)+IF(F51="convert",$B$10,0)+IF(F52="convert",$B$11,0)+IF(F53="convert",$B$12,0)+IF(F54="convert",$B$13,0))))))*$B$7,"preference","convert")
A58: E | B58: =IF($C$8>(IF((((B$3-(IF(B48="preference",$C$7,0)+IF(B50="preference",$C$9,0)+IF(B51="preference",$C$10,0)+IF(B52="preference",$C$11,0)+IF(B53="preference",$C$12,0)+IF(B54="preference",$C$13,0))))+$B$15*$B$16)/((($B$14+$B$8+(IF(B48="convert",$B$7,0)+IF(B50="convert",$B$9,0)+IF(B51="convert",$B$10,0)+IF(B52="convert",$B$11,0)+IF(B53="convert",$B$12,0)+IF(B54="convert",$B$13,0))))+$B$15)>$B$16,(((B$3-(IF(B48="preference",$C$7,0)+IF(B50="preference",$C$9,0)+IF(B51="preference",$C$10,0)+IF(B52="preference",$C$11,0)+IF(B53="preference",$C$12,0)+IF(B54="preference",$C$13,0))))+$B$15*$B$16)/((($B$14+$B$8+(IF(B48="convert",$B$7,0)+IF(B50="convert",$B$9,0)+IF(B51="convert",$B$10,0)+IF(B52="convert",$B$11,0)+IF(B53="convert",$B$12,0)+IF(B54="convert",$B$13,0))))+$B$15),((B$3-(IF(B48="preference",$C$7,0)+IF(B50="preference",$C$9,0)+IF(B51="preference",$C$10,0)+IF(B52="preference",$C$11,0)+IF(B53="preference",$C$12,0)+IF(B54="preference",$C$13,0))))/(($B$14+$B$8+(IF(B48="convert",$B$7,0)+IF(B50="convert",$B$9,0)+IF(B51="convert",$B$10,0)+IF(B52="convert",$B$11,0)+IF(B53="convert",$B$12,0)+IF(B54="convert",$B$13,0))))))*$B$8,"preference","convert") | C58: =IF($C$8>(IF((((C$3-(IF(C48="preference",$C$7,0)+IF(C50="preference",$C$9,0)+IF(C51="preference",$C$10,0)+IF(C52="preference",$C$11,0)+IF(C53="preference",$C$12,0)+IF(C54="preference",$C$13,0))))+$B$15*$B$16)/((($B$14+$B$8+(IF(C48="convert",$B$7,0)+IF(C50="convert",$B$9,0)+IF(C51="convert",$B$10,0)+IF(C52="convert",$B$11,0)+IF(C53="convert",$B$12,0)+IF(C54="convert",$B$13,0))))+$B$15)>$B$16,(((C$3-(IF(C48="preference",$C$7,0)+IF(C50="preference",$C$9,0)+IF(C51="preference",$C$10,0)+IF(C52="preference",$C$11,0)+IF(C53="preference",$C$12,0)+IF(C54="preference",$C$13,0))))+$B$15*$B$16)/((($B$14+$B$8+(IF(C48="convert",$B$7,0)+IF(C50="convert",$B$9,0)+IF(C51="convert",$B$10,0)+IF(C52="convert",$B$11,0)+IF(C53="convert",$B$12,0)+IF(C54="convert",$B$13,0))))+$B$15),((C$3-(IF(C48="preference",$C$7,0)+IF(C50="preference",$C$9,0)+IF(C51="preference",$C$10,0)+IF(C52="preference",$C$11,0)+IF(C53="preference",$C$12,0)+IF(C54="preference",$C$13,0))))/(($B$14+$B$8+(IF(C48="convert",$B$7,0)+IF(C50="convert",$B$9,0)+IF(C51="convert",$B$10,0)+IF(C52="convert",$B$11,0)+IF(C53="convert",$B$12,0)+IF(C54="convert",$B$13,0))))))*$B$8,"preference","convert") | D58: =IF($C$8>(IF((((D$3-(IF(D48="preference",$C$7,0)+IF(D50="preference",$C$9,0)+IF(D51="preference",$C$10,0)+IF(D52="preference",$C$11,0)+IF(D53="preference",$C$12,0)+IF(D54="preference",$C$13,0))))+$B$15*$B$16)/((($B$14+$B$8+(IF(D48="convert",$B$7,0)+IF(D50="convert",$B$9,0)+IF(D51="convert",$B$10,0)+IF(D52="convert",$B$11,0)+IF(D53="convert",$B$12,0)+IF(D54="convert",$B$13,0))))+$B$15)>$B$16,(((D$3-(IF(D48="preference",$C$7,0)+IF(D50="preference",$C$9,0)+IF(D51="preference",$C$10,0)+IF(D52="preference",$C$11,0)+IF(D53="preference",$C$12,0)+IF(D54="preference",$C$13,0))))+$B$15*$B$16)/((($B$14+$B$8+(IF(D48="convert",$B$7,0)+IF(D50="convert",$B$9,0)+IF(D51="convert",$B$10,0)+IF(D52="convert",$B$11,0)+IF(D53="convert",$B$12,0)+IF(D54="convert",$B$13,0))))+$B$15),((D$3-(IF(D48="preference",$C$7,0)+IF(D50="preference",$C$9,0)+IF(D51="preference",$C$10,0)+IF(D52="preference",$C$11,0)+IF(D53="preference",$C$12,0)+IF(D54="preference",$C$13,0))))/(($B$14+$B$8+(IF(D48="convert",$B$7,0)+IF(D50="convert",$B$9,0)+IF(D51="convert",$B$10,0)+IF(D52="convert",$B$11,0)+IF(D53="convert",$B$12,0)+IF(D54="convert",$B$13,0))))))*$B$8,"preference","convert") | E58: =IF($C$8>(IF((((E$3-(IF(E48="preference",$C$7,0)+IF(E50="preference",$C$9,0)+IF(E51="preference",$C$10,0)+IF(E52="preference",$C$11,0)+IF(E53="preference",$C$12,0)+IF(E54="preference",$C$13,0))))+$B$15*$B$16)/((($B$14+$B$8+(IF(E48="convert",$B$7,0)+IF(E50="convert",$B$9,0)+IF(E51="convert",$B$10,0)+IF(E52="convert",$B$11,0)+IF(E53="convert",$B$12,0)+IF(E54="convert",$B$13,0))))+$B$15)>$B$16,(((E$3-(IF(E48="preference",$C$7,0)+IF(E50="preference",$C$9,0)+IF(E51="preference",$C$10,0)+IF(E52="preference",$C$11,0)+IF(E53="preference",$C$12,0)+IF(E54="preference",$C$13,0))))+$B$15*$B$16)/((($B$14+$B$8+(IF(E48="convert",$B$7,0)+IF(E50="convert",$B$9,0)+IF(E51="convert",$B$10,0)+IF(E52="convert",$B$11,0)+IF(E53="convert",$B$12,0)+IF(E54="convert",$B$13,0))))+$B$15),((E$3-(IF(E48="preference",$C$7,0)+IF(E50="preference",$C$9,0)+IF(E51="preference",$C$10,0)+IF(E52="preference",$C$11,0)+IF(E53="preference",$C$12,0)+IF(E54="preference",$C$13,0))))/(($B$14+$B$8+(IF(E48="convert",$B$7,0)+IF(E50="convert",$B$9,0)+IF(E51="convert",$B$10,0)+IF(E52="convert",$B$11,0)+IF(E53="convert",$B$12,0)+IF(E54="convert",$B$13,0))))))*$B$8,"preference","convert") | F58: =IF($C$8>(IF((((F$3-(IF(F48="preference",$C$7,0)+IF(F50="preference",$C$9,0)+IF(F51="preference",$C$10,0)+IF(F52="preference",$C$11,0)+IF(F53="preference",$C$12,0)+IF(F54="preference",$C$13,0))))+$B$15*$B$16)/((($B$14+$B$8+(IF(F48="convert",$B$7,0)+IF(F50="convert",$B$9,0)+IF(F51="convert",$B$10,0)+IF(F52="convert",$B$11,0)+IF(F53="convert",$B$12,0)+IF(F54="convert",$B$13,0))))+$B$15)>$B$16,(((F$3-(IF(F48="preference",$C$7,0)+IF(F50="preference",$C$9,0)+IF(F51="preference",$C$10,0)+IF(F52="preference",$C$11,0)+IF(F53="preference",$C$12,0)+IF(F54="preference",$C$13,0))))+$B$15*$B$16)/((($B$14+$B$8+(IF(F48="convert",$B$7,0)+IF(F50="convert",$B$9,0)+IF(F51="convert",$B$10,0)+IF(F52="convert",$B$11,0)+IF(F53="convert",$B$12,0)+IF(F54="convert",$B$13,0))))+$B$15),((F$3-(IF(F48="preference",$C$7,0)+IF(F50="preference",$C$9,0)+IF(F51="preference",$C$10,0)+IF(F52="preference",$C$11,0)+IF(F53="preference",$C$12,0)+IF(F54="preference",$C$13,0))))/(($B$14+$B$8+(IF(F48="convert",$B$7,0)+IF(F50="convert",$B$9,0)+IF(F51="convert",$B$10,0)+IF(F52="convert",$B$11,0)+IF(F53="convert",$B$12,0)+IF(F54="convert",$B$13,0))))))*$B$8,"preference","convert")
A59: D | B59: =IF($C$9>(IF((((B$3-(IF(B48="preference",$C$7,0)+IF(B49="preference",$C$8,0)+IF(B51="preference",$C$10,0)+IF(B52="preference",$C$11,0)+IF(B53="preference",$C$12,0)+IF(B54="preference",$C$13,0))))+$B$15*$B$16)/((($B$14+$B$9+(IF(B48="convert",$B$7,0)+IF(B49="convert",$B$8,0)+IF(B51="convert",$B$10,0)+IF(B52="convert",$B$11,0)+IF(B53="convert",$B$12,0)+IF(B54="convert",$B$13,0))))+$B$15)>$B$16,(((B$3-(IF(B48="preference",$C$7,0)+IF(B49="preference",$C$8,0)+IF(B51="preference",$C$10,0)+IF(B52="preference",$C$11,0)+IF(B53="preference",$C$12,0)+IF(B54="preference",$C$13,0))))+$B$15*$B$16)/((($B$14+$B$9+(IF(B48="convert",$B$7,0)+IF(B49="convert",$B$8,0)+IF(B51="convert",$B$10,0)+IF(B52="convert",$B$11,0)+IF(B53="convert",$B$12,0)+IF(B54="convert",$B$13,0))))+$B$15),((B$3-(IF(B48="preference",$C$7,0)+IF(B49="preference",$C$8,0)+IF(B51="preference",$C$10,0)+IF(B52="preference",$C$11,0)+IF(B53="preference",$C$12,0)+IF(B54="preference",$C$13,0))))/(($B$14+$B$9+(IF(B48="convert",$B$7,0)+IF(B49="convert",$B$8,0)+IF(B51="convert",$B$10,0)+IF(B52="convert",$B$11,0)+IF(B53="convert",$B$12,0)+IF(B54="convert",$B$13,0))))))*$B$9,"preference","convert") | C59: =IF($C$9>(IF((((C$3-(IF(C48="preference",$C$7,0)+IF(C49="preference",$C$8,0)+IF(C51="preference",$C$10,0)+IF(C52="preference",$C$11,0)+IF(C53="preference",$C$12,0)+IF(C54="preference",$C$13,0))))+$B$15*$B$16)/((($B$14+$B$9+(IF(C48="convert",$B$7,0)+IF(C49="convert",$B$8,0)+IF(C51="convert",$B$10,0)+IF(C52="convert",$B$11,0)+IF(C53="convert",$B$12,0)+IF(C54="convert",$B$13,0))))+$B$15)>$B$16,(((C$3-(IF(C48="preference",$C$7,0)+IF(C49="preference",$C$8,0)+IF(C51="preference",$C$10,0)+IF(C52="preference",$C$11,0)+IF(C53="preference",$C$12,0)+IF(C54="preference",$C$13,0))))+$B$15*$B$16)/((($B$14+$B$9+(IF(C48="convert",$B$7,0)+IF(C49="convert",$B$8,0)+IF(C51="convert",$B$10,0)+IF(C52="convert",$B$11,0)+IF(C53="convert",$B$12,0)+IF(C54="convert",$B$13,0))))+$B$15),((C$3-(IF(C48="preference",$C$7,0)+IF(C49="preference",$C$8,0)+IF(C51="preference",$C$10,0)+IF(C52="preference",$C$11,0)+IF(C53="preference",$C$12,0)+IF(C54="preference",$C$13,0))))/(($B$14+$B$9+(IF(C48="convert",$B$7,0)+IF(C49="convert",$B$8,0)+IF(C51="convert",$B$10,0)+IF(C52="convert",$B$11,0)+IF(C53="convert",$B$12,0)+IF(C54="convert",$B$13,0))))))*$B$9,"preference","convert") | D59: =IF($C$9>(IF((((D$3-(IF(D48="preference",$C$7,0)+IF(D49="preference",$C$8,0)+IF(D51="preference",$C$10,0)+IF(D52="preference",$C$11,0)+IF(D53="preference",$C$12,0)+IF(D54="preference",$C$13,0))))+$B$15*$B$16)/((($B$14+$B$9+(IF(D48="convert",$B$7,0)+IF(D49="convert",$B$8,0)+IF(D51="convert",$B$10,0)+IF(D52="convert",$B$11,0)+IF(D53="convert",$B$12,0)+IF(D54="convert",$B$13,0))))+$B$15)>$B$16,(((D$3-(IF(D48="preference",$C$7,0)+IF(D49="preference",$C$8,0)+IF(D51="preference",$C$10,0)+IF(D52="preference",$C$11,0)+IF(D53="preference",$C$12,0)+IF(D54="preference",$C$13,0))))+$B$15*$B$16)/((($B$14+$B$9+(IF(D48="convert",$B$7,0)+IF(D49="convert",$B$8,0)+IF(D51="convert",$B$10,0)+IF(D52="convert",$B$11,0)+IF(D53="convert",$B$12,0)+IF(D54="convert",$B$13,0))))+$B$15),((D$3-(IF(D48="preference",$C$7,0)+IF(D49="preference",$C$8,0)+IF(D51="preference",$C$10,0)+IF(D52="preference",$C$11,0)+IF(D53="preference",$C$12,0)+IF(D54="preference",$C$13,0))))/(($B$14+$B$9+(IF(D48="convert",$B$7,0)+IF(D49="convert",$B$8,0)+IF(D51="convert",$B$10,0)+IF(D52="convert",$B$11,0)+IF(D53="convert",$B$12,0)+IF(D54="convert",$B$13,0))))))*$B$9,"preference","convert") | E59: =IF($C$9>(IF((((E$3-(IF(E48="preference",$C$7,0)+IF(E49="preference",$C$8,0)+IF(E51="preference",$C$10,0)+IF(E52="preference",$C$11,0)+IF(E53="preference",$C$12,0)+IF(E54="preference",$C$13,0))))+$B$15*$B$16)/((($B$14+$B$9+(IF(E48="convert",$B$7,0)+IF(E49="convert",$B$8,0)+IF(E51="convert",$B$10,0)+IF(E52="convert",$B$11,0)+IF(E53="convert",$B$12,0)+IF(E54="convert",$B$13,0))))+$B$15)>$B$16,(((E$3-(IF(E48="preference",$C$7,0)+IF(E49="preference",$C$8,0)+IF(E51="preference",$C$10,0)+IF(E52="preference",$C$11,0)+IF(E53="preference",$C$12,0)+IF(E54="preference",$C$13,0))))+$B$15*$B$16)/((($B$14+$B$9+(IF(E48="convert",$B$7,0)+IF(E49="convert",$B$8,0)+IF(E51="convert",$B$10,0)+IF(E52="convert",$B$11,0)+IF(E53="convert",$B$12,0)+IF(E54="convert",$B$13,0))))+$B$15),((E$3-(IF(E48="preference",$C$7,0)+IF(E49="preference",$C$8,0)+IF(E51="preference",$C$10,0)+IF(E52="preference",$C$11,0)+IF(E53="preference",$C$12,0)+IF(E54="preference",$C$13,0))))/(($B$14+$B$9+(IF(E48="convert",$B$7,0)+IF(E49="convert",$B$8,0)+IF(E51="convert",$B$10,0)+IF(E52="convert",$B$11,0)+IF(E53="convert",$B$12,0)+IF(E54="convert",$B$13,0))))))*$B$9,"preference","convert") | F59: =IF($C$9>(IF((((F$3-(IF(F48="preference",$C$7,0)+IF(F49="preference",$C$8,0)+IF(F51="preference",$C$10,0)+IF(F52="preference",$C$11,0)+IF(F53="preference",$C$12,0)+IF(F54="preference",$C$13,0))))+$B$15*$B$16)/((($B$14+$B$9+(IF(F48="convert",$B$7,0)+IF(F49="convert",$B$8,0)+IF(F51="convert",$B$10,0)+IF(F52="convert",$B$11,0)+IF(F53="convert",$B$12,0)+IF(F54="convert",$B$13,0))))+$B$15)>$B$16,(((F$3-(IF(F48="preference",$C$7,0)+IF(F49="preference",$C$8,0)+IF(F51="preference",$C$10,0)+IF(F52="preference",$C$11,0)+IF(F53="preference",$C$12,0)+IF(F54="preference",$C$13,0))))+$B$15*$B$16)/((($B$14+$B$9+(IF(F48="convert",$B$7,0)+IF(F49="convert",$B$8,0)+IF(F51="convert",$B$10,0)+IF(F52="convert",$B$11,0)+IF(F53="convert",$B$12,0)+IF(F54="convert",$B$13,0))))+$B$15),((F$3-(IF(F48="preference",$C$7,0)+IF(F49="preference",$C$8,0)+IF(F51="preference",$C$10,0)+IF(F52="preference",$C$11,0)+IF(F53="preference",$C$12,0)+IF(F54="preference",$C$13,0))))/(($B$14+$B$9+(IF(F48="convert",$B$7,0)+IF(F49="convert",$B$8,0)+IF(F51="convert",$B$10,0)+IF(F52="convert",$B$11,0)+IF(F53="convert",$B$12,0)+IF(F54="convert",$B$13,0))))))*$B$9,"preference","convert")
A60: C | B60: =IF($C$10>(IF((((B$3-(IF(B48="preference",$C$7,0)+IF(B49="preference",$C$8,0)+IF(B50="preference",$C$9,0)+IF(B52="preference",$C$11,0)+IF(B53="preference",$C$12,0)+IF(B54="preference",$C$13,0))))+$B$15*$B$16)/((($B$14+$B$10+(IF(B48="convert",$B$7,0)+IF(B49="convert",$B$8,0)+IF(B50="convert",$B$9,0)+IF(B52="convert",$B$11,0)+IF(B53="convert",$B$12,0)+IF(B54="convert",$B$13,0))))+$B$15)>$B$16,(((B$3-(IF(B48="preference",$C$7,0)+IF(B49="preference",$C$8,0)+IF(B50="preference",$C$9,0)+IF(B52="preference",$C$11,0)+IF(B53="preference",$C$12,0)+IF(B54="preference",$C$13,0))))+$B$15*$B$16)/((($B$14+$B$10+(IF(B48="convert",$B$7,0)+IF(B49="convert",$B$8,0)+IF(B50="convert",$B$9,0)+IF(B52="convert",$B$11,0)+IF(B53="convert",$B$12,0)+IF(B54="convert",$B$13,0))))+$B$15),((B$3-(IF(B48="preference",$C$7,0)+IF(B49="preference",$C$8,0)+IF(B50="preference",$C$9,0)+IF(B52="preference",$C$11,0)+IF(B53="preference",$C$12,0)+IF(B54="preference",$C$13,0))))/(($B$14+$B$10+(IF(B48="convert",$B$7,0)+IF(B49="convert",$B$8,0)+IF(B50="convert",$B$9,0)+IF(B52="convert",$B$11,0)+IF(B53="convert",$B$12,0)+IF(B54="convert",$B$13,0))))))*$B$10,"preference","convert") | C60: =IF($C$10>(IF((((C$3-(IF(C48="preference",$C$7,0)+IF(C49="preference",$C$8,0)+IF(C50="preference",$C$9,0)+IF(C52="preference",$C$11,0)+IF(C53="preference",$C$12,0)+IF(C54="preference",$C$13,0))))+$B$15*$B$16)/((($B$14+$B$10+(IF(C48="convert",$B$7,0)+IF(C49="convert",$B$8,0)+IF(C50="convert",$B$9,0)+IF(C52="convert",$B$11,0)+IF(C53="convert",$B$12,0)+IF(C54="convert",$B$13,0))))+$B$15)>$B$16,(((C$3-(IF(C48="preference",$C$7,0)+IF(C49="preference",$C$8,0)+IF(C50="preference",$C$9,0)+IF(C52="preference",$C$11,0)+IF(C53="preference",$C$12,0)+IF(C54="preference",$C$13,0))))+$B$15*$B$16)/((($B$14+$B$10+(IF(C48="convert",$B$7,0)+IF(C49="convert",$B$8,0)+IF(C50="convert",$B$9,0)+IF(C52="convert",$B$11,0)+IF(C53="convert",$B$12,0)+IF(C54="convert",$B$13,0))))+$B$15),((C$3-(IF(C48="preference",$C$7,0)+IF(C49="preference",$C$8,0)+IF(C50="preference",$C$9,0)+IF(C52="preference",$C$11,0)+IF(C53="preference",$C$12,0)+IF(C54="preference",$C$13,0))))/(($B$14+$B$10+(IF(C48="convert",$B$7,0)+IF(C49="convert",$B$8,0)+IF(C50="convert",$B$9,0)+IF(C52="convert",$B$11,0)+IF(C53="convert",$B$12,0)+IF(C54="convert",$B$13,0))))))*$B$10,"preference","convert") | D60: =IF($C$10>(IF((((D$3-(IF(D48="preference",$C$7,0)+IF(D49="preference",$C$8,0)+IF(D50="preference",$C$9,0)+IF(D52="preference",$C$11,0)+IF(D53="preference",$C$12,0)+IF(D54="preference",$C$13,0))))+$B$15*$B$16)/((($B$14+$B$10+(IF(D48="convert",$B$7,0)+IF(D49="convert",$B$8,0)+IF(D50="convert",$B$9,0)+IF(D52="convert",$B$11,0)+IF(D53="convert",$B$12,0)+IF(D54="convert",$B$13,0))))+$B$15)>$B$16,(((D$3-(IF(D48="preference",$C$7,0)+IF(D49="preference",$C$8,0)+IF(D50="preference",$C$9,0)+IF(D52="preference",$C$11,0)+IF(D53="preference",$C$12,0)+IF(D54="preference",$C$13,0))))+$B$15*$B$16)/((($B$14+$B$10+(IF(D48="convert",$B$7,0)+IF(D49="convert",$B$8,0)+IF(D50="convert",$B$9,0)+IF(D52="convert",$B$11,0)+IF(D53="convert",$B$12,0)+IF(D54="convert",$B$13,0))))+$B$15),((D$3-(IF(D48="preference",$C$7,0)+IF(D49="preference",$C$8,0)+IF(D50="preference",$C$9,0)+IF(D52="preference",$C$11,0)+IF(D53="preference",$C$12,0)+IF(D54="preference",$C$13,0))))/(($B$14+$B$10+(IF(D48="convert",$B$7,0)+IF(D49="convert",$B$8,0)+IF(D50="convert",$B$9,0)+IF(D52="convert",$B$11,0)+IF(D53="convert",$B$12,0)+IF(D54="convert",$B$13,0))))))*$B$10,"preference","convert") | E60: =IF($C$10>(IF((((E$3-(IF(E48="preference",$C$7,0)+IF(E49="preference",$C$8,0)+IF(E50="preference",$C$9,0)+IF(E52="preference",$C$11,0)+IF(E53="preference",$C$12,0)+IF(E54="preference",$C$13,0))))+$B$15*$B$16)/((($B$14+$B$10+(IF(E48="convert",$B$7,0)+IF(E49="convert",$B$8,0)+IF(E50="convert",$B$9,0)+IF(E52="convert",$B$11,0)+IF(E53="convert",$B$12,0)+IF(E54="convert",$B$13,0))))+$B$15)>$B$16,(((E$3-(IF(E48="preference",$C$7,0)+IF(E49="preference",$C$8,0)+IF(E50="preference",$C$9,0)+IF(E52="preference",$C$11,0)+IF(E53="preference",$C$12,0)+IF(E54="preference",$C$13,0))))+$B$15*$B$16)/((($B$14+$B$10+(IF(E48="convert",$B$7,0)+IF(E49="convert",$B$8,0)+IF(E50="convert",$B$9,0)+IF(E52="convert",$B$11,0)+IF(E53="convert",$B$12,0)+IF(E54="convert",$B$13,0))))+$B$15),((E$3-(IF(E48="preference",$C$7,0)+IF(E49="preference",$C$8,0)+IF(E50="preference",$C$9,0)+IF(E52="preference",$C$11,0)+IF(E53="preference",$C$12,0)+IF(E54="preference",$C$13,0))))/(($B$14+$B$10+(IF(E48="convert",$B$7,0)+IF(E49="convert",$B$8,0)+IF(E50="convert",$B$9,0)+IF(E52="convert",$B$11,0)+IF(E53="convert",$B$12,0)+IF(E54="convert",$B$13,0))))))*$B$10,"preference","convert") | F60: =IF($C$10>(IF((((F$3-(IF(F48="preference",$C$7,0)+IF(F49="preference",$C$8,0)+IF(F50="preference",$C$9,0)+IF(F52="preference",$C$11,0)+IF(F53="preference",$C$12,0)+IF(F54="preference",$C$13,0))))+$B$15*$B$16)/((($B$14+$B$10+(IF(F48="convert",$B$7,0)+IF(F49="convert",$B$8,0)+IF(F50="convert",$B$9,0)+IF(F52="convert",$B$11,0)+IF(F53="convert",$B$12,0)+IF(F54="convert",$B$13,0))))+$B$15)>$B$16,(((F$3-(IF(F48="preference",$C$7,0)+IF(F49="preference",$C$8,0)+IF(F50="preference",$C$9,0)+IF(F52="preference",$C$11,0)+IF(F53="preference",$C$12,0)+IF(F54="preference",$C$13,0))))+$B$15*$B$16)/((($B$14+$B$10+(IF(F48="convert",$B$7,0)+IF(F49="convert",$B$8,0)+IF(F50="convert",$B$9,0)+IF(F52="convert",$B$11,0)+IF(F53="convert",$B$12,0)+IF(F54="convert",$B$13,0))))+$B$15),((F$3-(IF(F48="preference",$C$7,0)+IF(F49="preference",$C$8,0)+IF(F50="preference",$C$9,0)+IF(F52="preference",$C$11,0)+IF(F53="preference",$C$12,0)+IF(F54="preference",$C$13,0))))/(($B$14+$B$10+(IF(F48="convert",$B$7,0)+IF(F49="convert",$B$8,0)+IF(F50="convert",$B$9,0)+IF(F52="convert",$B$11,0)+IF(F53="convert",$B$12,0)+IF(F54="convert",$B$13,0))))))*$B$10,"preference","convert")
A61: B | B61: =IF($C$11>(IF((((B$3-(IF(B48="preference",$C$7,0)+IF(B49="preference",$C$8,0)+IF(B50="preference",$C$9,0)+IF(B51="preference",$C$10,0)+IF(B53="preference",$C$12,0)+IF(B54="preference",$C$13,0))))+$B$15*$B$16)/((($B$14+$B$11+(IF(B48="convert",$B$7,0)+IF(B49="convert",$B$8,0)+IF(B50="convert",$B$9,0)+IF(B51="convert",$B$10,0)+IF(B53="convert",$B$12,0)+IF(B54="convert",$B$13,0))))+$B$15)>$B$16,(((B$3-(IF(B48="preference",$C$7,0)+IF(B49="preference",$C$8,0)+IF(B50="preference",$C$9,0)+IF(B51="preference",$C$10,0)+IF(B53="preference",$C$12,0)+IF(B54="preference",$C$13,0))))+$B$15*$B$16)/((($B$14+$B$11+(IF(B48="convert",$B$7,0)+IF(B49="convert",$B$8,0)+IF(B50="convert",$B$9,0)+IF(B51="convert",$B$10,0)+IF(B53="convert",$B$12,0)+IF(B54="convert",$B$13,0))))+$B$15),((B$3-(IF(B48="preference",$C$7,0)+IF(B49="preference",$C$8,0)+IF(B50="preference",$C$9,0)+IF(B51="preference",$C$10,0)+IF(B53="preference",$C$12,0)+IF(B54="preference",$C$13,0))))/(($B$14+$B$11+(IF(B48="convert",$B$7,0)+IF(B49="convert",$B$8,0)+IF(B50="convert",$B$9,0)+IF(B51="convert",$B$10,0)+IF(B53="convert",$B$12,0)+IF(B54="convert",$B$13,0))))))*$B$11,"preference","convert") | C61: =IF($C$11>(IF((((C$3-(IF(C48="preference",$C$7,0)+IF(C49="preference",$C$8,0)+IF(C50="preference",$C$9,0)+IF(C51="preference",$C$10,0)+IF(C53="preference",$C$12,0)+IF(C54="preference",$C$13,0))))+$B$15*$B$16)/((($B$14+$B$11+(IF(C48="convert",$B$7,0)+IF(C49="convert",$B$8,0)+IF(C50="convert",$B$9,0)+IF(C51="convert",$B$10,0)+IF(C53="convert",$B$12,0)+IF(C54="convert",$B$13,0))))+$B$15)>$B$16,(((C$3-(IF(C48="preference",$C$7,0)+IF(C49="preference",$C$8,0)+IF(C50="preference",$C$9,0)+IF(C51="preference",$C$10,0)+IF(C53="preference",$C$12,0)+IF(C54="preference",$C$13,0))))+$B$15*$B$16)/((($B$14+$B$11+(IF(C48="convert",$B$7,0)+IF(C49="convert",$B$8,0)+IF(C50="convert",$B$9,0)+IF(C51="convert",$B$10,0)+IF(C53="convert",$B$12,0)+IF(C54="convert",$B$13,0))))+$B$15),((C$3-(IF(C48="preference",$C$7,0)+IF(C49="preference",$C$8,0)+IF(C50="preference",$C$9,0)+IF(C51="preference",$C$10,0)+IF(C53="preference",$C$12,0)+IF(C54="preference",$C$13,0))))/(($B$14+$B$11+(IF(C48="convert",$B$7,0)+IF(C49="convert",$B$8,0)+IF(C50="convert",$B$9,0)+IF(C51="convert",$B$10,0)+IF(C53="convert",$B$12,0)+IF(C54="convert",$B$13,0))))))*$B$11,"preference","convert") | D61: =IF($C$11>(IF((((D$3-(IF(D48="preference",$C$7,0)+IF(D49="preference",$C$8,0)+IF(D50="preference",$C$9,0)+IF(D51="preference",$C$10,0)+IF(D53="preference",$C$12,0)+IF(D54="preference",$C$13,0))))+$B$15*$B$16)/((($B$14+$B$11+(IF(D48="convert",$B$7,0)+IF(D49="convert",$B$8,0)+IF(D50="convert",$B$9,0)+IF(D51="convert",$B$10,0)+IF(D53="convert",$B$12,0)+IF(D54="convert",$B$13,0))))+$B$15)>$B$16,(((D$3-(IF(D48="preference",$C$7,0)+IF(D49="preference",$C$8,0)+IF(D50="preference",$C$9,0)+IF(D51="preference",$C$10,0)+IF(D53="preference",$C$12,0)+IF(D54="preference",$C$13,0))))+$B$15*$B$16)/((($B$14+$B$11+(IF(D48="convert",$B$7,0)+IF(D49="convert",$B$8,0)+IF(D50="convert",$B$9,0)+IF(D51="convert",$B$10,0)+IF(D53="convert",$B$12,0)+IF(D54="convert",$B$13,0))))+$B$15),((D$3-(IF(D48="preference",$C$7,0)+IF(D49="preference",$C$8,0)+IF(D50="preference",$C$9,0)+IF(D51="preference",$C$10,0)+IF(D53="preference",$C$12,0)+IF(D54="preference",$C$13,0))))/(($B$14+$B$11+(IF(D48="convert",$B$7,0)+IF(D49="convert",$B$8,0)+IF(D50="convert",$B$9,0)+IF(D51="convert",$B$10,0)+IF(D53="convert",$B$12,0)+IF(D54="convert",$B$13,0))))))*$B$11,"preference","convert") | E61: =IF($C$11>(IF((((E$3-(IF(E48="preference",$C$7,0)+IF(E49="preference",$C$8,0)+IF(E50="preference",$C$9,0)+IF(E51="preference",$C$10,0)+IF(E53="preference",$C$12,0)+IF(E54="preference",$C$13,0))))+$B$15*$B$16)/((($B$14+$B$11+(IF(E48="convert",$B$7,0)+IF(E49="convert",$B$8,0)+IF(E50="convert",$B$9,0)+IF(E51="convert",$B$10,0)+IF(E53="convert",$B$12,0)+IF(E54="convert",$B$13,0))))+$B$15)>$B$16,(((E$3-(IF(E48="preference",$C$7,0)+IF(E49="preference",$C$8,0)+IF(E50="preference",$C$9,0)+IF(E51="preference",$C$10,0)+IF(E53="preference",$C$12,0)+IF(E54="preference",$C$13,0))))+$B$15*$B$16)/((($B$14+$B$11+(IF(E48="convert",$B$7,0)+IF(E49="convert",$B$8,0)+IF(E50="convert",$B$9,0)+IF(E51="convert",$B$10,0)+IF(E53="convert",$B$12,0)+IF(E54="convert",$B$13,0))))+$B$15),((E$3-(IF(E48="preference",$C$7,0)+IF(E49="preference",$C$8,0)+IF(E50="preference",$C$9,0)+IF(E51="preference",$C$10,0)+IF(E53="preference",$C$12,0)+IF(E54="preference",$C$13,0))))/(($B$14+$B$11+(IF(E48="convert",$B$7,0)+IF(E49="convert",$B$8,0)+IF(E50="convert",$B$9,0)+IF(E51="convert",$B$10,0)+IF(E53="convert",$B$12,0)+IF(E54="convert",$B$13,0))))))*$B$11,"preference","convert") | F61: =IF($C$11>(IF((((F$3-(IF(F48="preference",$C$7,0)+IF(F49="preference",$C$8,0)+IF(F50="preference",$C$9,0)+IF(F51="preference",$C$10,0)+IF(F53="preference",$C$12,0)+IF(F54="preference",$C$13,0))))+$B$15*$B$16)/((($B$14+$B$11+(IF(F48="convert",$B$7,0)+IF(F49="convert",$B$8,0)+IF(F50="convert",$B$9,0)+IF(F51="convert",$B$10,0)+IF(F53="convert",$B$12,0)+IF(F54="convert",$B$13,0))))+$B$15)>$B$16,(((F$3-(IF(F48="preference",$C$7,0)+IF(F49="preference",$C$8,0)+IF(F50="preference",$C$9,0)+IF(F51="preference",$C$10,0)+IF(F53="preference",$C$12,0)+IF(F54="preference",$C$13,0))))+$B$15*$B$16)/((($B$14+$B$11+(IF(F48="convert",$B$7,0)+IF(F49="convert",$B$8,0)+IF(F50="convert",$B$9,0)+IF(F51="convert",$B$10,0)+IF(F53="convert",$B$12,0)+IF(F54="convert",$B$13,0))))+$B$15),((F$3-(IF(F48="preference",$C$7,0)+IF(F49="preference",$C$8,0)+IF(F50="preference",$C$9,0)+IF(F51="preference",$C$10,0)+IF(F53="preference",$C$12,0)+IF(F54="preference",$C$13,0))))/(($B$14+$B$11+(IF(F48="convert",$B$7,0)+IF(F49="convert",$B$8,0)+IF(F50="convert",$B$9,0)+IF(F51="convert",$B$10,0)+IF(F53="convert",$B$12,0)+IF(F54="convert",$B$13,0))))))*$B$11,"preference","convert")
A62: A | B62: =IF($C$12>(IF((((B$3-(IF(B48="preference",$C$7,0)+IF(B49="preference",$C$8,0)+IF(B50="preference",$C$9,0)+IF(B51="preference",$C$10,0)+IF(B52="preference",$C$11,0)+IF(B54="preference",$C$13,0))))+$B$15*$B$16)/((($B$14+$B$12+(IF(B48="convert",$B$7,0)+IF(B49="convert",$B$8,0)+IF(B50="convert",$B$9,0)+IF(B51="convert",$B$10,0)+IF(B52="convert",$B$11,0)+IF(B54="convert",$B$13,0))))+$B$15)>$B$16,(((B$3-(IF(B48="preference",$C$7,0)+IF(B49="preference",$C$8,0)+IF(B50="preference",$C$9,0)+IF(B51="preference",$C$10,0)+IF(B52="preference",$C$11,0)+IF(B54="preference",$C$13,0))))+$B$15*$B$16)/((($B$14+$B$12+(IF(B48="convert",$B$7,0)+IF(B49="convert",$B$8,0)+IF(B50="convert",$B$9,0)+IF(B51="convert",$B$10,0)+IF(B52="convert",$B$11,0)+IF(B54="convert",$B$13,0))))+$B$15),((B$3-(IF(B48="preference",$C$7,0)+IF(B49="preference",$C$8,0)+IF(B50="preference",$C$9,0)+IF(B51="preference",$C$10,0)+IF(B52="preference",$C$11,0)+IF(B54="preference",$C$13,0))))/(($B$14+$B$12+(IF(B48="convert",$B$7,0)+IF(B49="convert",$B$8,0)+IF(B50="convert",$B$9,0)+IF(B51="convert",$B$10,0)+IF(B52="convert",$B$11,0)+IF(B54="convert",$B$13,0))))))*$B$12,"preference","convert") | C62: =IF($C$12>(IF((((C$3-(IF(C48="preference",$C$7,0)+IF(C49="preference",$C$8,0)+IF(C50="preference",$C$9,0)+IF(C51="preference",$C$10,0)+IF(C52="preference",$C$11,0)+IF(C54="preference",$C$13,0))))+$B$15*$B$16)/((($B$14+$B$12+(IF(C48="convert",$B$7,0)+IF(C49="convert",$B$8,0)+IF(C50="convert",$B$9,0)+IF(C51="convert",$B$10,0)+IF(C52="convert",$B$11,0)+IF(C54="convert",$B$13,0))))+$B$15)>$B$16,(((C$3-(IF(C48="preference",$C$7,0)+IF(C49="preference",$C$8,0)+IF(C50="preference",$C$9,0)+IF(C51="preference",$C$10,0)+IF(C52="preference",$C$11,0)+IF(C54="preference",$C$13,0))))+$B$15*$B$16)/((($B$14+$B$12+(IF(C48="convert",$B$7,0)+IF(C49="convert",$B$8,0)+IF(C50="convert",$B$9,0)+IF(C51="convert",$B$10,0)+IF(C52="convert",$B$11,0)+IF(C54="convert",$B$13,0))))+$B$15),((C$3-(IF(C48="preference",$C$7,0)+IF(C49="preference",$C$8,0)+IF(C50="preference",$C$9,0)+IF(C51="preference",$C$10,0)+IF(C52="preference",$C$11,0)+IF(C54="preference",$C$13,0))))/(($B$14+$B$12+(IF(C48="convert",$B$7,0)+IF(C49="convert",$B$8,0)+IF(C50="convert",$B$9,0)+IF(C51="convert",$B$10,0)+IF(C52="convert",$B$11,0)+IF(C54="convert",$B$13,0))))))*$B$12,"preference","convert") | D62: =IF($C$12>(IF((((D$3-(IF(D48="preference",$C$7,0)+IF(D49="preference",$C$8,0)+IF(D50="preference",$C$9,0)+IF(D51="preference",$C$10,0)+IF(D52="preference",$C$11,0)+IF(D54="preference",$C$13,0))))+$B$15*$B$16)/((($B$14+$B$12+(IF(D48="convert",$B$7,0)+IF(D49="convert",$B$8,0)+IF(D50="convert",$B$9,0)+IF(D51="convert",$B$10,0)+IF(D52="convert",$B$11,0)+IF(D54="convert",$B$13,0))))+$B$15)>$B$16,(((D$3-(IF(D48="preference",$C$7,0)+IF(D49="preference",$C$8,0)+IF(D50="preference",$C$9,0)+IF(D51="preference",$C$10,0)+IF(D52="preference",$C$11,0)+IF(D54="preference",$C$13,0))))+$B$15*$B$16)/((($B$14+$B$12+(IF(D48="convert",$B$7,0)+IF(D49="convert",$B$8,0)+IF(D50="convert",$B$9,0)+IF(D51="convert",$B$10,0)+IF(D52="convert",$B$11,0)+IF(D54="convert",$B$13,0))))+$B$15),((D$3-(IF(D48="preference",$C$7,0)+IF(D49="preference",$C$8,0)+IF(D50="preference",$C$9,0)+IF(D51="preference",$C$10,0)+IF(D52="preference",$C$11,0)+IF(D54="preference",$C$13,0))))/(($B$14+$B$12+(IF(D48="convert",$B$7,0)+IF(D49="convert",$B$8,0)+IF(D50="convert",$B$9,0)+IF(D51="convert",$B$10,0)+IF(D52="convert",$B$11,0)+IF(D54="convert",$B$13,0))))))*$B$12,"preference","convert") | E62: =IF($C$12>(IF((((E$3-(IF(E48="preference",$C$7,0)+IF(E49="preference",$C$8,0)+IF(E50="preference",$C$9,0)+IF(E51="preference",$C$10,0)+IF(E52="preference",$C$11,0)+IF(E54="preference",$C$13,0))))+$B$15*$B$16)/((($B$14+$B$12+(IF(E48="convert",$B$7,0)+IF(E49="convert",$B$8,0)+IF(E50="convert",$B$9,0)+IF(E51="convert",$B$10,0)+IF(E52="convert",$B$11,0)+IF(E54="convert",$B$13,0))))+$B$15)>$B$16,(((E$3-(IF(E48="preference",$C$7,0)+IF(E49="preference",$C$8,0)+IF(E50="preference",$C$9,0)+IF(E51="preference",$C$10,0)+IF(E52="preference",$C$11,0)+IF(E54="preference",$C$13,0))))+$B$15*$B$16)/((($B$14+$B$12+(IF(E48="convert",$B$7,0)+IF(E49="convert",$B$8,0)+IF(E50="convert",$B$9,0)+IF(E51="convert",$B$10,0)+IF(E52="convert",$B$11,0)+IF(E54="convert",$B$13,0))))+$B$15),((E$3-(IF(E48="preference",$C$7,0)+IF(E49="preference",$C$8,0)+IF(E50="preference",$C$9,0)+IF(E51="preference",$C$10,0)+IF(E52="preference",$C$11,0)+IF(E54="preference",$C$13,0))))/(($B$14+$B$12+(IF(E48="convert",$B$7,0)+IF(E49="convert",$B$8,0)+IF(E50="convert",$B$9,0)+IF(E51="convert",$B$10,0)+IF(E52="convert",$B$11,0)+IF(E54="convert",$B$13,0))))))*$B$12,"preference","convert") | F62: =IF($C$12>(IF((((F$3-(IF(F48="preference",$C$7,0)+IF(F49="preference",$C$8,0)+IF(F50="preference",$C$9,0)+IF(F51="preference",$C$10,0)+IF(F52="preference",$C$11,0)+IF(F54="preference",$C$13,0))))+$B$15*$B$16)/((($B$14+$B$12+(IF(F48="convert",$B$7,0)+IF(F49="convert",$B$8,0)+IF(F50="convert",$B$9,0)+IF(F51="convert",$B$10,0)+IF(F52="convert",$B$11,0)+IF(F54="convert",$B$13,0))))+$B$15)>$B$16,(((F$3-(IF(F48="preference",$C$7,0)+IF(F49="preference",$C$8,0)+IF(F50="preference",$C$9,0)+IF(F51="preference",$C$10,0)+IF(F52="preference",$C$11,0)+IF(F54="preference",$C$13,0))))+$B$15*$B$16)/((($B$14+$B$12+(IF(F48="convert",$B$7,0)+IF(F49="convert",$B$8,0)+IF(F50="convert",$B$9,0)+IF(F51="convert",$B$10,0)+IF(F52="convert",$B$11,0)+IF(F54="convert",$B$13,0))))+$B$15),((F$3-(IF(F48="preference",$C$7,0)+IF(F49="preference",$C$8,0)+IF(F50="preference",$C$9,0)+IF(F51="preference",$C$10,0)+IF(F52="preference",$C$11,0)+IF(F54="preference",$C$13,0))))/(($B$14+$B$12+(IF(F48="convert",$B$7,0)+IF(F49="convert",$B$8,0)+IF(F50="convert",$B$9,0)+IF(F51="convert",$B$10,0)+IF(F52="convert",$B$11,0)+IF(F54="convert",$B$13,0))))))*$B$12,"preference","convert")
A63: Seed | B63: =IF($C$13>(IF((((B$3-(IF(B48="preference",$C$7,0)+IF(B49="preference",$C$8,0)+IF(B50="preference",$C$9,0)+IF(B51="preference",$C$10,0)+IF(B52="preference",$C$11,0)+IF(B53="preference",$C$12,0))))+$B$15*$B$16)/((($B$14+$B$13+(IF(B48="convert",$B$7,0)+IF(B49="convert",$B$8,0)+IF(B50="convert",$B$9,0)+IF(B51="convert",$B$10,0)+IF(B52="convert",$B$11,0)+IF(B53="convert",$B$12,0))))+$B$15)>$B$16,(((B$3-(IF(B48="preference",$C$7,0)+IF(B49="preference",$C$8,0)+IF(B50="preference",$C$9,0)+IF(B51="preference",$C$10,0)+IF(B52="preference",$C$11,0)+IF(B53="preference",$C$12,0))))+$B$15*$B$16)/((($B$14+$B$13+(IF(B48="convert",$B$7,0)+IF(B49="convert",$B$8,0)+IF(B50="convert",$B$9,0)+IF(B51="convert",$B$10,0)+IF(B52="convert",$B$11,0)+IF(B53="convert",$B$12,0))))+$B$15),((B$3-(IF(B48="preference",$C$7,0)+IF(B49="preference",$C$8,0)+IF(B50="preference",$C$9,0)+IF(B51="preference",$C$10,0)+IF(B52="preference",$C$11,0)+IF(B53="preference",$C$12,0))))/(($B$14+$B$13+(IF(B48="convert",$B$7,0)+IF(B49="convert",$B$8,0)+IF(B50="convert",$B$9,0)+IF(B51="convert",$B$10,0)+IF(B52="convert",$B$11,0)+IF(B53="convert",$B$12,0))))))*$B$13,"preference","convert") | C63: =IF($C$13>(IF((((C$3-(IF(C48="preference",$C$7,0)+IF(C49="preference",$C$8,0)+IF(C50="preference",$C$9,0)+IF(C51="preference",$C$10,0)+IF(C52="preference",$C$11,0)+IF(C53="preference",$C$12,0))))+$B$15*$B$16)/((($B$14+$B$13+(IF(C48="convert",$B$7,0)+IF(C49="convert",$B$8,0)+IF(C50="convert",$B$9,0)+IF(C51="convert",$B$10,0)+IF(C52="convert",$B$11,0)+IF(C53="convert",$B$12,0))))+$B$15)>$B$16,(((C$3-(IF(C48="preference",$C$7,0)+IF(C49="preference",$C$8,0)+IF(C50="preference",$C$9,0)+IF(C51="preference",$C$10,0)+IF(C52="preference",$C$11,0)+IF(C53="preference",$C$12,0))))+$B$15*$B$16)/((($B$14+$B$13+(IF(C48="convert",$B$7,0)+IF(C49="convert",$B$8,0)+IF(C50="convert",$B$9,0)+IF(C51="convert",$B$10,0)+IF(C52="convert",$B$11,0)+IF(C53="convert",$B$12,0))))+$B$15),((C$3-(IF(C48="preference",$C$7,0)+IF(C49="preference",$C$8,0)+IF(C50="preference",$C$9,0)+IF(C51="preference",$C$10,0)+IF(C52="preference",$C$11,0)+IF(C53="preference",$C$12,0))))/(($B$14+$B$13+(IF(C48="convert",$B$7,0)+IF(C49="convert",$B$8,0)+IF(C50="convert",$B$9,0)+IF(C51="convert",$B$10,0)+IF(C52="convert",$B$11,0)+IF(C53="convert",$B$12,0))))))*$B$13,"preference","convert") | D63: =IF($C$13>(IF((((D$3-(IF(D48="preference",$C$7,0)+IF(D49="preference",$C$8,0)+IF(D50="preference",$C$9,0)+IF(D51="preference",$C$10,0)+IF(D52="preference",$C$11,0)+IF(D53="preference",$C$12,0))))+$B$15*$B$16)/((($B$14+$B$13+(IF(D48="convert",$B$7,0)+IF(D49="convert",$B$8,0)+IF(D50="convert",$B$9,0)+IF(D51="convert",$B$10,0)+IF(D52="convert",$B$11,0)+IF(D53="convert",$B$12,0))))+$B$15)>$B$16,(((D$3-(IF(D48="preference",$C$7,0)+IF(D49="preference",$C$8,0)+IF(D50="preference",$C$9,0)+IF(D51="preference",$C$10,0)+IF(D52="preference",$C$11,0)+IF(D53="preference",$C$12,0))))+$B$15*$B$16)/((($B$14+$B$13+(IF(D48="convert",$B$7,0)+IF(D49="convert",$B$8,0)+IF(D50="convert",$B$9,0)+IF(D51="convert",$B$10,0)+IF(D52="convert",$B$11,0)+IF(D53="convert",$B$12,0))))+$B$15),((D$3-(IF(D48="preference",$C$7,0)+IF(D49="preference",$C$8,0)+IF(D50="preference",$C$9,0)+IF(D51="preference",$C$10,0)+IF(D52="preference",$C$11,0)+IF(D53="preference",$C$12,0))))/(($B$14+$B$13+(IF(D48="convert",$B$7,0)+IF(D49="convert",$B$8,0)+IF(D50="convert",$B$9,0)+IF(D51="convert",$B$10,0)+IF(D52="convert",$B$11,0)+IF(D53="convert",$B$12,0))))))*$B$13,"preference","convert") | E63: =IF($C$13>(IF((((E$3-(IF(E48="preference",$C$7,0)+IF(E49="preference",$C$8,0)+IF(E50="preference",$C$9,0)+IF(E51="preference",$C$10,0)+IF(E52="preference",$C$11,0)+IF(E53="preference",$C$12,0))))+$B$15*$B$16)/((($B$14+$B$13+(IF(E48="convert",$B$7,0)+IF(E49="convert",$B$8,0)+IF(E50="convert",$B$9,0)+IF(E51="convert",$B$10,0)+IF(E52="convert",$B$11,0)+IF(E53="convert",$B$12,0))))+$B$15)>$B$16,(((E$3-(IF(E48="preference",$C$7,0)+IF(E49="preference",$C$8,0)+IF(E50="preference",$C$9,0)+IF(E51="preference",$C$10,0)+IF(E52="preference",$C$11,0)+IF(E53="preference",$C$12,0))))+$B$15*$B$16)/((($B$14+$B$13+(IF(E48="convert",$B$7,0)+IF(E49="convert",$B$8,0)+IF(E50="convert",$B$9,0)+IF(E51="convert",$B$10,0)+IF(E52="convert",$B$11,0)+IF(E53="convert",$B$12,0))))+$B$15),((E$3-(IF(E48="preference",$C$7,0)+IF(E49="preference",$C$8,0)+IF(E50="preference",$C$9,0)+IF(E51="preference",$C$10,0)+IF(E52="preference",$C$11,0)+IF(E53="preference",$C$12,0))))/(($B$14+$B$13+(IF(E48="convert",$B$7,0)+IF(E49="convert",$B$8,0)+IF(E50="convert",$B$9,0)+IF(E51="convert",$B$10,0)+IF(E52="convert",$B$11,0)+IF(E53="convert",$B$12,0))))))*$B$13,"preference","convert") | F63: =IF($C$13>(IF((((F$3-(IF(F48="preference",$C$7,0)+IF(F49="preference",$C$8,0)+IF(F50="preference",$C$9,0)+IF(F51="preference",$C$10,0)+IF(F52="preference",$C$11,0)+IF(F53="preference",$C$12,0))))+$B$15*$B$16)/((($B$14+$B$13+(IF(F48="convert",$B$7,0)+IF(F49="convert",$B$8,0)+IF(F50="convert",$B$9,0)+IF(F51="convert",$B$10,0)+IF(F52="convert",$B$11,0)+IF(F53="convert",$B$12,0))))+$B$15)>$B$16,(((F$3-(IF(F48="preference",$C$7,0)+IF(F49="preference",$C$8,0)+IF(F50="preference",$C$9,0)+IF(F51="preference",$C$10,0)+IF(F52="preference",$C$11,0)+IF(F53="preference",$C$12,0))))+$B$15*$B$16)/((($B$14+$B$13+(IF(F48="convert",$B$7,0)+IF(F49="convert",$B$8,0)+IF(F50="convert",$B$9,0)+IF(F51="convert",$B$10,0)+IF(F52="convert",$B$11,0)+IF(F53="convert",$B$12,0))))+$B$15),((F$3-(IF(F48="preference",$C$7,0)+IF(F49="preference",$C$8,0)+IF(F50="preference",$C$9,0)+IF(F51="preference",$C$10,0)+IF(F52="preference",$C$11,0)+IF(F53="preference",$C$12,0))))/(($B$14+$B$13+(IF(F48="convert",$B$7,0)+IF(F49="convert",$B$8,0)+IF(F50="convert",$B$9,0)+IF(F51="convert",$B$10,0)+IF(F52="convert",$B$11,0)+IF(F53="convert",$B$12,0))))))*$B$13,"preference","convert")
A64: PASS 6 ELECTIONS (best-response to Pass 5)
A65: Class | B65: =Assumptions!$B$7 | C65: =Assumptions!$B$8 | D65: =Assumptions!$B$9 | E65: =Assumptions!$B$10 | F65: =Assumptions!$B$11
A66: F | B66: =IF($C$7>(IF((((B$3-(IF(B58="preference",$C$8,0)+IF(B59="preference",$C$9,0)+IF(B60="preference",$C$10,0)+IF(B61="preference",$C$11,0)+IF(B62="preference",$C$12,0)+IF(B63="preference",$C$13,0))))+$B$15*$B$16)/((($B$14+$B$7+(IF(B58="convert",$B$8,0)+IF(B59="convert",$B$9,0)+IF(B60="convert",$B$10,0)+IF(B61="convert",$B$11,0)+IF(B62="convert",$B$12,0)+IF(B63="convert",$B$13,0))))+$B$15)>$B$16,(((B$3-(IF(B58="preference",$C$8,0)+IF(B59="preference",$C$9,0)+IF(B60="preference",$C$10,0)+IF(B61="preference",$C$11,0)+IF(B62="preference",$C$12,0)+IF(B63="preference",$C$13,0))))+$B$15*$B$16)/((($B$14+$B$7+(IF(B58="convert",$B$8,0)+IF(B59="convert",$B$9,0)+IF(B60="convert",$B$10,0)+IF(B61="convert",$B$11,0)+IF(B62="convert",$B$12,0)+IF(B63="convert",$B$13,0))))+$B$15),((B$3-(IF(B58="preference",$C$8,0)+IF(B59="preference",$C$9,0)+IF(B60="preference",$C$10,0)+IF(B61="preference",$C$11,0)+IF(B62="preference",$C$12,0)+IF(B63="preference",$C$13,0))))/(($B$14+$B$7+(IF(B58="convert",$B$8,0)+IF(B59="convert",$B$9,0)+IF(B60="convert",$B$10,0)+IF(B61="convert",$B$11,0)+IF(B62="convert",$B$12,0)+IF(B63="convert",$B$13,0))))))*$B$7,"preference","convert") | C66: =IF($C$7>(IF((((C$3-(IF(C58="preference",$C$8,0)+IF(C59="preference",$C$9,0)+IF(C60="preference",$C$10,0)+IF(C61="preference",$C$11,0)+IF(C62="preference",$C$12,0)+IF(C63="preference",$C$13,0))))+$B$15*$B$16)/((($B$14+$B$7+(IF(C58="convert",$B$8,0)+IF(C59="convert",$B$9,0)+IF(C60="convert",$B$10,0)+IF(C61="convert",$B$11,0)+IF(C62="convert",$B$12,0)+IF(C63="convert",$B$13,0))))+$B$15)>$B$16,(((C$3-(IF(C58="preference",$C$8,0)+IF(C59="preference",$C$9,0)+IF(C60="preference",$C$10,0)+IF(C61="preference",$C$11,0)+IF(C62="preference",$C$12,0)+IF(C63="preference",$C$13,0))))+$B$15*$B$16)/((($B$14+$B$7+(IF(C58="convert",$B$8,0)+IF(C59="convert",$B$9,0)+IF(C60="convert",$B$10,0)+IF(C61="convert",$B$11,0)+IF(C62="convert",$B$12,0)+IF(C63="convert",$B$13,0))))+$B$15),((C$3-(IF(C58="preference",$C$8,0)+IF(C59="preference",$C$9,0)+IF(C60="preference",$C$10,0)+IF(C61="preference",$C$11,0)+IF(C62="preference",$C$12,0)+IF(C63="preference",$C$13,0))))/(($B$14+$B$7+(IF(C58="convert",$B$8,0)+IF(C59="convert",$B$9,0)+IF(C60="convert",$B$10,0)+IF(C61="convert",$B$11,0)+IF(C62="convert",$B$12,0)+IF(C63="convert",$B$13,0))))))*$B$7,"preference","convert") | D66: =IF($C$7>(IF((((D$3-(IF(D58="preference",$C$8,0)+IF(D59="preference",$C$9,0)+IF(D60="preference",$C$10,0)+IF(D61="preference",$C$11,0)+IF(D62="preference",$C$12,0)+IF(D63="preference",$C$13,0))))+$B$15*$B$16)/((($B$14+$B$7+(IF(D58="convert",$B$8,0)+IF(D59="convert",$B$9,0)+IF(D60="convert",$B$10,0)+IF(D61="convert",$B$11,0)+IF(D62="convert",$B$12,0)+IF(D63="convert",$B$13,0))))+$B$15)>$B$16,(((D$3-(IF(D58="preference",$C$8,0)+IF(D59="preference",$C$9,0)+IF(D60="preference",$C$10,0)+IF(D61="preference",$C$11,0)+IF(D62="preference",$C$12,0)+IF(D63="preference",$C$13,0))))+$B$15*$B$16)/((($B$14+$B$7+(IF(D58="convert",$B$8,0)+IF(D59="convert",$B$9,0)+IF(D60="convert",$B$10,0)+IF(D61="convert",$B$11,0)+IF(D62="convert",$B$12,0)+IF(D63="convert",$B$13,0))))+$B$15),((D$3-(IF(D58="preference",$C$8,0)+IF(D59="preference",$C$9,0)+IF(D60="preference",$C$10,0)+IF(D61="preference",$C$11,0)+IF(D62="preference",$C$12,0)+IF(D63="preference",$C$13,0))))/(($B$14+$B$7+(IF(D58="convert",$B$8,0)+IF(D59="convert",$B$9,0)+IF(D60="convert",$B$10,0)+IF(D61="convert",$B$11,0)+IF(D62="convert",$B$12,0)+IF(D63="convert",$B$13,0))))))*$B$7,"preference","convert") | E66: =IF($C$7>(IF((((E$3-(IF(E58="preference",$C$8,0)+IF(E59="preference",$C$9,0)+IF(E60="preference",$C$10,0)+IF(E61="preference",$C$11,0)+IF(E62="preference",$C$12,0)+IF(E63="preference",$C$13,0))))+$B$15*$B$16)/((($B$14+$B$7+(IF(E58="convert",$B$8,0)+IF(E59="convert",$B$9,0)+IF(E60="convert",$B$10,0)+IF(E61="convert",$B$11,0)+IF(E62="convert",$B$12,0)+IF(E63="convert",$B$13,0))))+$B$15)>$B$16,(((E$3-(IF(E58="preference",$C$8,0)+IF(E59="preference",$C$9,0)+IF(E60="preference",$C$10,0)+IF(E61="preference",$C$11,0)+IF(E62="preference",$C$12,0)+IF(E63="preference",$C$13,0))))+$B$15*$B$16)/((($B$14+$B$7+(IF(E58="convert",$B$8,0)+IF(E59="convert",$B$9,0)+IF(E60="convert",$B$10,0)+IF(E61="convert",$B$11,0)+IF(E62="convert",$B$12,0)+IF(E63="convert",$B$13,0))))+$B$15),((E$3-(IF(E58="preference",$C$8,0)+IF(E59="preference",$C$9,0)+IF(E60="preference",$C$10,0)+IF(E61="preference",$C$11,0)+IF(E62="preference",$C$12,0)+IF(E63="preference",$C$13,0))))/(($B$14+$B$7+(IF(E58="convert",$B$8,0)+IF(E59="convert",$B$9,0)+IF(E60="convert",$B$10,0)+IF(E61="convert",$B$11,0)+IF(E62="convert",$B$12,0)+IF(E63="convert",$B$13,0))))))*$B$7,"preference","convert") | F66: =IF($C$7>(IF((((F$3-(IF(F58="preference",$C$8,0)+IF(F59="preference",$C$9,0)+IF(F60="preference",$C$10,0)+IF(F61="preference",$C$11,0)+IF(F62="preference",$C$12,0)+IF(F63="preference",$C$13,0))))+$B$15*$B$16)/((($B$14+$B$7+(IF(F58="convert",$B$8,0)+IF(F59="convert",$B$9,0)+IF(F60="convert",$B$10,0)+IF(F61="convert",$B$11,0)+IF(F62="convert",$B$12,0)+IF(F63="convert",$B$13,0))))+$B$15)>$B$16,(((F$3-(IF(F58="preference",$C$8,0)+IF(F59="preference",$C$9,0)+IF(F60="preference",$C$10,0)+IF(F61="preference",$C$11,0)+IF(F62="preference",$C$12,0)+IF(F63="preference",$C$13,0))))+$B$15*$B$16)/((($B$14+$B$7+(IF(F58="convert",$B$8,0)+IF(F59="convert",$B$9,0)+IF(F60="convert",$B$10,0)+IF(F61="convert",$B$11,0)+IF(F62="convert",$B$12,0)+IF(F63="convert",$B$13,0))))+$B$15),((F$3-(IF(F58="preference",$C$8,0)+IF(F59="preference",$C$9,0)+IF(F60="preference",$C$10,0)+IF(F61="preference",$C$11,0)+IF(F62="preference",$C$12,0)+IF(F63="preference",$C$13,0))))/(($B$14+$B$7+(IF(F58="convert",$B$8,0)+IF(F59="convert",$B$9,0)+IF(F60="convert",$B$10,0)+IF(F61="convert",$B$11,0)+IF(F62="convert",$B$12,0)+IF(F63="convert",$B$13,0))))))*$B$7,"preference","convert")
A67: E | B67: =IF($C$8>(IF((((B$3-(IF(B57="preference",$C$7,0)+IF(B59="preference",$C$9,0)+IF(B60="preference",$C$10,0)+IF(B61="preference",$C$11,0)+IF(B62="preference",$C$12,0)+IF(B63="preference",$C$13,0))))+$B$15*$B$16)/((($B$14+$B$8+(IF(B57="convert",$B$7,0)+IF(B59="convert",$B$9,0)+IF(B60="convert",$B$10,0)+IF(B61="convert",$B$11,0)+IF(B62="convert",$B$12,0)+IF(B63="convert",$B$13,0))))+$B$15)>$B$16,(((B$3-(IF(B57="preference",$C$7,0)+IF(B59="preference",$C$9,0)+IF(B60="preference",$C$10,0)+IF(B61="preference",$C$11,0)+IF(B62="preference",$C$12,0)+IF(B63="preference",$C$13,0))))+$B$15*$B$16)/((($B$14+$B$8+(IF(B57="convert",$B$7,0)+IF(B59="convert",$B$9,0)+IF(B60="convert",$B$10,0)+IF(B61="convert",$B$11,0)+IF(B62="convert",$B$12,0)+IF(B63="convert",$B$13,0))))+$B$15),((B$3-(IF(B57="preference",$C$7,0)+IF(B59="preference",$C$9,0)+IF(B60="preference",$C$10,0)+IF(B61="preference",$C$11,0)+IF(B62="preference",$C$12,0)+IF(B63="preference",$C$13,0))))/(($B$14+$B$8+(IF(B57="convert",$B$7,0)+IF(B59="convert",$B$9,0)+IF(B60="convert",$B$10,0)+IF(B61="convert",$B$11,0)+IF(B62="convert",$B$12,0)+IF(B63="convert",$B$13,0))))))*$B$8,"preference","convert") | C67: =IF($C$8>(IF((((C$3-(IF(C57="preference",$C$7,0)+IF(C59="preference",$C$9,0)+IF(C60="preference",$C$10,0)+IF(C61="preference",$C$11,0)+IF(C62="preference",$C$12,0)+IF(C63="preference",$C$13,0))))+$B$15*$B$16)/((($B$14+$B$8+(IF(C57="convert",$B$7,0)+IF(C59="convert",$B$9,0)+IF(C60="convert",$B$10,0)+IF(C61="convert",$B$11,0)+IF(C62="convert",$B$12,0)+IF(C63="convert",$B$13,0))))+$B$15)>$B$16,(((C$3-(IF(C57="preference",$C$7,0)+IF(C59="preference",$C$9,0)+IF(C60="preference",$C$10,0)+IF(C61="preference",$C$11,0)+IF(C62="preference",$C$12,0)+IF(C63="preference",$C$13,0))))+$B$15*$B$16)/((($B$14+$B$8+(IF(C57="convert",$B$7,0)+IF(C59="convert",$B$9,0)+IF(C60="convert",$B$10,0)+IF(C61="convert",$B$11,0)+IF(C62="convert",$B$12,0)+IF(C63="convert",$B$13,0))))+$B$15),((C$3-(IF(C57="preference",$C$7,0)+IF(C59="preference",$C$9,0)+IF(C60="preference",$C$10,0)+IF(C61="preference",$C$11,0)+IF(C62="preference",$C$12,0)+IF(C63="preference",$C$13,0))))/(($B$14+$B$8+(IF(C57="convert",$B$7,0)+IF(C59="convert",$B$9,0)+IF(C60="convert",$B$10,0)+IF(C61="convert",$B$11,0)+IF(C62="convert",$B$12,0)+IF(C63="convert",$B$13,0))))))*$B$8,"preference","convert") | D67: =IF($C$8>(IF((((D$3-(IF(D57="preference",$C$7,0)+IF(D59="preference",$C$9,0)+IF(D60="preference",$C$10,0)+IF(D61="preference",$C$11,0)+IF(D62="preference",$C$12,0)+IF(D63="preference",$C$13,0))))+$B$15*$B$16)/((($B$14+$B$8+(IF(D57="convert",$B$7,0)+IF(D59="convert",$B$9,0)+IF(D60="convert",$B$10,0)+IF(D61="convert",$B$11,0)+IF(D62="convert",$B$12,0)+IF(D63="convert",$B$13,0))))+$B$15)>$B$16,(((D$3-(IF(D57="preference",$C$7,0)+IF(D59="preference",$C$9,0)+IF(D60="preference",$C$10,0)+IF(D61="preference",$C$11,0)+IF(D62="preference",$C$12,0)+IF(D63="preference",$C$13,0))))+$B$15*$B$16)/((($B$14+$B$8+(IF(D57="convert",$B$7,0)+IF(D59="convert",$B$9,0)+IF(D60="convert",$B$10,0)+IF(D61="convert",$B$11,0)+IF(D62="convert",$B$12,0)+IF(D63="convert",$B$13,0))))+$B$15),((D$3-(IF(D57="preference",$C$7,0)+IF(D59="preference",$C$9,0)+IF(D60="preference",$C$10,0)+IF(D61="preference",$C$11,0)+IF(D62="preference",$C$12,0)+IF(D63="preference",$C$13,0))))/(($B$14+$B$8+(IF(D57="convert",$B$7,0)+IF(D59="convert",$B$9,0)+IF(D60="convert",$B$10,0)+IF(D61="convert",$B$11,0)+IF(D62="convert",$B$12,0)+IF(D63="convert",$B$13,0))))))*$B$8,"preference","convert") | E67: =IF($C$8>(IF((((E$3-(IF(E57="preference",$C$7,0)+IF(E59="preference",$C$9,0)+IF(E60="preference",$C$10,0)+IF(E61="preference",$C$11,0)+IF(E62="preference",$C$12,0)+IF(E63="preference",$C$13,0))))+$B$15*$B$16)/((($B$14+$B$8+(IF(E57="convert",$B$7,0)+IF(E59="convert",$B$9,0)+IF(E60="convert",$B$10,0)+IF(E61="convert",$B$11,0)+IF(E62="convert",$B$12,0)+IF(E63="convert",$B$13,0))))+$B$15)>$B$16,(((E$3-(IF(E57="preference",$C$7,0)+IF(E59="preference",$C$9,0)+IF(E60="preference",$C$10,0)+IF(E61="preference",$C$11,0)+IF(E62="preference",$C$12,0)+IF(E63="preference",$C$13,0))))+$B$15*$B$16)/((($B$14+$B$8+(IF(E57="convert",$B$7,0)+IF(E59="convert",$B$9,0)+IF(E60="convert",$B$10,0)+IF(E61="convert",$B$11,0)+IF(E62="convert",$B$12,0)+IF(E63="convert",$B$13,0))))+$B$15),((E$3-(IF(E57="preference",$C$7,0)+IF(E59="preference",$C$9,0)+IF(E60="preference",$C$10,0)+IF(E61="preference",$C$11,0)+IF(E62="preference",$C$12,0)+IF(E63="preference",$C$13,0))))/(($B$14+$B$8+(IF(E57="convert",$B$7,0)+IF(E59="convert",$B$9,0)+IF(E60="convert",$B$10,0)+IF(E61="convert",$B$11,0)+IF(E62="convert",$B$12,0)+IF(E63="convert",$B$13,0))))))*$B$8,"preference","convert") | F67: =IF($C$8>(IF((((F$3-(IF(F57="preference",$C$7,0)+IF(F59="preference",$C$9,0)+IF(F60="preference",$C$10,0)+IF(F61="preference",$C$11,0)+IF(F62="preference",$C$12,0)+IF(F63="preference",$C$13,0))))+$B$15*$B$16)/((($B$14+$B$8+(IF(F57="convert",$B$7,0)+IF(F59="convert",$B$9,0)+IF(F60="convert",$B$10,0)+IF(F61="convert",$B$11,0)+IF(F62="convert",$B$12,0)+IF(F63="convert",$B$13,0))))+$B$15)>$B$16,(((F$3-(IF(F57="preference",$C$7,0)+IF(F59="preference",$C$9,0)+IF(F60="preference",$C$10,0)+IF(F61="preference",$C$11,0)+IF(F62="preference",$C$12,0)+IF(F63="preference",$C$13,0))))+$B$15*$B$16)/((($B$14+$B$8+(IF(F57="convert",$B$7,0)+IF(F59="convert",$B$9,0)+IF(F60="convert",$B$10,0)+IF(F61="convert",$B$11,0)+IF(F62="convert",$B$12,0)+IF(F63="convert",$B$13,0))))+$B$15),((F$3-(IF(F57="preference",$C$7,0)+IF(F59="preference",$C$9,0)+IF(F60="preference",$C$10,0)+IF(F61="preference",$C$11,0)+IF(F62="preference",$C$12,0)+IF(F63="preference",$C$13,0))))/(($B$14+$B$8+(IF(F57="convert",$B$7,0)+IF(F59="convert",$B$9,0)+IF(F60="convert",$B$10,0)+IF(F61="convert",$B$11,0)+IF(F62="convert",$B$12,0)+IF(F63="convert",$B$13,0))))))*$B$8,"preference","convert")
