Workbook

Sheet Assumptions
A1: Label | B1: Value | C1: Notes
A2: series_f_pre_money_usd | B2: 1400000000 | C2: Series F pre-money
A3: series_f_primary_raise_usd | B3: 30000000 | C3: Series F primary
A4: series_f_secondary_raise_usd | B4: 15000000 | C4: Secondary tender
A5: tender_pps_multiplier | B5: 0.85 | C5: Tender PPS = mult x F_PPS
A6: esop_refresh_target | B6: 0.13 | C6: ESOP target post-F FD
A7: our_fund_check_usd | B7: 10000000 | C7: Our $10M check
A8: f_lead_primary_check_usd | B8: 20000000 | C8: F_LEAD primary
A9: option_strike_usd | B9: 1 | C9: Option strike
A10: pre_f_options_issued | B10: 2500000 | C10: Pre-F issued options
A11: pre_f_options_unissued | B11: 1894667 | C11: Pre-F unissued pool
A12: pre_f_pool_total | B12: 4394667 | C12: Pre-F total pool (issued+unissued)
A13: pre_f_fd_total | B13: 36617961 | C13: Pre-F fully-diluted
... A56: return_4x | B56: 4 | C56: Return 4x

Sheet Pro-Forma
A1: ROUND-LEVEL FIXED POINT
A2: F pre-money | B2: =Assumptions!$B$2
A3: F primary | B3: =Assumptions!$B$3
A4: Pre-F FD total | B4: =Assumptions!$B$13
A5: Pre-F pool total | B5: =Assumptions!$B$12
A6: ESOP target | B6: =Assumptions!$B$6
A7: OCP_E | B7: =Assumptions!$B$25
A8: OCP_D (post-E NCP) | B8: =Assumptions!$B$24
A9: Broad-based basis A | B9: =Assumptions!$B$14
A10: F PPS | B10: =IFERROR('Pro-Forma'!$B$2/'Pro-Forma'!$B$22,'Pro-Forma'!$B$2/'Pro-Forma'!$B$4)
A11: F primary shares | B11: ='Pro-Forma'!$B$3/'Pro-Forma'!$B$10
A12: B_E | B12: ='Pro-Forma'!$B$3/'Pro-Forma'!$B$7
A13: C = primary / F_PPS | B13: ='Pro-Forma'!$B$3/'Pro-Forma'!$B$10
A14: NCP_E | B14: =IF('Pro-Forma'!$B$10<'Pro-Forma'!$B$7,'Pro-Forma'!$B$7*('Pro-Forma'!$B$9+'Pro-Forma'!$B$12)/('Pro-Forma'!$B$9+'Pro-Forma'!$B$13),'Pro-Forma'!$B$7)
A15: E as-conv shares | B15: =Assumptions!$B$47/'Pro-Forma'!$B$14
A16: E AD addtl shares | B16: ='Pro-Forma'!$B$15-Assumptions!$B$41
A17: B_D | B17: ='Pro-Forma'!$B$3/'Pro-Forma'!$B$8
A18: NCP_D | B18: =IF('Pro-Forma'!$B$10<'Pro-Forma'!$B$8,'Pro-Forma'!$B$8*('Pro-Forma'!$B$9+'Pro-Forma'!$B$17)/('Pro-Forma'!$B$9+'Pro-Forma'!$B$13),'Pro-Forma'!$B$8)
A19: D as-conv shares | B19: =Assumptions!$B$46/'Pro-Forma'!$B$18
A20: D AD addtl shares | B20: ='Pro-Forma'!$B$19-Assumptions!$B$40
A21: ESOP top-up | B21: =MAX(0,'Pro-Forma'!$B$6*'Pro-Forma'!$B$23-'Pro-Forma'!$B$5)
A22: T_premoney | B22: ='Pro-Forma'!$B$4+'Pro-Forma'!$B$16+'Pro-Forma'!$B$20+'Pro-Forma'!$B$21+'Pro-Forma'!$B$32+'Pro-Forma'!$B$39
A23: T_F | B23: ='Pro-Forma'!$B$22+'Pro-Forma'!$B$11
A25: NOTES BLOCK
A26: Note A cap-implied PPS | B26: =Assumptions!$B$27/('Pro-Forma'!$B$4+'Pro-Forma'!$B$16+'Pro-Forma'!$B$20+'Pro-Forma'!$B$21+'Pro-Forma'!$B$39)
A27: Note A discount-impl PPS | B27: ='Pro-Forma'!$B$10*(1-Assumptions!$B$28)
A28: Note A conv PPS = min | B28: =MIN('Pro-Forma'!$B$26,'Pro-Forma'!$B$27)
A29: Note A branch | B29: =IF('Pro-Forma'!$B$26<'Pro-Forma'!$B$27,"cap","discount")
A30: Note A shares if cap | B30: =Assumptions!$B$26/'Pro-Forma'!$B$26
A31: Note A shares if discount | B31: =Assumptions!$B$26/'Pro-Forma'!$B$27
A32: Note A shares issued | B32: =IF('Pro-Forma'!$B$26<'Pro-Forma'!$B$27,'Pro-Forma'!$B$30,'Pro-Forma'!$B$31)
A33: Note B cap-implied PPS | B33: =Assumptions!$B$30/('Pro-Forma'!$B$4+'Pro-Forma'!$B$16+'Pro-Forma'!$B$20+'Pro-Forma'!$B$21+'Pro-Forma'!$B$32)
A34: Note B discount-impl PPS | B34: ='Pro-Forma'!$B$10*(1-Assumptions!$B$31)
A35: Note B conv PPS = min | B35: =MIN('Pro-Forma'!$B$33,'Pro-Forma'!$B$34)
A36: Note B branch | B36: =IF('Pro-Forma'!$B$33<'Pro-Forma'!$B$34,"cap","discount")
A37: Note B shares if cap | B37: =Assumptions!$B$29/'Pro-Forma'!$B$33
A38: Note B shares if discount | B38: =Assumptions!$B$29/'Pro-Forma'!$B$34
A39: Note B shares issued | B39: =IF('Pro-Forma'!$B$33<'Pro-Forma'!$B$34,'Pro-Forma'!$B$37,'Pro-Forma'!$B$38)
A41: Tender shares = $15M/(0.85*F_PPS) | B41: =Assumptions!$B$4/(Assumptions!$B$5*'Pro-Forma'!$B$10)
A42: F_LEAD primary preferred shares | B42: =Assumptions!$B$8/'Pro-Forma'!$B$10
A43: F_LEAD secondary common shares | B43: ='Pro-Forma'!$B$41
A44: Our F primary shares | B44: =Assumptions!$B$7/'Pro-Forma'!$B$10
A45: TENDER BLOCK
A46: Tender shares total | B46: ='Pro-Forma'!$B$41
A47: F1 transfer (pro-rata) | B47: =Assumptions!$B$32/(Assumptions!$B$32+Assumptions!$B$33+Assumptions!$B$34)*'Pro-Forma'!$B$41
A48: F2 transfer (pro-rata) | B48: =Assumptions!$B$33/(Assumptions!$B$32+Assumptions!$B$33+Assumptions!$B$34)*'Pro-Forma'!$B$41 | C48: F3 transfer (pro-rata) | D48: =Assumptions!$B$34/(Assumptions!$B$32+Assumptions!$B$33+Assumptions!$B$34)*'Pro-Forma'!$B$41
A49: ANTI-DILUTION BLOCK
A50: Class | B50: OCP | C50: F_PPS<OCP trigger | D50: NCP (post-F) | E50: Reported new ratio | F50: As-converted shares (post-F)
A51: Seed | B51: =Assumptions!$B$20 | C51: =IF(Assumptions!$B$20>'Pro-Forma'!$B$10,"trigger","dormant") | D51: =Assumptions!$B$20 | E51: =Assumptions!$B$20/Assumptions!$B$20 | F51: =Assumptions!$B$36
A52: A | B52: =Assumptions!$B$21 | C52: =IF(Assumptions!$B$21>'Pro-Forma'!$B$10,"trigger","dormant") | D52: =Assumptions!$B$21 | E52: =Assumptions!$B$21/Assumptions!$B$21 | F52: =Assumptions!$B$37
A53: B | B53: =Assumptions!$B$22 | C53: =IF(Assumptions!$B$22>'Pro-Forma'!$B$10,"trigger","dormant") | D53: =Assumptions!$B$22 | E53: =Assumptions!$B$22/Assumptions!$B$22 | F53: =Assumptions!$B$38
A54: C | B54: =Assumptions!$B$23 | C54: =IF(Assumptions!$B$23>'Pro-Forma'!$B$10,"trigger","dormant") | D54: =Assumptions!$B$23 | E54: =Assumptions!$B$23/Assumptions!$B$23 | F54: =Assumptions!$B$39
A55: D | B55: =Assumptions!$B$24 | C55: =IF(Assumptions!$B$24>'Pro-Forma'!$B$10,"trigger","dormant") | D55: ='Pro-Forma'!$B$18 | E55: =Assumptions!$B$48/'Pro-Forma'!$B$18 | F55: ='Pro-Forma'!$B$19
A56: E | B56: =Assumptions!$B$25 | C56: =IF(Assumptions!$B$25>'Pro-Forma'!$B$10,"trigger","dormant") | D56: ='Pro-Forma'!$B$14 | E56: =Assumptions!$B$25/'Pro-Forma'!$B$14 | F56: ='Pro-Forma'!$B$15
A59: POST-F CAP TABLE BY STAKEHOLDER
A60: Stakeholder | B60: Common | C60: RSAs | D60: Issued Options | E60: Seed | F60: A | G60: B | H60: C | I60: D | J60: E | K60: F | L60: Notes | M60: Total FD shares | N60: Ownership %
A61: F1 (CEO) | B61: =Assumptions!$B$32-Assumptions!$B$32/(Assumptions!$B$32+Assumptions!$B$33+Assumptions!$B$34)*'Pro-Forma'!$B$41 | C61: 0 | D61: 0 | E61: 0 | F61: 0 | G61: 0 | H61: 0 | I61: 0 | J61: 0 | K61: 0 | L61: 0 | M61: =SUM(B61:L61) | N61: =M61/'Pro-Forma'!$B$23
A62: F2 (CTO) | B62: =Assumptions!$B$33-Assumptions!$B$33/(Assumptions!$B$32+Assumptions!$B$33+Assumptions!$B$34)*'Pro-Forma'!$B$41 | C62: 0 | D62: 0 | E62: 0 | F62: 0 | G62: 0 | H62: 0 | I62: 0 | J62: 0 | K62: 0 | L62: 0 | M62: =SUM(B62:L62) | N62: =M62/'Pro-Forma'!$B$23
A63: F3 (Chief Sci) | B63: =Assumptions!$B$34-Assumptions!$B$34/(Assumptions!$B$32+Assumptions!$B$33+Assumptions!$B$34)*'Pro-Forma'!$B$41 | C63: 0 | D63: 0 | E63: 0 | F63: 0 | G63: 0 | H63: 0 | I63: 0 | J63: 0 | K63: 0 | L63: 0 | M63: =SUM(B63:L63) | N63: =M63/'Pro-Forma'!$B$23
A64: Employee RSAs (E1-E10) | B64: 0 | C64: =Assumptions!$B$35 | D64: 0 | E64: 0 | F64: 0 | G64: 0 | H64: 0 | I64: 0 | J64: 0 | K64: 0 | L64: 0 | M64: =SUM(B64:L64) | N64: =M64/'Pro-Forma'!$B$23
A65: SEED1 | B65: 0 | C65: 0 | D65: 0 | E65: =Assumptions!$B$36 | F65: 0 | G65: 0 | H65: 0 | I65: 0 | J65: 0 | K65: 0 | L65: 0 | M65: =SUM(B65:L65) | N65: =M65/'Pro-Forma'!$B$23
A66: A1 | B66: 0 | C66: 0 | D66: 0 | E66: 0 | F66: =Assumptions!$B$37 | G66: 0 | H66: 0 | I66: 0 | J66: 0 | K66: 0 | L66: 0 | M66: =SUM(B66:L66) | N66: =M66/'Pro-Forma'!$B$23
A67: B1 | B67: 0 | C67: 0 | D67: 0 | E67: 0 | F67: 0 | G67: =Assumptions!$B$38 | H67: 0 | I67: 0 | J67: 0 | K67: 0 | L67: 0 | M67: =SUM(B67:L67) | N67: =M67/'Pro-Forma'!$B$23
A68: C1 | B68: 0 | C68: 0 | D68: 0 | E68: 0 | F68: 0 | G68: 0 | H68: =Assumptions!$B$39 | I68: 0 | J68: 0 | K68: 0 | L68: 0 | M68: =SUM(B68:L68) | N68: =M68/'Pro-Forma'!$B$23
A69: D1 | B69: 0 | C69: 0 | D69: 0 | E69: 0 | F69: 0 | G69: 0 | H69: 0 | I69: ='Pro-Forma'!$B$19 | J69: 0 | K69: 0 | L69: 0 | M69: =SUM(B69:L69) | N69: =M69/'Pro-Forma'!$B$23
A70: Series E investors (E1-E10_INV) | B70: 0 | C70: 0 | D70: 0 | E70: 0 | F70: 0 | G70: 0 | H70: 0 | I70: 0 | J70: ='Pro-Forma'!$B$15 | K70: 0 | L70: 0 | M70: =SUM(B70:L70) | N70: =M70/'Pro-Forma'!$B$23
A71: Note A holder (NA1) | B71: 0 | C71: 0 | D71: 0 | E71: 0 | F71: 0 | G71: 0 | H71: 0 | I71: 0 | J71: 0 | K71: 0 | L71: ='Pro-Forma'!$B$32 | M71: =SUM(B71:L71) | N71: =M71/'Pro-Forma'!$B$23
A72: Note B holder (NB1) | B72: 0 | C72: 0 | D72: 0 | E72: 0 | F72: 0 | G72: 0 | H72: 0 | I72: 0 | J72: 0 | K72: 0 | L72: ='Pro-Forma'!$B$39 | M72: =SUM(B72:L72) | N72: =M72/'Pro-Forma'!$B$23
A73: F_LEAD | B73: ='Pro-Forma'!$B$43 | C73: 0 | D73: 0 | E73: 0 | F73: 0 | G73: 0 | H73: 0 | I73: 0 | J73: 0 | K73: ='Pro-Forma'!$B$42 | L73: 0 | M73: =SUM(B73:L73) | N73: =M73/'Pro-Forma'!$B$23
A74: F_FUND (our $10M) | B74: 0 | C74: 0 | D74: 0 | E74: 0 | F74: 0 | G74: 0 | H74: 0 | I74: 0 | J74: 0 | K74: ='Pro-Forma'!$B$44 | L74: 0 | M74: =SUM(B74:L74) | N74: =M74/'Pro-Forma'!$B$23
A75: Issued Option Pool | B75: 0 | C75: 0 | D75: =Assumptions!$B$10 | E75: 0 | F75: 0 | G75: 0 | H75: 0 | I75: 0 | J75: 0 | K75: 0 | L75: 0 | M75: =SUM(B75:L75) | N75: =M75/'Pro-Forma'!$B$23
A76: Unissued Option Pool | B76: 0 | C76: 0 | D76: =Assumptions!$B$11+'Pro-Forma'!$B$21 | E76: 0 | F76: 0 | G76: 0 | H76: 0 | I76: 0 | J76: 0 | K76: 0 | L76: 0 | M76: =SUM(B76:L76) | N76: =M76/'Pro-Forma'!$B$23
A77: TOTAL | B77: =SUM(B61:B76) | C77: =SUM(C61:C76) | D77: =SUM(D61:D76) | E77: =SUM(E61:E76) | F77: =SUM(F61:F76) | G77: =SUM(G61:G76) | H77: =SUM(H61:H76) | I77: =SUM(I61:I76) | ... N77: =SUM(N61:N76)

Sheet Waterfall
A1: WATERFALL — 5 Exit Scenarios
A2: Exit value (USD) | C2: =Assumptions!$B$15 | D2: =Assumptions!$B$16 | E2: =Assumptions!$B$17 | F2: =Assumptions!$B$18 | G2: =Assumptions!$B$19
A4: INPUTS (post-F cap table)
A5: F preferred shares total | B5: ='Pro-Forma'!$B$11
A6: E as-converted shares | B6: ='Pro-Forma'!$B$15
A7: D as-converted shares | B7: ='Pro-Forma'!$B$19
A8: C shares | B8: =Assumptions!$B$39
A9: B shares | B9: =Assumptions!$B$38
A10: A shares | B10: =Assumptions!$B$37
A11: Seed shares | B11: =Assumptions!$B$36
A12: Common + RSAs (founders+RSAs) | B12: =Assumptions!$B$32+Assumptions!$B$33+Assumptions!$B$34+Assumptions!$B$35
A13: Issued options (pre-F) | B13: =Assumptions!$B$10
A14: Notes shares (NA+NB) | B14: ='Pro-Forma'!$B$32+'Pro-Forma'!$B$39
A15: NCPs (post-F per-share):
A16: F NCP = F_PPS | B16: ='Pro-Forma'!$B$10
A17: E NCP (post-F) | B17: ='Pro-Forma'!$B$14
A18: D NCP (post-F) | B18: ='Pro-Forma'!$B$18
A19: C NCP | B19: =Assumptions!$B$23
A20: B NCP | B20: =Assumptions!$B$22
A21: A NCP | B21: =Assumptions!$B$21
A22: Seed NCP | B22: =Assumptions!$B$20
A23: Aggregate preferences ($):
A24: F preference | B24: =Assumptions!$B$3
A25: E preference | B25: =Assumptions!$B$47
A26: D preference | B26: =Assumptions!$B$46
A27: C preference | B27: =Assumptions!$B$45
A28: B preference | B28: =Assumptions!$B$44
A29: A preference | B29: =Assumptions!$B$43
A30: Seed preference | B30: =Assumptions!$B$42
A31: Option strike | B31: =Assumptions!$B$9
A33: PER-EXIT COMPUTATIONS
A35: common PPS (convert pool $) | C35: =IFERROR(C57/C55, 0) | D35: =IFERROR(D57/D55, 0) | E35: =IFERROR(E57/E55, 0) | F35: =IFERROR(F57/F55, 0) | G35: =IFERROR(G57/G55, 0)
A36: Election F | C36: =IF($B$16<C35,"convert","preference") | D36: =IF($B$16<D35,"convert","preference") | E36: =IF($B$16<E35,"convert","preference") | F36: =IF($B$16<F35,"convert","preference") | G36: =IF($B$16<G35,"convert","preference")
A37: Election E | C37: =IF($B$17<C35,"convert","preference") | D37: =IF($B$17<D35,"convert","preference") | E37: =IF($B$17<E35,"convert","preference") | F37: =IF($B$17<F35,"convert","preference") | G37: =IF($B$17<G35,"convert","preference")
A38: Election D | C38: =IF($B$18<C35,"convert","preference") | D38: =IF($B$18<D35,"convert","preference") | E38: =IF($B$18<E35,"convert","preference") | F38: =IF($B$18<F35,"convert","preference") | G38: =IF($B$18<G35,"convert","preference")
A39: Election C | C39: =IF($B$19<C35,"convert","preference") | D39: =IF($B$19<D35,"convert","preference") | E39: =IF($B$19<E35,"convert","preference") | F39: =IF($B$19<F35,"convert","preference") | G39: =IF($B$19<G35,"convert","preference")
A40: Election B | C40: =IF($B$20<C35,"convert","preference") | D40: =IF($B$20<D35,"convert","preference") | E40: =IF($B$20<E35,"convert","preference") | F40: =IF($B$20<F35,"convert","preference") | G40: =IF($B$20<G35,"convert","preference")
A41: Election A | C41: =IF($B$21<C35,"convert","preference") | D41: =IF($B$21<D35,"convert","preference") | E41: =IF($B$21<E35,"convert","preference") | F41: =IF($B$21<F35,"convert","preference") | G41: =IF($B$21<G35,"convert","preference")
A42: Election Seed | C42: =IF($B$22<C35,"convert","preference") | D42: =IF($B$22<D35,"convert","preference") | E42: =IF($B$22<E35,"convert","preference") | F42: =IF($B$22<F35,"convert","preference") | G42: =IF($B$22<G35,"convert","preference")
A44: F convert shares | C44: =IF(C36="convert",$B$5,0) | D44: =IF(D36="convert",$B$5,0) | E44: =IF(E36="convert",$B$5,0) | F44: =IF(F36="convert",$B$5,0) | G44: =IF(G36="convert",$B$5,0)
A45: E convert shares | C45: =IF(C37="convert",$B$6,0) | D45: =IF(D37="convert",$B$6,0) | E45: =IF(E37="convert",$B$6,0) | F45: =IF(F37="convert",$B$6,0) | G45: =IF(G37="convert",$B$6,0)
A46: D convert shares | C46: =IF(C38="convert",$B$7,0) | D46: =IF(D38="convert",$B$7,0) | E46: =IF(E38="convert",$B$7,0) | F46: =IF(F38="convert",$B$7,0) | G46: =IF(G38="convert",$B$7,0)
A47: C convert shares | C47: =IF(C39="convert",$B$8,0) | D47: =IF(D39="convert",$B$8,0) | E47: =IF(E39="convert",$B$8,0) | F47: =IF(F39="convert",$B$8,0) | G47: =IF(G39="convert",$B$8,0)
A48: B convert shares | C48: =IF(C40="convert",$B$9,0) | D48: =IF(D40="convert",$B$9,0) | E48: =IF(E40="convert",$B$9,0) | F48: =IF(F40="convert",$B$9,0) | G48: =IF(G40="convert",$B$9,0)
A49: A convert shares | C49: =IF(C41="convert",$B$10,0) | D49: =IF(D41="convert",$B$10,0) | E49: =IF(E41="convert",$B$10,0) | F49: =IF(F41="convert",$B$10,0) | G49: =IF(G41="convert",$B$10,0)
A50: Seed convert shares | C50: =IF(C42="convert",$B$11,0) | D50: =IF(D42="convert",$B$11,0) | E50: =IF(E42="convert",$B$11,0) | F50: =IF(F42="convert",$B$11,0) | G50: =IF(G42="convert",$B$11,0)
A52: Sum converting pref shares | C52: =SUM(C44:C50) | D52: =SUM(D44:D50) | E52: =SUM(E44:E50) | F52: =SUM(F44:F50) | G52: =SUM(G44:G50)
A53: ITM options indicator (1/0) | C53: =IF(C35>$B$31,1,0) | D53: =IF(D35>$B$31,1,0) | E53: =IF(E35>$B$31,1,0) | F53: =IF(F35>$B$31,1,0) | G53: =IF(G35>$B$31,1,0)
A54: ITM option shares | C54: =C53*$B$13 | D54: =D53*$B$13 | E54: =E53*$B$13 | F54: =F53*$B$13 | G54: =G53*$B$13
A55: Convert-pool shares total | C55: =$B$12+$B$14+C54+C52 | D55: =$B$12+$B$14+D54+D52 | E55: =$B$12+$B$14+E54+E52 | F55: =$B$12+$B$14+F54+F52 | G55: =$B$12+$B$14+G54+G52
A56: Prefs taken ($) | C56: =IF(C36="preference",$B$24,0)+IF(C37="preference",$B$25,0)+IF(C38="preference",$B$26,0)+IF(C39="preference",$B$27,0)+IF(C40="preference",$B$28,0)+IF(C41="preference",$B$29,0)+IF(C42="preference",$B$30,0) | D56: =IF(D36="preference",$B$24,0)+IF(D37="preference",$B$25,0)+IF(D38="preference",$B$26,0)+IF(D39="preference",$B$27,0)+IF(D40="preference",$B$28,0)+IF(D41="preference",$B$29,0)+IF(D42="preference",$B$30,0) | E56: =IF(E36="preference",$B$24,0)+IF(E37="preference",$B$25,0)+IF(E38="preference",$B$26,0)+IF(E39="preference",$B$27,0)+IF(E40="preference",$B$28,0)+IF(E41="preference",$B$29,0)+IF(E42="preference",$B$30,0) | F56: =IF(F36="preference",$B$24,0)+IF(F37="preference",$B$25,0)+IF(F38="preference",$B$26,0)+IF(F39="preference",$B$27,0)+IF(F40="preference",$B$28,0)+IF(F41="preference",$B$29,0)+IF(F42="preference",$B$30,0) | G56: =IF(G36="preference",$B$24,0)+IF(G37="preference",$B$25,0)+IF(G38="preference",$B$26,0)+IF(G39="preference",$B$27,0)+IF(G40="preference",$B$28,0)+IF(G41="preference",$B$29,0)+IF(G42="preference",$B$30,0)
A57: Residual ($) = exit - prefs + strike*ITM_opts | C57: =C2-C56+C54*$B$31 | D57: =D2-D56+D54*$B$31 | E57: =E2-E56+E54*$B$31 | F57: =F2-F56+F54*$B$31 | G57: =G2-G56+G54*$B$31
A59: PROCEEDS
A60: F proceeds | C60: =IF(C36="convert",$B$5*C35,$B$24) | D60: =IF(D36="convert",$B$5*D35,$B$24) | E60: =IF(E36="convert",$B$5*E35,$B$24) | F60: =IF(F36="convert",$B$5*F35,$B$24) | G60: =IF(G36="convert",$B$5*G35,$B$24)
A61: E proceeds | C61: =IF(C37="convert",$B$6*C35,$B$25) | D61: =IF(D37="convert",$B$6*D35,$B$25) | E61: =IF(E37="convert",$B$6*E35,$B$25) | F61: =IF(F37="convert",$B$6*F35,$B$25) | G61: =IF(G37="convert",$B$6*G35,$B$25)
A62: D proceeds | C62: =IF(C38="convert",$B$7*C35,$B$26) | D62: =IF(D38="convert",$B$7*D35,$B$26) | E62: =IF(E38="convert",$B$7*E35,$B$26) | F62: =IF(F38="convert",$B$7*F35,$B$26) | G62: =IF(G38="convert",$B$7*G35,$B$26)
A63: C proceeds | C63: =IF(C39="convert",$B$8*C35,$B$27) | D63: =IF(D39="convert",$B$8*D35,$B$27) | E63: =IF(E39="convert",$B$8*E35,$B$27) | F63: =IF(F39="convert",$B$8*F35,$B$27) | G63: =IF(G39="convert",$B$8*G35,$B$27)
A64: B proceeds | C64: =IF(C40="convert",$B$9*C35,$B$28) | D64: =IF(D40="convert",$B$9*D35,$B$28) | E64: =IF(E40="convert",$B$9*E35,$B$28) | F64: =IF(F40="convert",$B$9*F35,$B$28) | G64: =IF(G40="convert",$B$9*G35,$B$28)
A65: A proceeds | C65: =IF(C41="convert",$B$10*C35,$B$29) | D65: =IF(D41="convert",$B$10*D35,$B$29) | E65: =IF(E41="convert",$B$10*E35,$B$29) | F65: =IF(F41="convert",$B$10*F35,$B$29) | G65: =IF(G41="convert",$B$10*G35,$B$29)
A66: Seed proceeds | C66: =IF(C42="convert",$B$11*C35,$B$30) | D66: =IF(D42="convert",$B$11*D35,$B$30) | E66: =IF(E42="convert",$B$11*E35,$B$30) | F66: =IF(F42="convert",$B$11*F35,$B$30) | G66: =IF(G42="convert",$B$11*G35,$B$30)
A67: Notes proceeds (NA+NB) | C67: =$B$14*C35 | D67: =$B$14*D35 | E67: =$B$14*E35 | F67: =$B$14*F35 | G67: =$B$14*G35
A68: Common+RSAs proceeds | C68: =$B$12*C35 | D68: =$B$12*D35 | E68: =$B$12*E35 | F68: =$B$12*F35 | G68: =$B$12*G35
A69: Options proceeds (net) | C69: =C54*MAX(C35-$B$31,0) | D69: =D54*MAX(D35-$B$31,0) | E69: =E54*MAX(E35-$B$31,0) | F69: =F54*MAX(F35-$B$31,0) | G69: =G54*MAX(G35-$B$31,0)
A70: TOTAL (reconciliation) | C70: =SUM(C60:C69) | D70: =SUM(D60:D69) | E70: =SUM(E60:E69) | F70: =SUM(F60:F69) | G70: =SUM(G60:G69)
A71: Δ to exit (should be 0) | C71: =C70-C2 | D71: =D70-D2 | E71: =E70-E2 | F71: =F70-F2 | G71: =G70-G2

Sheet Sensitivity
A1: SENSITIVITY: ESOP × Pre-money @ $2B exit
A3: Our $10M post-F ownership %
B4: Pre $1.2B | C4: Pre $1.4B | D4: Pre $1.8B
A5: ESOP 11% | B5: =C45 | C5: =D45 | D5: =E45
A6: ESOP 13% | B6: =F45 | C6: =G45 | D6: =H45
A7: ESOP 15% | B7: =I45 | C7: =J45 | D7: =K45
A9: Our $ proceeds @ $2B exit
B10: Pre $1.2B | C10: Pre $1.4B | D10: Pre $1.8B
A11: ESOP 11% | B11: =C79 | C11: =D79 | D11: =E79
A12: ESOP 13% | B12: =F79 | C12: =G79 | D12: =H79
A13: ESOP 15% | B13: =I79 | C13: =J79 | D13: =K79
A20: HELPER BLOCKS (per scenario) | C20: 11%/$1.2B | D20: 11%/$1.4B | E20: 11%/$1.8B | F20: 13%/$1.2B | G20: 13%/$1.4B | H20: 13%/$1.8B | I20: 15%/$1.2B | J20: 15%/$1.4B | K20: 15%/$1.8B
A21: ESOP target | C21: =Assumptions!$B$49 | D21: =Assumptions!$B$49 | E21: =Assumptions!$B$49 | F21: =Assumptions!$B$50 | G21: =Assumptions!$B$50 | H21: =Assumptions!$B$50 | I21: =Assumptions!$B$51 | J21: =Assumptions!$B$51 | K21: =Assumptions!$B$51
A22: Pre-money | C22: =Assumptions!$B$52 | D22: =Assumptions!$B$53 | E22: =Assumptions!$B$54 | F22: =Assumptions!$B$52 | G22: =Assumptions!$B$53 | H22: =Assumptions!$B$54 | I22: =Assumptions!$B$52 | J22: =Assumptions!$B$53 | K22: =Assumptions!$B$54
A23: Primary | C23: =Assumptions!$B$3 | D23: =Assumptions!$B$3 | E23: =Assumptions!$B$3 | F23: =Assumptions!$B$3 | G23: =Assumptions!$B$3 | H23: =Assumptions!$B$3 | I23: =Assumptions!$B$3 | J23: =Assumptions!$B$3 | K23: =Assumptions!$B$3
A24: F_PPS | C24: =IFERROR(C22/C42,C22/Assumptions!$B$13) | D24: =IFERROR(D22/D42,D22/Assumptions!$B$13) | E24: =IFERROR(E22/E42,E22/Assumptions!$B$13) | F24: =IFERROR(F22/F42,F22/Assumptions!$B$13) | G24: =IFERROR(G22/G42,G22/Assumptions!$B$13) | H24: =IFERROR(H22/H42,H22/Assumptions!$B$13) | I24: =IFERROR(I22/I42,I22/Assumptions!$B$13) | J24: =IFERROR(J22/J42,J22/Assumptions!$B$13) | K24: =IFERROR(K22/K42,K22/Assumptions!$B$13)
A25: F primary shares | C25: =C23/C24 | D25: =D23/D24 | E25: =E23/E24 | F25: =F23/F24 | G25: =G23/G24 | H25: =H23/H24 | I25: =I23/I24 | J25: =J23/J24 | K25: =K23/K24
A26: B_E | C26: =C23/Assumptions!$B$25 | D26: =D23/Assumptions!$B$25 | E26: =E23/Assumptions!$B$25 | F26: =F23/Assumptions!$B$25 | G26: =G23/Assumptions!$B$25 | H26: =H23/Assumptions!$B$25 | I26: =I23/Assumptions!$B$25 | J26: =J23/Assumptions!$B$25 | K26: =K23/Assumptions!$B$25
A27: C = primary/F_PPS | C27: =C23/C24 | D27: =D23/D24 | E27: =E23/E24 | F27: =F23/F24 | G27: =G23/G24 | H27: =H23/H24 | I27: =I23/I24 | J27: =J23/J24 | K27: =K23/K24
A28: NCP_E | C28: =IF(C24<Assumptions!$B$25,Assumptions!$B$25*(Assumptions!$B$14+C26)/(Assumptions!$B$14+C27),Assumptions!$B$25) | D28: =IF(D24<Assumptions!$B$25,Assumptions!$B$25*(Assumptions!$B$14+D26)/(Assumptions!$B$14+D27),Assumptions!$B$25) | E28: =IF(E24<Assumptions!$B$25,Assumptions!$B$25*(Assumptions!$B$14+E26)/(Assumptions!$B$14+E27),Assumptions!$B$25) | F28: =IF(F24<Assumptions!$B$25,Assumptions!$B$25*(Assumptions!$B$14+F26)/(Assumptions!$B$14+F27),Assumptions!$B$25) | G28: =IF(G24<Assumptions!$B$25,Assumptions!$B$25*(Assumptions!$B$14+G26)/(Assumptions!$B$14+G27),Assumptions!$B$25) | H28: =IF(H24<Assumptions!$B$25,Assumptions!$B$25*(Assumptions!$B$14+H26)/(Assumptions!$B$14+H27),Assumptions!$B$25) | I28: =IF(I24<Assumptions!$B$25,Assumptions!$B$25*(Assumptions!$B$14+I26)/(Assumptions!$B$14+I27),Assumptions!$B$25) | J28: =IF(J24<Assumptions!$B$25,Assumptions!$B$25*(Assumptions!$B$14+J26)/(Assumptions!$B$14+J27),Assumptions!$B$25) | K28: =IF(K24<Assumptions!$B$25,Assumptions!$B$25*(Assumptions!$B$14+K26)/(Assumptions!$B$14+K27),Assumptions!$B$25)
A29: E total shares | C29: =Assumptions!$B$47/C28 | D29: =Assumptions!$B$47/D28 | E29: =Assumptions!$B$47/E28 | F29: =Assumptions!$B$47/F28 | G29: =Assumptions!$B$47/G28 | H29: =Assumptions!$B$47/H28 | I29: =Assumptions!$B$47/I28 | J29: =Assumptions!$B$47/J28 | K29: =Assumptions!$B$47/K28
A30: E AD add | C30: =C29-Assumptions!$B$41 | D30: =D29-Assumptions!$B$41 | E30: =E29-Assumptions!$B$41 | F30: =F29-Assumptions!$B$41 | G30: =G29-Assumptions!$B$41 | H30: =H29-Assumptions!$B$41 | I30: =I29-Assumptions!$B$41 | J30: =J29-Assumptions!$B$41 | K30: =K29-Assumptions!$B$41
A31: B_D | C31: =C23/Assumptions!$B$24 | D31: =D23/Assumptions!$B$24 | E31: =E23/Assumptions!$B$24 | F31: =F23/Assumptions!$B$24 | G31: =G23/Assumptions!$B$24 | H31: =H23/Assumptions!$B$24 | I31: =I23/Assumptions!$B$24 | J31: =J23/Assumptions!$B$24 | K31: =K23/Assumptions!$B$24
A32: NCP_D | C32: =IF(C24<Assumptions!$B$24,Assumptions!$B$24*(Assumptions!$B$14+C31)/(Assumptions!$B$14+C27),Assumptions!$B$24) | D32: =IF(D24<Assumptions!$B$24,Assumptions!$B$24*(Assumptions!$B$14+D31)/(Assumptions!$B$14+D27),Assumptions!$B$24) | E32: =IF(E24<Assumptions!$B$24,Assumptions!$B$24*(Assumptions!$B$14+E31)/(Assumptions!$B$14+E27),Assumptions!$B$24) | F32: =IF(F24<Assumptions!$B$24,Assumptions!$B$24*(Assumptions!$B$14+F31)/(Assumptions!$B$14+F27),Assumptions!$B$24) | G32: =IF(G24<Assumptions!$B$24,Assumptions!$B$24*(Assumptions!$B$14+G31)/(Assumptions!$B$14+G27),Assumptions!$B$24) | H32: =IF(H24<Assumptions!$B$24,Assumptions!$B$24*(Assumptions!$B$14+H31)/(Assumptions!$B$14+H27),Assumptions!$B$24) | I32: =IF(I24<Assumptions!$B$24,Assumptions!$B$24*(Assumptions!$B$14+I31)/(Assumptions!$B$14+I27),Assumptions!$B$24) | J32: =IF(J24<Assumptions!$B$24,Assumptions!$B$24*(Assumptions!$B$14+J31)/(Assumptions!$B$14+J27),Assumptions!$B$24) | K32: =IF(K24<Assumptions!$B$24,Assumptions!$B$24*(Assumptions!$B$14+K31)/(Assumptions!$B$14+K27),Assumptions!$B$24)
A33: D total shares | C33: =Assumptions!$B$46/C32 | D33: =Assumptions!$B$46/D32 | E33: =Assumptions!$B$46/E32 | F33: =Assumptions!$B$46/F32 | G33: =Assumptions!$B$46/G32 | H33: =Assumptions!$B$46/H32 | I33: =Assumptions!$B$46/I32 | J33: =Assumptions!$B$46/J32 | K33: =Assumptions!$B$46/K32
A34: D AD add | C34: =C33-Assumptions!$B$40 | D34: =D33-Assumptions!$B$40 | E34: =E33-Assumptions!$B$40 | F34: =F33-Assumptions!$B$40 | G34: =G33-Assumptions!$B$40 | H34: =H33-Assumptions!$B$40 | I34: =I33-Assumptions!$B$40 | J34: =J33-Assumptions!$B$40 | K34: =K33-Assumptions!$B$40
A35: ESOP top-up | C35: =MAX(0,C21*C43-Assumptions!$B$12) | D35: =MAX(0,D21*D43-Assumptions!$B$12) | E35: =MAX(0,E21*E43-Assumptions!$B$12) | F35: =MAX(0,F21*F43-Assumptions!$B$12) | G35: =MAX(0,G21*G43-Assumptions!$B$12) | H35: =MAX(0,H21*H43-Assumptions!$B$12) | I35: =MAX(0,I21*I43-Assumptions!$B$12) | J35: =MAX(0,J21*J43-Assumptions!$B$12) | K35: =MAX(0,K21*K43-Assumptions!$B$12)
A36: Note A capPPS | C36: =Assumptions!$B$27/(Assumptions!$B$13+C30+C34+C35+C41) | D36: =Assumptions!$B$27/(Assumptions!$B$13+D30+D34+D35+D41) | E36: =Assumptions!$B$27/(Assumptions!$B$13+E30+E34+E35+E41) | F36: =Assumptions!$B$27/(Assumptions!$B$13+F30+F34+F35+F41) | G36: =Assumptions!$B$27/(Assumptions!$B$13+G30+G34+G35+G41) | H36: =Assumptions!$B$27/(Assumptions!$B$13+H30+H34+H35+H41) | I36: =Assumptions!$B$27/(Assumptions!$B$13+I30+I34+I35+I41) | J36: =Assumptions!$B$27/(Assumptions!$B$13+J30+J34+J35+J41) | K36: =Assumptions!$B$27/(Assumptions!$B$13+K30+K34+K35+K41)
A37: Note A discPPS | C37: =C24*(1-Assumptions!$B$28) | D37: =D24*(1-Assumptions!$B$28) | E37: =E24*(1-Assumptions!$B$28) | F37: =F24*(1-Assumptions!$B$28) | G37: =G24*(1-Assumptions!$B$28) | H37: =H24*(1-Assumptions!$B$28) | I37: =I24*(1-Assumptions!$B$28) | J37: =J24*(1-Assumptions!$B$28) | K37: =K24*(1-Assumptions!$B$28)
A38: NA shares | C38: =Assumptions!$B$26/MIN(C36,C37) | D38: =Assumptions!$B$26/MIN(D36,D37) | E38: =Assumptions!$B$26/MIN(E36,E37) | F38: =Assumptions!$B$26/MIN(F36,F37) | G38: =Assumptions!$B$26/MIN(G36,G37) | H38: =Assumptions!$B$26/MIN(H36,H37) | I38: =Assumptions!$B$26/MIN(I36,I37) | J38: =Assumptions!$B$26/MIN(J36,J37) | K38: =Assumptions!$B$26/MIN(K36,K37)
A39: Note B capPPS | C39: =Assumptions!$B$30/(Assumptions!$B$13+C30+C34+C35+C38) | D39: =Assumptions!$B$30/(Assumptions!$B$13+D30+D34+D35+D38) | E39: =Assumptions!$B$30/(Assumptions!$B$13+E30+E34+E35+E38) | F39: =Assumptions!$B$30/(Assumptions!$B$13+F30+F34+F35+F38) | G39: =Assumptions!$B$30/(Assumptions!$B$13+G30+G34+G35+G38) | H39: =Assumptions!$B$30/(Assumptions!$B$13+H30+H34+H35+H38) | I39: =Assumptions!$B$30/(Assumptions!$B$13+I30+I34+I35+I38) | J39: =Assumptions!$B$30/(Assumptions!$B$13+J30+J34+J35+J38) | K39: =Assumptions!$B$30/(Assumptions!$B$13+K30+K34+K35+K38)
A40: Note B discPPS | C40: =C24*(1-Assumptions!$B$31) | D40: =D24*(1-Assumptions!$B$31) | E40: =E24*(1-Assumptions!$B$31) | F40: =F24*(1-Assumptions!$B$31) | G40: =G24*(1-Assumptions!$B$31) | H40: =H24*(1-Assumptions!$B$31) | I40: =I24*(1-Assumptions!$B$31) | J40: =J24*(1-Assumptions!$B$31) | K40: =K24*(1-Assumptions!$B$31)
A41: NB shares | C41: =Assumptions!$B$29/MIN(C39,C40) | D41: =Assumptions!$B$29/MIN(D39,D40) | E41: =Assumptions!$B$29/MIN(E39,E40) | F41: =Assumptions!$B$29/MIN(F39,F40) | G41: =Assumptions!$B$29/MIN(G39,G40) | H41: =Assumptions!$B$29/MIN(H39,H40) | I41: =Assumptions!$B$29/MIN(I39,I40) | J41: =Assumptions!$B$29/MIN(J39,J40) | K41: =Assumptions!$B$29/MIN(K39,K40)
A42: T_premoney | C42: =Assumptions!$B$13+C30+C34+C35+C38+C41 | D42: =Assumptions!$B$13+D30+D34+D35+D38+D41 | E42: =Assumptions!$B$13+E30+E34+E35+E38+E41 | F42: =Assumptions!$B$13+F30+F34+F35+F38+F41 | G42: =Assumptions!$B$13+G30+G34+G35+G38+G41 | H42: =Assumptions!$B$13+H30+H34+H35+H38+H41 | I42: =Assumptions!$B$13+I30+I34+I35+I38+I41 | J42: =Assumptions!$B$13+J30+J34+J35+J38+J41 | K42: =Assumptions!$B$13+K30+K34+K35+K38+K41
A43: T_F | C43: =C42+C25 | D43: =D42+D25 | E43: =E42+E25 | F43: =F42+F25 | G43: =G42+G25 | H43: =H42+H25 | I43: =I42+I25 | J43: =J42+J25 | K43: =K42+K25
A44: Our shares | C44: =Assumptions!$B$7/C24 | D44: =Assumptions!$B$7/D24 | E44: =Assumptions!$B$7/E24 | F44: =Assumptions!$B$7/F24 | G44: =Assumptions!$B$7/G24 | H44: =Assumptions!$B$7/H24 | I44: =Assumptions!$B$7/I24 | J44: =Assumptions!$B$7/J24 | K44: =Assumptions!$B$7/K24
A45: Our ownership | C45: =C44/C43 | D45: =D44/D43 | E45: =E44/E43 | F45: =F44/F43 | G45: =G44/G43 | H45: =H44/H43 | I45: =I44/I43 | J45: =J44/J43 | K45: =K44/K43
A46: Exit value | C46: =Assumptions!$B$17 | D46: =Assumptions!$B$17 | E46: =Assumptions!$B$17 | F46: =Assumptions!$B$17 | G46: =Assumptions!$B$17 | H46: =Assumptions!$B$17 | I46: =Assumptions!$B$17 | J46: =Assumptions!$B$17 | K46: =Assumptions!$B$17
A47: F_NCP | C47: =C24 | D47: =D24 | E47: =E24 | F47: =F24 | G47: =G24 | H47: =H24 | I47: =I24 | J47: =J24 | K47: =K24
A48: E_NCP | C48: =C28 | D48: =D28 | E48: =E28 | F48: =F28 | G48: =G28 | H48: =H28 | I48: =I28 | J48: =J28 | K48: =K28
A49: D_NCP | C49: =C32 | D49: =D32 | E49: =E32 | F49: =F32 | G49: =G32 | H49: =H32 | I49: =I32 | J49: =J32 | K49: =K32
A50: C_NCP | C50: =Assumptions!$B$23 | D50: =Assumptions!$B$23 | E50: =Assumptions!$B$23 | F50: =Assumptions!$B$23 | G50: =Assumptions!$B$23 | H50: =Assumptions!$B$23 | I50: =Assumptions!$B$23 | J50: =Assumptions!$B$23 | K50: =Assumptions!$B$23
A51: B_NCP | C51: =Assumptions!$B$22 | D51: =Assumptions!$B$22 | E51: =Assumptions!$B$22 | F51: =Assumptions!$B$22 | G51: =Assumptions!$B$22 | H51: =Assumptions!$B$22 | I51: =Assumptions!$B$22 | J51: =Assumptions!$B$22 | K51: =Assumptions!$B$22
A52: A_NCP | C52: =Assumptions!$B$21 | D52: =Assumptions!$B$21 | E52: =Assumptions!$B$21 | F52: =Assumptions!$B$21 | G52: =Assumptions!$B$21 | H52: =Assumptions!$B$21 | I52: =Assumptions!$B$21 | J52: =Assumptions!$B$21 | K52: =Assumptions!$B$21
A53: S_NCP | C53: =Assumptions!$B$20 | D53: =Assumptions!$B$20 | E53: =Assumptions!$B$20 | F53: =Assumptions!$B$20 | G53: =Assumptions!$B$20 | H53: =Assumptions!$B$20 | I53: =Assumptions!$B$20 | J53: =Assumptions!$B$20 | K53: =Assumptions!$B$20
A54: common_PPS | C54: =IFERROR(C67/C65,0) | D54: =IFERROR(D67/D65,0) | E54: =IFERROR(E67/E65,0) | F54: =IFERROR(F67/F65,0) | G54: =IFERROR(G67/G65,0) | H54: =IFERROR(H67/H65,0) | I54: =IFERROR(I67/I65,0) | J54: =IFERROR(J67/J65,0) | K54: =IFERROR(K67/K65,0)
A55: Elec F | C55: =IF(C47<C54,"convert","preference") | D55: =IF(D47<D54,"convert","preference") | E55: =IF(E47<E54,"convert","preference") | F55: =IF(F47<F54,"convert","preference") | G55: =IF(G47<G54,"convert","preference") | H55: =IF(H47<H54,"convert","preference") | I55: =IF(I47<I54,"convert","preference") | J55: =IF(J47<J54,"convert","preference") | K55: =IF(K47<K54,"convert","preference")
A56: Elec E | C56: =IF(C48<C54,"convert","preference") | D56: =IF(D48<D54,"convert","preference") | E56: =IF(E48<E54,"convert","preference") | F56: =IF(F48<F54,"convert","preference") | G56: =IF(G48<G54,"convert","preference") | H56: =IF(H48<H54,"convert","preference") | I56: =IF(I48<I54,"convert","preference") | J56: =IF(J48<J54,"convert","preference") | K56: =IF(K48<K54,"convert","preference")
A57: Elec D | C57: =IF(C49<C54,"convert","preference") | D57: =IF(D49<D54,"convert","preference") | E57: =IF(E49<E54,"convert","preference") | F57: =IF(F49<F54,"convert","preference") | G57: =IF(G49<G54,"convert","preference") | H57: =IF(H49<H54,"convert","preference") | I57: =IF(I49<I54,"convert","preference") | J57: =IF(J49<J54,"convert","preference") | K57: =IF(K49<K54,"convert","preference")
A58: Elec C | C58: =IF(C50<C54,"convert","preference") | D58: =IF(D50<D54,"convert","preference") | E58: =IF(E50<E54,"convert","preference") | F58: =IF(F50<F54,"convert","preference") | G58: =IF(G50<G54,"convert","preference") | H58: =IF(H50<H54,"convert","preference") | I58: =IF(I50<I54,"convert","preference") | J58: =IF(J50<J54,"convert","preference") | K58: =IF(K50<K54,"convert","preference")
A59: Elec B | C59: =IF(C51<C54,"convert","preference") | D59: =IF(D51<D54,"convert","preference") | E59: =IF(E51<E54,"convert","preference") | F59: =IF(F51<F54,"convert","preference") | G59: =IF(G51<G54,"convert","preference") | H59: =IF(H51<H54,"convert","preference") | I59: =IF(I51<I54,"convert","preference") | J59: =IF(J51<J54,"convert","preference") | K59: =IF(K51<K54,"convert","preference")
A60: Elec A | C60: =IF(C52<C54,"convert","preference") | D60: =IF(D52<D54,"convert","preference") | E60: =IF(E52<E54,"convert","preference") | F60: =IF(F52<F54,"convert","preference") | G60: =IF(G52<G54,"convert","preference") | H60: =IF(H52<H54,"convert","preference") | I60: =IF(I52<I54,"convert","preference") | J60: =IF(J52<J54,"convert","preference") | K60: =IF(K52<K54,"convert","preference")
A61: Elec Seed | C61: =IF(C53<C54,"convert","preference") | D61: =IF(D53<D54,"convert","preference") | E61: =IF(E53<E54,"convert","preference") | F61: =IF(F53<F54,"convert","preference") | G61: =IF(G53<G54,"convert","preference") | H61: =IF(H53<H54,"convert","preference") | I61: =IF(I53<I54,"convert","preference") | J61: =IF(J53<J54,"convert","preference") | K61: =IF(K53<K54,"convert","preference")
A62: ITM ind | C62: =IF(C54>Assumptions!$B$9,1,0) | D62: =IF(D54>Assumptions!$B$9,1,0) | E62: =IF(E54>Assumptions!$B$9,1,0) | F62: =IF(F54>Assumptions!$B$9,1,0) | G62: =IF(G54>Assumptions!$B$9,1,0) | H62: =IF(H54>Assumptions!$B$9,1,0) | I62: =IF(I54>Assumptions!$B$9,1,0) | J62: =IF(J54>Assumptions!$B$9,1,0) | K62: =IF(K54>Assumptions!$B$9,1,0)
A63: ITM opts shares | C63: =C62*Assumptions!$B$10 | D63: =D62*Assumptions!$B$10 | E63: =E62*Assumptions!$B$10 | F63: =F62*Assumptions!$B$10 | G63: =G62*Assumptions!$B$10 | H63: =H62*Assumptions!$B$10 | I63: =I62*Assumptions!$B$10 | J63: =J62*Assumptions!$B$10 | K63: =K62*Assumptions!$B$10
A64: Conv pref shares sum | C64: =IF(C55="convert",C25,0)+IF(C56="convert",C29,0)+IF(C57="convert",C33,0)+IF(C58="convert",Assumptions!$B$39,0)+IF(C59="convert",Assumptions!$B$38,0)+IF(C60="convert",Assumptions!$B$37,0)+IF(C61="convert",Assumptions!$B$36,0) | D64: =IF(D55="convert",D25,0)+IF(D56="convert",D29,0)+IF(D57="convert",D33,0)+IF(D58="convert",Assumptions!$B$39,0)+IF(D59="convert",Assumptions!$B$38,0)+IF(D60="convert",Assumptions!$B$37,0)+IF(D61="convert",Assumptions!$B$36,0) | E64: =IF(E55="convert",E25,0)+IF(E56="convert",E29,0)+IF(E57="convert",E33,0)+IF(E58="convert",Assumptions!$B$39,0)+IF(E59="convert",Assumptions!$B$38,0)+IF(E60="convert",Assumptions!$B$37,0)+IF(E61="convert",Assumptions!$B$36,0) | F64: =IF(F55="convert",F25,0)+IF(F56="convert",F29,0)+IF(F57="convert",F33,0)+IF(F58="convert",Assumptions!$B$39,0)+IF(F59="convert",Assumptions!$B$38,0)+IF(F60="convert",Assumptions!$B$37,0)+IF(F61="convert",Assumptions!$B$36,0) | G64: =IF(G55="convert",G25,0)+IF(G56="convert",G29,0)+IF(G57="convert",G33,0)+IF(G58="convert",Assumptions!$B$39,0)+IF(G59="convert",Assumptions!$B$38,0)+IF(G60="convert",Assumptions!$B$37,0)+IF(G61="convert",Assumptions!$B$36,0) | H64: =IF(H55="convert",H25,0)+IF(H56="convert",H29,0)+IF(H57="convert",H33,0)+IF(H58="convert",Assumptions!$B$39,0)+IF(H59="convert",Assumptions!$B$38,0)+IF(H60="convert",Assumptions!$B$37,0)+IF(H61="convert",Assumptions!$B$36,0) | I64: =IF(I55="convert",I25,0)+IF(I56="convert",I29,0)+IF(I57="convert",I33,0)+IF(I58="convert",Assumptions!$B$39,0)+IF(I59="convert",Assumptions!$B$38,0)+IF(I60="convert",Assumptions!$B$37,0)+IF(I61="convert",Assumptions!$B$36,0) | J64: =IF(J55="convert",J25,0)+IF(J56="convert",J29,0)+IF(J57="convert",J33,0)+IF(J58="convert",Assumptions!$B$39,0)+IF(J59="convert",Assumptions!$B$38,0)+IF(J60="convert",Assumptions!$B$37,0)+IF(J61="convert",Assumptions!$B$36,0) | K64: =IF(K55="convert",K25,0)+IF(K56="convert",K29,0)+IF(K57="convert",K33,0)+IF(K58="convert",Assumptions!$B$39,0)+IF(K59="convert",Assumptions!$B$38,0)+IF(K60="convert",Assumptions!$B$37,0)+IF(K61="convert",Assumptions!$B$36,0)
A65: Pool shares | C65: =(Assumptions!$B$32+Assumptions!$B$33+Assumptions!$B$34+Assumptions!$B$35)+C38+C41+C63+C64 | D65: =(Assumptions!$B$32+Assumptions!$B$33+Assumptions!$B$34+Assumptions!$B$35)+D38+D41+D63+D64 | E65: =(Assumptions!$B$32+Assumptions!$B$33+Assumptions!$B$34+Assumptions!$B$35)+E38+E41+E63+E64 | F65: =(Assumptions!$B$32+Assumptions!$B$33+Assumptions!$B$34+Assumptions!$B$35)+F38+F41+F63+F64 | G65: =(Assumptions!$B$32+Assumptions!$B$33+Assumptions!$B$34+Assumptions!$B$35)+G38+G41+G63+G64 | H65: =(Assumptions!$B$32+Assumptions!$B$33+Assumptions!$B$34+Assumptions!$B$35)+H38+H41+H63+H64 | I65: =(Assumptions!$B$32+Assumptions!$B$33+Assumptions!$B$34+Assumptions!$B$35)+I38+I41+I63+I64 | J65: =(Assumptions!$B$32+Assumptions!$B$33+Assumptions!$B$34+Assumptions!$B$35)+J38+J41+J63+J64 | K65: =(Assumptions!$B$32+Assumptions!$B$33+Assumptions!$B$34+Assumptions!$B$35)+K38+K41+K63+K64
A66: Prefs taken | C66: =IF(C55="preference",Assumptions!$B$3,0)+IF(C56="preference",Assumptions!$B$47,0)+IF(C57="preference",Assumptions!$B$46,0)+IF(C58="preference",Assumptions!$B$45,0)+IF(C59="preference",Assumptions!$B$44,0)+IF(C60="preference",Assumptions!$B$43,0)+IF(C61="preference",Assumptions!$B$42,0) | D66: =IF(D55="preference",Assumptions!$B$3,0)+IF(D56="preference",Assumptions!$B$47,0)+IF(D57="preference",Assumptions!$B$46,0)+IF(D58="preference",Assumptions!$B$45,0)+IF(D59="preference",Assumptions!$B$44,0)+IF(D60="preference",Assumptions!$B$43,0)+IF(D61="preference",Assumptions!$B$42,0) | E66: =IF(E55="preference",Assumptions!$B$3,0)+IF(E56="preference",Assumptions!$B$47,0)+IF(E57="preference",Assumptions!$B$46,0)+IF(E58="preference",Assumptions!$B$45,0)+IF(E59="preference",Assumptions!$B$44,0)+IF(E60="preference",Assumptions!$B$43,0)+IF(E61="preference",Assumptions!$B$42,0) | F66: =IF(F55="preference",Assumptions!$B$3,0)+IF(F56="preference",Assumptions!$B$47,0)+IF(F57="preference",Assumptions!$B$46,0)+IF(F58="preference",Assumptions!$B$45,0)+IF(F59="preference",Assumptions!$B$44,0)+IF(F60="preference",Assumptions!$B$43,0)+IF(F61="preference",Assumptions!$B$42,0) | G66: =IF(G55="preference",Assumptions!$B$3,0)+IF(G56="preference",Assumptions!$B$47,0)+IF(G57="preference",Assumptions!$B$46,0)+IF(G58="preference",Assumptions!$B$45,0)+IF(G59="preference",Assumptions!$B$44,0)+IF(G60="preference",Assumptions!$B$43,0)+IF(G61="preference",Assumptions!$B$42,0) | H66: =IF(H55="preference",Assumptions!$B$3,0)+IF(H56="preference",Assumptions!$B$47,0)+IF(H57="preference",Assumptions!$B$46,0)+IF(H58="preference",Assumptions!$B$45,0)+IF(H59="preference",Assumptions!$B$44,0)+IF(H60="preference",Assumptions!$B$43,0)+IF(H61="preference",Assumptions!$B$42,0) | I66: =IF(I55="preference",Assumptions!$B$3,0)+IF(I56="preference",Assumptions!$B$47,0)+IF(I57="preference",Assumptions!$B$46,0)+IF(I58="preference",Assumptions!$B$45,0)+IF(I59="preference",Assumptions!$B$44,0)+IF(I60="preference",Assumptions!$B$43,0)+IF(I61="preference",Assumptions!$B$42,0) | J66: =IF(J55="preference",Assumptions!$B$3,0)+IF(J56="preference",Assumptions!$B$47,0)+IF(J57="preference",Assumptions!$B$46,0)+IF(J58="preference",Assumptions!$B$45,0)+IF(J59="preference",Assumptions!$B$44,0)+IF(J60="preference",Assumptions!$B$43,0)+IF(J61="preference",Assumptions!$B$42,0) | K66: =IF(K55="preference",Assumptions!$B$3,0)+IF(K56="preference",Assumptions!$B$47,0)+IF(K57="preference",Assumptions!$B$46,0)+IF(K58="preference",Assumptions!$B$45,0)+IF(K59="preference",Assumptions!$B$44,0)+IF(K60="preference",Assumptions!$B$43,0)+IF(K61="preference",Assumptions!$B$42,0)
A67: Residual | C67: =C46-C66+C63*Assumptions!$B$9 | D67: =D46-D66+D63*Assumptions!$B$9 | E67: =E46-E66+E63*Assumptions!$B$9 | F67: =F46-F66+F63*Assumptions!$B$9 | G67: =G46-G66+G63*Assumptions!$B$9 | H67: =H46-H66+H63*Assumptions!$B$9 | I67: =I46-I66+I63*Assumptions!$B$9 | J67: =J46-J66+J63*Assumptions!$B$9 | K67: =K46-K66+K63*Assumptions!$B$9
A68: F proceeds | C68: =IF(C55="convert",C25*C54,Assumptions!$B$3) | D68: =IF(D55="convert",D25*D54,Assumptions!$B$3) | E68: =IF(E55="convert",E25*E54,Assumptions!$B$3) | F68: =IF(F55="convert",F25*F54,Assumptions!$B$3) | G68: =IF(G55="convert",G25*G54,Assumptions!$B$3) | H68: =IF(H55="convert",H25*H54,Assumptions!$B$3) | I68: =IF(I55="convert",I25*I54,Assumptions!$B$3) | J68: =IF(J55="convert",J25*J54,Assumptions!$B$3) | K68: =IF(K55="convert",K25*K54,Assumptions!$B$3)
A69: E proc | C69: =IF(C56="convert",C29*C54,Assumptions!$B$47) | D69: =IF(D56="convert",D29*D54,Assumptions!$B$47) | E69: =IF(E56="convert",E29*E54,Assumptions!$B$47) | F69: =IF(F56="convert",F29*F54,Assumptions!$B$47) | G69: =IF(G56="convert",G29*G54,Assumptions!$B$47) | H69: =IF(H56="convert",H29*H54,Assumptions!$B$47) | I69: =IF(I56="convert",I29*I54,Assumptions!$B$47) | J69: =IF(J56="convert",J29*J54,Assumptions!$B$47) | K69: =IF(K56="convert",K29*K54,Assumptions!$B$47)
A70: D proc | C70: =IF(C57="convert",C33*C54,Assumptions!$B$46) | D70: =IF(D57="convert",D33*D54,Assumptions!$B$46) | E70: =IF(E57="convert",E33*E54,Assumptions!$B$46) | F70: =IF(F57="convert",F33*F54,Assumptions!$B$46) | G70: =IF(G57="convert",G33*G54,Assumptions!$B$46) | H70: =IF(H57="convert",H33*H54,Assumptions!$B$46) | I70: =IF(I57="convert",I33*I54,Assumptions!$B$46) | J70: =IF(J57="convert",J33*J54,Assumptions!$B$46) | K70: =IF(K57="convert",K33*K54,Assumptions!$B$46)
A71: C proc | C71: =IF(C58="convert",Assumptions!$B$39*C54,Assumptions!$B$45) | D71: =IF(D58="convert",Assumptions!$B$39*D54,Assumptions!$B$45) | E71: =IF(E58="convert",Assumptions!$B$39*E54,Assumptions!$B$45) | F71: =IF(F58="convert",Assumptions!$B$39*F54,Assumptions!$B$45) | G71: =IF(G58="convert",Assumptions!$B$39*G54,Assumptions!$B$45) | H71: =IF(H58="convert",Assumptions!$B$39*H54,Assumptions!$B$45) | I71: =IF(I58="convert",Assumptions!$B$39*I54,Assumptions!$B$45) | J71: =IF(J58="convert",Assumptions!$B$39*J54,Assumptions!$B$45) | K71: =IF(K58="convert",Assumptions!$B$39*K54,Assumptions!$B$45)
A72: B proc | C72: =IF(C59="convert",Assumptions!$B$38*C54,Assumptions!$B$44) | D72: =IF(D59="convert",Assumptions!$B$38*D54,Assumptions!$B$44) | E72: =IF(E59="convert",Assumptions!$B$38*E54,Assumptions!$B$44) | F72: =IF(F59="convert",Assumptions!$B$38*F54,Assumptions!$B$44) | G72: =IF(G59="convert",Assumptions!$B$38*G54,Assumptions!$B$44) | H72: =IF(H59="convert",Assumptions!$B$38*H54,Assumptions!$B$44) | I72: =IF(I59="convert",Assumptions!$B$38*I54,Assumptions!$B$44) | J72: =IF(J59="convert",Assumptions!$B$38*J54,Assumptions!$B$44) | K72: =IF(K59="convert",Assumptions!$B$38*K54,Assumptions!$B$44)
A73: A proc | C73: =IF(C60="convert",Assumptions!$B$37*C54,Assumptions!$B$43) | D73: =IF(D60="convert",Assumptions!$B$37*D54,Assumptions!$B$43) | E73: =IF(E60="convert",Assumptions!$B$37*E54,Assumptions!$B$43) | F73: =IF(F60="convert",Assumptions!$B$37*F54,Assumptions!$B$43) | G73: =IF(G60="convert",Assumptions!$B$37*G54,Assumptions!$B$43) | H73: =IF(H60="convert",Assumptions!$B$37*H54,Assumptions!$B$43) | I73: =IF(I60="convert",Assumptions!$B$37*I54,Assumptions!$B$43) | J73: =IF(J60="convert",Assumptions!$B$37*J54,Assumptions!$B$43) | K73: =IF(K60="convert",Assumptions!$B$37*K54,Assumptions!$B$43)
A74: S proc | C74: =IF(C61="convert",Assumptions!$B$36*C54,Assumptions!$B$42) | D74: =IF(D61="convert",Assumptions!$B$36*D54,Assumptions!$B$42) | E74: =IF(E61="convert",Assumptions!$B$36*E54,Assumptions!$B$42) | F74: =IF(F61="convert",Assumptions!$B$36*F54,Assumptions!$B$42) | G74: =IF(G61="convert",Assumptions!$B$36*G54,Assumptions!$B$42) | H74: =IF(H61="convert",Assumptions!$B$36*H54,Assumptions!$B$42) | I74: =IF(I61="convert",Assumptions!$B$36*I54,Assumptions!$B$42) | J74: =IF(J61="convert",Assumptions!$B$36*J54,Assumptions!$B$42) | K74: =IF(K61="convert",Assumptions!$B$36*K54,Assumptions!$B$42)
A75: Notes proc | C75: =(C38+C41)*C54 | D75: =(D38+D41)*D54 | E75: =(E38+E41)*E54 | F75: =(F38+F41)*F54 | G75: =(G38+G41)*G54 | H75: =(H38+H41)*H54 | I75: =(I38+I41)*I54 | J75: =(J38+J41)*J54 | K75: =(K38+K41)*K54
A76: Common proc | C76: =(Assumptions!$B$32+Assumptions!$B$33+Assumptions!$B$34+Assumptions!$B$35)*C54 | D76: =(Assumptions!$B$32+Assumptions!$B$33+Assumptions!$B$34+Assumptions!$B$35)*D54 | E76: =(Assumptions!$B$32+Assumptions!$B$33+Assumptions!$B$34+Assumptions!$B$35)*E54 | F76: =(Assumptions!$B$32+Assumptions!$B$33+Assumptions!$B$34+Assumptions!$B$35)*F54 | G76: =(Assumptions!$B$32+Assumptions!$B$33+Assumptions!$B$34+Assumptions!$B$35)*G54 | H76: =(Assumptions!$B$32+Assumptions!$B$33+Assumptions!$B$34+Assumptions!$B$35)*H54 | I76: =(Assumptions!$B$32+Assumptions!$B$33+Assumptions!$B$34+Assumptions!$B$35)*I54 | J76: =(Assumptions!$B$32+Assumptions!$B$33+Assumptions!$B$34+Assumptions!$B$35)*J54 | K76: =(Assumptions!$B$32+Assumptions!$B$33+Assumptions!$B$34+Assumptions!$B$35)*K54
A77: Options proc | C77: =C63*MAX(C54-Assumptions!$B$9,0) | D77: =D63*MAX(D54-Assumptions!$B$9,0) | E77: =E63*MAX(E54-Assumptions!$B$9,0) | F77: =F63*MAX(F54-Assumptions!$B$9,0) | G77: =G63*MAX(G54-Assumptions!$B$9,0) | H77: =H63*MAX(H54-Assumptions!$B$9,0) | I77: =I63*MAX(I54-Assumptions!$B$9,0) | J77: =J63*MAX(J54-Assumptions!$B$9,0) | K77: =K63*MAX(K54-Assumptions!$B$9,0)
A78: TOTAL | C78: =SUM(C68:C77) | D78: =SUM(D68:D77) | E78: =SUM(E68:E77) | F78: =SUM(F68:F77) | G78: =SUM(G68:G77) | H78: =SUM(H68:H77) | I78: =SUM(I68:I77) | J78: =SUM(J68:J77) | K78: =SUM(K68:K77)
A79: Our $ at $2B = own × residual (if F conv) else our pref | C79: =C68/3 | D79: =D68/3 | E79: =E68/3 | F79: =F68/3 | G79: =G68/3 | H79: =H68/3 | I79: =I68/3 | J79: =J68/3 | K79: =K68/3

Sheet Return-Solver
A1: RETURN SOLVER — Series F ownership % needed for 3× / 4× return on $10M
A3: Metric | B3: $700M | C3: $1.2B | D3: $2B | E3: $4B | F3: $8B
A4: Exit value (USD) | B4: =Assumptions!$B$15 | C4: =Assumptions!$B$16 | D4: =Assumptions!$B$17 | E4: =Assumptions!$B$18 | F4: =Assumptions!$B$19
A5: F election (from Waterfall) | B5: =Waterfall!C36 | C5: =Waterfall!D36 | D5: =Waterfall!E36 | E5: =Waterfall!F36 | F5: =Waterfall!G36
A6: F class total proceeds (base case) | B6: =Waterfall!C60 | C6: =Waterfall!D60 | D6: =Waterfall!E60 | E6: =Waterfall!F60 | F6: =Waterfall!G60
A7: Target $ for 3× | B7: =Assumptions!$B$55*Assumptions!$B$7 | C7: =Assumptions!$B$55*Assumptions!$B$7 | D7: =Assumptions!$B$55*Assumptions!$B$7 | E7: =Assumptions!$B$55*Assumptions!$B$7 | F7: =Assumptions!$B$55*Assumptions!$B$7
A8: Target $ for 4× | B8: =Assumptions!$B$56*Assumptions!$B$7 | C8: =Assumptions!$B$56*Assumptions!$B$7 | D8: =Assumptions!$B$56*Assumptions!$B$7 | E8: =Assumptions!$B$56*Assumptions!$B$7 | F8: =Assumptions!$B$56*Assumptions!$B$7
A9: F ownership % needed for 3× | B9: =IFERROR(B7/B6, "infeasible") | C9: =IFERROR(C7/C6, "infeasible") | D9: =IFERROR(D7/D6, "infeasible") | E9: =IFERROR(E7/E6, "infeasible") | F9: =IFERROR(F7/F6, "infeasible")
A10: F ownership % needed for 4× | B10: =IFERROR(B8/B6, "infeasible") | C10: =IFERROR(C8/C6, "infeasible") | D10: =IFERROR(D8/D6, "infeasible") | E10: =IFERROR(E8/E6, "infeasible") | F10: =IFERROR(F8/F6, "infeasible")
A11: Feasibility flag (3×) | B11: =IF(ISNUMBER(B9),IF(AND(B9>0,B9<=1),"feasible","infeasible"),"infeasible") | C11: =IF(ISNUMBER(C9),IF(AND(C9>0,C9<=1),"feasible","infeasible"),"infeasible") | D11: =IF(ISNUMBER(D9),IF(AND(D9>0,D9<=1),"feasible","infeasible"),"infeasible") | E11: =IF(ISNUMBER(E9),IF(AND(E9>0,E9<=1),"feasible","infeasible"),"infeasible") | F11: =IF(ISNUMBER(F9),IF(AND(F9>0,F9<=1),"feasible","infeasible"),"infeasible")
A12: Feasibility flag (4×) | B12: =IF(ISNUMBER(B10),IF(AND(B10>0,B10<=1),"feasible","infeasible"),"infeasible") | C12: =IF(ISNUMBER(C10),IF(AND(C10>0,C10<=1),"feasible","infeasible"),"infeasible") | D12: =IF(ISNUMBER(D10),IF(AND(D10>0,D10<=1),"feasible","infeasible"),"infeasible") | E12: =IF(ISNUMBER(E10),IF(AND(E10>0,E10<=1),"feasible","infeasible"),"infeasible") | F12: =IF(ISNUMBER(F10),IF(AND(F10>0,F10<=1),"feasible","infeasible"),"infeasible")
A14: Method: x × F_total_proceeds = target; x = target / F_total_proceeds. F_total_proceeds reflects F's election (preference vs convert) at each exit per the base-case full waterfall.
