Workbook
Name F_pre: 'Assumptions'!$B$4
Name F_primary: 'Assumptions'!$B$5
Name F_secondary: 'Assumptions'!$B$6
Name tender_mult: 'Assumptions'!$B$7
Name esop_target: 'Assumptions'!$B$8
Name our_check: 'Assumptions'!$B$9
Name fl_primary: 'Assumptions'!$B$10
Name opt_strike: 'Assumptions'!$B$11
Name exit_v1: 'Assumptions'!$B$13
Name exit_v2: 'Assumptions'!$B$14
Name exit_v3: 'Assumptions'!$B$15
Name exit_v4: 'Assumptions'!$B$16
Name exit_v5: 'Assumptions'!$B$17
Name OCP_seed: 'Assumptions'!$B$19
Name OCP_A: 'Assumptions'!$B$20
Name OCP_B: 'Assumptions'!$B$21
Name OCP_C: 'Assumptions'!$B$22
Name OCP_D: 'Assumptions'!$B$23
Name OCP_E: 'Assumptions'!$B$24
Name NA_P: 'Assumptions'!$B$26
Name NA_cap: 'Assumptions'!$B$27
Name NA_disc: 'Assumptions'!$B$28
Name NB_P: 'Assumptions'!$B$29
Name NB_cap: 'Assumptions'!$B$30
Name NB_disc: 'Assumptions'!$B$31
Name preF_FD: 'Assumptions'!$B$33
Name preF_opts_iss: 'Assumptions'!$B$34
Name preF_opts_uni: 'Assumptions'!$B$35
Name preF_opts: 'Assumptions'!$B$36
Name F1_sh: 'Assumptions'!$B$38
Name F2_sh: 'Assumptions'!$B$39
Name F3_sh: 'Assumptions'!$B$40
Name RSA_sh: 'Assumptions'!$B$41
Name seed_sh: 'Assumptions'!$B$43
Name A_sh: 'Assumptions'!$B$44
Name B_sh: 'Assumptions'!$B$45
Name C_sh: 'Assumptions'!$B$46
Name D_sh: 'Assumptions'!$B$47
Name E_sh: 'Assumptions'!$B$48
Name seed_inv: 'Assumptions'!$B$50
Name A_inv: 'Assumptions'!$B$51
Name B_inv: 'Assumptions'!$B$52
Name C_inv: 'Assumptions'!$B$53
Name D_inv: 'Assumptions'!$B$54
Name E_inv: 'Assumptions'!$B$55
Name sens_e_lo: 'Assumptions'!$B$57
Name sens_e_md: 'Assumptions'!$B$58
Name sens_e_hi: 'Assumptions'!$B$59
Name sens_p_lo: 'Assumptions'!$B$60
Name sens_p_md: 'Assumptions'!$B$61
Name sens_p_hi: 'Assumptions'!$B$62
Name sens_exit: 'Assumptions'!$B$63
Name ret_3x: 'Assumptions'!$B$65
Name ret_4x: 'Assumptions'!$B$66
Name F_PPS: 'Pro-Forma'!$B$4
Name T_F: 'Pro-Forma'!$B$5
Name T_pre: 'Pro-Forma'!$B$6
Name F_prim_sh: 'Pro-Forma'!$B$7
Name topup: 'Pro-Forma'!$B$8
Name preFD_nn: 'Pro-Forma'!$B$9

Sheet Assumptions
A1: Kelvin Dynamics — Series F Assumptions
A2: Label | B2: Value | C2: Units | D2: Name
A3: --- Round Terms ---
A4: Series F pre-money (USD) | B4: 1400000000 | C4: USD | D4: F_pre
A5: Series F primary raise (USD) | B5: 30000000 | C5: USD | D5: F_primary
A6: Series F secondary raise (USD) | B6: 15000000 | C6: USD | D6: F_secondary
A7: Tender PPS multiplier | B7: 0.85 | C7: fraction | D7: tender_mult
A8: ESOP refresh target (post-F FD) | B8: 0.13 | C8: fraction | D8: esop_target
A9: Our fund check (USD) | B9: 10000000 | C9: USD | D9: our_check
A10: F_LEAD primary check (USD) | B10: 20000000 | C10: USD | D10: fl_primary
A11: Option strike (USD) | B11: 1 | C11: USD | D11: opt_strike
A12: --- Exit Values ---
A13: Exit value 1 (USD) | B13: 700000000 | C13: USD | D13: exit_v1
A14: Exit value 2 (USD) | B14: 1200000000 | C14: USD | D14: exit_v2
A15: Exit value 3 (USD) | B15: 2000000000 | C15: USD | D15: exit_v3
A16: Exit value 4 (USD) | B16: 4000000000 | C16: USD | D16: exit_v4
A17: Exit value 5 (USD) | B17: 8000000000 | C17: USD | D17: exit_v5
A18: --- Prior Round OCPs (effective for AD) ---
A19: OCP Seed | B19: 1 | C19: USD | D19: OCP_seed
A20: OCP Series A | B20: 3 | C20: USD | D20: OCP_A
A21: OCP Series B | B21: 10 | C21: USD | D21: OCP_B
A22: OCP Series C | B22: 25 | C22: USD | D22: OCP_C
A23: OCP Series D (post-E NCP, compound v3*v4) | B23: 58.118347 | C23: USD | D23: OCP_D
A24: OCP Series E | B24: 49.158311 | C24: USD | D24: OCP_E
A25: --- Convertible Notes ---
A26: Note A principal (USD) | B26: 5000000 | C26: USD | D26: NA_P
A27: Note A cap (USD) | B27: 1000000000 | C27: USD | D27: NA_cap
A28: Note A discount | B28: 0.2 | C28: fraction | D28: NA_disc
A29: Note B principal (USD) | B29: 3000000 | C29: USD | D29: NB_P
A30: Note B cap (USD) | B30: 1600000000 | C30: USD | D30: NB_cap
A31: Note B discount | B31: 0.15 | C31: fraction | D31: NB_disc
A32: --- Pre-F Cap-Table Inputs (broad-based WA) ---
A33: Pre-F broad-based FD (shares) | B33: 36617961 | C33: shares | D33: preF_FD
A34: Pre-F options issued | B34: 2500000 | C34: shares | D34: preF_opts_iss
A35: Pre-F options unissued | B35: 1894667 | C35: shares | D35: preF_opts_uni
A36: Pre-F option pool total | B36: 4394667 | C36: shares | D36: preF_opts
A37: --- Founders & RSAs ---
A38: Founder F1 common shares | B38: 4000000 | C38: shares | D38: F1_sh
A39: Founder F2 common shares | B39: 2500000 | C39: shares | D39: F2_sh
A40: Founder F3 common shares | B40: 1500000 | C40: shares | D40: F3_sh
A41: Employee RSA total shares | B41: 1000000 | C41: shares | D41: RSA_sh
A42: --- Preferred share counts (post-E, pre-F) ---
A43: Seed shares | B43: 5000000 | C43: shares | D43: seed_sh
A44: Series A shares | B44: 5000000 | C44: shares | D44: A_sh
A45: Series B shares | B45: 3000000 | C45: shares | D45: B_sh
A46: Series C shares | B46: 2400000 | C46: shares | D46: C_sh
A47: Series D shares (post-E adjusted) | B47: 1720627 | C47: shares | D47: D_sh
A48: Series E shares | B48: 6102667 | C48: shares | D48: E_sh
A49: --- Series Aggregate Investments ---
A50: Seed invested | B50: 5000000 | C50: USD | D50: seed_inv
A51: Series A invested | B51: 15000000 | C51: USD | D51: A_inv
A52: Series B invested | B52: 30000000 | C52: USD | D52: B_inv
A53: Series C invested | B53: 60000000 | C53: USD | D53: C_inv
A54: Series D invested | B54: 100000000 | C54: USD | D54: D_inv
A55: Series E invested | B55: 300000000 | C55: USD | D55: E_inv
A56: --- Sensitivity grid axes ---
A57: Sens ESOP low | B57: 0.11 | C57: fraction | D57: sens_e_lo
A58: Sens ESOP base | B58: 0.13 | C58: fraction | D58: sens_e_md
A59: Sens ESOP high | B59: 0.15 | C59: fraction | D59: sens_e_hi
A60: Sens pre-money low | B60: 1200000000 | C60: USD | D60: sens_p_lo
A61: Sens pre-money base | B61: 1400000000 | C61: USD | D61: sens_p_md
A62: Sens pre-money high | B62: 1800000000 | C62: USD | D62: sens_p_hi
A63: Sens reference exit | B63: 2000000000 | C63: USD | D63: sens_exit
A64: --- Return-solver targets ---
A65: Return multiple 3x | B65: 3 | C65: multiple | D65: ret_3x
A66: Return multiple 4x | B66: 4 | C66: multiple | D66: ret_4x

Sheet Pro-Forma
A1: Pro-Forma Cap Table (Post-Series F)
A3: ROUND MECHANICS (converged)
A4: F_PPS | B4: =N134
A5: T_F (post-F FD) | B5: =I134+J134+K134+L134
A6: T_pre (pre-money FD) | B6: =M134
A7: F_primary shares | B7: =L134
A8: ESOP top-up shares | B8: =H134
A9: Pre-money FD ex-notes | B9: =I134
A10: ESOP total post-F | B10: =preF_opts + H134
A11: Iteration converged at row | B11: 134
A13: ANTI-DILUTION BLOCK (broad-based WA)
A14: Class | B14: OCP | C14: Trigger | D14: NCP | E14: New Ratio | F14: Extras | G14: Total post-AD
A15: Seed | B15: =OCP_seed | C15: =IF(F_PPS<OCP_seed,"YES","NO") | D15: =IF(F_PPS<OCP_seed, OCP_seed*(preF_FD + F_primary/OCP_seed)/(preF_FD + F_primary/F_PPS), OCP_seed) | E15: =OCP_seed/D15 | F15: =seed_sh*(E15-1) | G15: =seed_sh*E15
A16: Series A | B16: =OCP_A | C16: =IF(F_PPS<OCP_A,"YES","NO") | D16: =IF(F_PPS<OCP_A, OCP_A*(preF_FD + F_primary/OCP_A)/(preF_FD + F_primary/F_PPS), OCP_A) | E16: =OCP_A/D16 | F16: =A_sh*(E16-1) | G16: =A_sh*E16
A17: Series B | B17: =OCP_B | C17: =IF(F_PPS<OCP_B,"YES","NO") | D17: =IF(F_PPS<OCP_B, OCP_B*(preF_FD + F_primary/OCP_B)/(preF_FD + F_primary/F_PPS), OCP_B) | E17: =OCP_B/D17 | F17: =B_sh*(E17-1) | G17: =B_sh*E17
A18: Series C | B18: =OCP_C | C18: =IF(F_PPS<OCP_C,"YES","NO") | D18: =IF(F_PPS<OCP_C, OCP_C*(preF_FD + F_primary/OCP_C)/(preF_FD + F_primary/F_PPS), OCP_C) | E18: =OCP_C/D18 | F18: =C_sh*(E18-1) | G18: =C_sh*E18
A19: Series D | B19: =OCP_D | C19: =IF(F_PPS<OCP_D,"YES","NO") | D19: =IF(F_PPS<OCP_D, OCP_D*(preF_FD + F_primary/OCP_D)/(preF_FD + F_primary/F_PPS), OCP_D) | E19: =OCP_D/D19 | F19: =D_sh*(E19-1) | G19: =D_sh*E19
A20: Series E | B20: =OCP_E | C20: =IF(F_PPS<OCP_E,"YES","NO") | D20: =IF(F_PPS<OCP_E, OCP_E*(preF_FD + F_primary/OCP_E)/(preF_FD + F_primary/F_PPS), OCP_E) | E20: =OCP_E/D20 | F20: =E_sh*(E20-1) | G20: =E_sh*E20
A22: CONVERTIBLE NOTES BLOCK
A23: Note | B23: Principal | C23: Cap | D23: Discount | E23: Cap-impl PPS | F23: Disc-impl PPS | G23: Conv PPS | H23: Branch | I23: Shares
A24: Note A | B24: =NA_P | C24: =NA_cap | D24: =NA_disc | E24: =NA_cap/(preFD_nn + K134) | F24: =(1-NA_disc)*F_PPS | G24: =MIN(E24,F24) | H24: =IF(E24<F24,"cap","discount") | I24: =NA_P/G24
A25: Note B | B25: =NB_P | C25: =NB_cap | D25: =NB_disc | E25: =NB_cap/(preFD_nn + I24) | F25: =(1-NB_disc)*F_PPS | G25: =MIN(E25,F25) | H25: =IF(E25<F25,"cap","discount") | I25: =NB_P/G25
A27: TENDER BLOCK
A28: Tender PPS | B28: =tender_mult * F_PPS
A29: Tender shares | B29: =F_secondary / B28
A30: F1 founders share-out | B30: =B29 * F1_sh/(F1_sh+F2_sh+F3_sh)
A31: F2 founders share-out | B31: =B29 * F2_sh/(F1_sh+F2_sh+F3_sh)
A32: F3 founders share-out | B32: =B29 * F3_sh/(F1_sh+F2_sh+F3_sh)
A33: F_LEAD secondary common | B33: =B29
A35: STAKEHOLDER OWNERSHIP
A36: Stakeholder | B36: Role | C36: Common | D36: Preferred | E36: Options (issued) | F36: Options (unissued) | G36: Notes-converted | H36: Total | I36: % of T_F
A37: F1 | B37: Founder (CEO) | C37: =F1_sh - F1_tender | D37: =0 | E37: =0 | F37: =0 | G37: =0 | H37: =SUM(C37:G37) | I37: =H37/T_F
A38: F2 | B38: Founder (CTO) | C38: =F2_sh - F2_tender | D38: =0 | E38: =0 | F38: =0 | G38: =0 | H38: =SUM(C38:G38) | I38: =H38/T_F
A39: F3 | B39: Founder (Chief Sci.) | C39: =F3_sh - F3_tender | D39: =0 | E39: =0 | F39: =0 | G39: =0 | H39: =SUM(C39:G39) | I39: =H39/T_F
A40: RSAs (E1-E10) | B40: Employee RSAs (10 holders) | C40: =RSA_sh | D40: =0 | E40: =0 | F40: =0 | G40: =0 | H40: =SUM(C40:G40) | I40: =H40/T_F
A41: ESOP issued | B41: Issued options | C41: =0 | D41: =0 | E41: =preF_opts_iss | F41: =0 | G41: =0 | H41: =SUM(C41:G41) | I41: =H41/T_F
A42: ESOP unissued | B42: Unissued option pool (post-F) | C42: =0 | D42: =0 | E42: =0 | F42: =preF_opts_uni + topup | G42: =0 | H42: =SUM(C42:G42) | I42: =H42/T_F
A43: SEED1 | B43: Seed preferred LP | C43: =0 | D43: =Seed_total | E43: =0 | F43: =0 | G43: =0 | H43: =SUM(C43:G43) | I43: =H43/T_F
A44: A1 | B44: Series A preferred | C44: =0 | D44: =A_total | E44: =0 | F44: =0 | G44: =0 | H44: =SUM(C44:G44) | I44: =H44/T_F
A45: B1 | B45: Series B preferred | C45: =0 | D45: =B_total | E45: =0 | F45: =0 | G45: =0 | H45: =SUM(C45:G45) | I45: =H45/T_F
A46: C1 | B46: Series C preferred | C46: =0 | D46: =C_total | E46: =0 | F46: =0 | G46: =0 | H46: =SUM(C46:G46) | I46: =H46/T_F
A47: D1 | B47: Series D preferred | C47: =0 | D47: =D_total | E47: =0 | F47: =0 | G47: =0 | H47: =SUM(C47:G47) | I47: =H47/T_F
A48: Series E LPs (E1_INV-E10_INV) | B48: Series E preferred (10 holders) | C48: =0 | D48: =E_total | E48: =0 | F48: =0 | G48: =0 | H48: =SUM(C48:G48) | I48: =H48/T_F
A49: NA1 | B49: Convertible Note A | C49: =0 | D49: =0 | E49: =0 | F49: =0 | G49: =NA_sh | H49: =SUM(C49:G49) | I49: =H49/T_F
A50: NB1 | B50: Convertible Note B | C50: =0 | D50: =0 | E50: =0 | F50: =0 | G50: =NB_sh | H50: =SUM(C50:G50) | I50: =H50/T_F
A51: F_LEAD | B51: Series F lead (primary + secondary) | C51: =tender_sh | D51: =fl_primary/F_PPS | E51: =0 | F51: =0 | G51: =0 | H51: =SUM(C51:G51) | I51: =H51/T_F
A52: F_FUND | B52: Our fund (Series F primary) | C52: =0 | D52: =our_check/F_PPS | E52: =0 | F52: =0 | G52: =0 | H52: =SUM(C52:G52) | I52: =H52/T_F
A53: TOTAL | C53: =SUM(C37:C52) | D53: =SUM(D37:D52) | E53: =SUM(E37:E52) | F53: =SUM(F37:F52) | G53: =SUM(G37:G52) | H53: =SUM(H37:H52) | I53: =H53/T_F
A55: Our fund ownership % | B55: =I52
A99: iter (col B = F_PPS_in) | B99: F_PPS_in | C99: NCP_D | D99: NCP_E | E99: extras_D | F99: extras_E | G99: T_F | H99: topup | I99: preFD_nn | J99: NA_sh | K99: NB_sh | L99: F_prim_sh | M99: T_pre | N99: F_PPS_out
B100: =F_pre/preF_FD | C100: =OCP_D*(preF_FD + F_primary/OCP_D)/(preF_FD + F_primary/B100) | D100: =OCP_E*(preF_FD + F_primary/OCP_E)/(preF_FD + F_primary/B100) | E100: =D_sh*(OCP_D/C100 - 1) | F100: =E_sh*(OCP_E/D100 - 1) | G100: =(preF_FD + E100 + F100 - preF_opts + 0 + 0 + F_primary/B100)/(1-esop_target) | H100: =MAX(0, esop_target*G100 - preF_opts) | I100: =preF_FD + E100 + F100 + H100 | J100: =NA_P/MIN(NA_cap/(I100+0), (1-NA_disc)*B100) | K100: =NB_P/MIN(NB_cap/(I100+J100), (1-NB_disc)*B100) | L100: =F_primary/B100 | M100: =I100+J100+K100 | N100: =F_pre/M100
B101: =N100 | C101: =OCP_D*(preF_FD + F_primary/OCP_D)/(preF_FD + F_primary/B101) | D101: =OCP_E*(preF_FD + F_primary/OCP_E)/(preF_FD + F_primary/B101) | E101: =D_sh*(OCP_D/C101 - 1) | F101: =E_sh*(OCP_E/D101 - 1) | G101: =(preF_FD + E101 + F101 - preF_opts + J100 + K100 + F_primary/B101)/(1-esop_target) | H101: =MAX(0, esop_target*G101 - preF_opts) | I101: =preF_FD + E101 + F101 + H101 | J101: =NA_P/MIN(NA_cap/(I101+K100), (1-NA_disc)*B101) | K101: =NB_P/MIN(NB_cap/(I101+J101), (1-NB_disc)*B101) | L101: =F_primary/B101 | M101: =I101+J101+K101 | N101: =F_pre/M101
B102: =N101 | C102: =OCP_D*(preF_FD + F_primary/OCP_D)/(preF_FD + F_primary/B102) | D102: =OCP_E*(preF_FD + F_primary/OCP_E)/(preF_FD + F_primary/B102) | E102: =D_sh*(OCP_D/C102 - 1) | F102: =E_sh*(OCP_E/D102 - 1) | G102: =(preF_FD + E102 + F102 - preF_opts + J101 + K101 + F_primary/B102)/(1-esop_target) | H102: =MAX(0, esop_target*G102 - preF_opts) | I102: =preF_FD + E102 + F102 + H102 | J102: =NA_P/MIN(NA_cap/(I102+K101), (1-NA_disc)*B102) | K102: =NB_P/MIN(NB_cap/(I102+J102), (1-NB_disc)*B102) | L102: =F_primary/B102 | M102: =I102+J102+K102 | N102: =F_pre/M102
B103: =N102 | C103: =OCP_D*(preF_FD + F_primary/OCP_D)/(preF_FD + F_primary/B103) | D103: =OCP_E*(preF_FD + F_primary/OCP_E)/(preF_FD + F_primary/B103) | E103: =D_sh*(OCP_D/C103 - 1) | F103: =E_sh*(OCP_E/D103 - 1) | G103: =(preF_FD + E103 + F103 - preF_opts + J102 + K102 + F_primary/B103)/(1-esop_target) | H103: =MAX(0, esop_target*G103 - preF_opts) | I103: =preF_FD + E103 + F103 + H103 | J103: =NA_P/MIN(NA_cap/(I103+K102), (1-NA_disc)*B103) | K103: =NB_P/MIN(NB_cap/(I103+J103), (1-NB_disc)*B103) | L103: =F_primary/B103 | M103: =I103+J103+K103 | N103: =F_pre/M103
B104: =N103 | C104: =OCP_D*(preF_FD + F_primary/OCP_D)/(preF_FD + F_primary/B104) | D104: =OCP_E*(preF_FD + F_primary/OCP_E)/(preF_FD + F_primary/B104) | E104: =D_sh*(OCP_D/C104 - 1) | F104: =E_sh*(OCP_E/D104 - 1) | G104: =(preF_FD + E104 + F104 - preF_opts + J103 + K103 + F_primary/B104)/(1-esop_target) | H104: =MAX(0, esop_target*G104 - preF_opts) | I104: =preF_FD + E104 + F104 + H104 | J104: =NA_P/MIN(NA_cap/(I104+K103), (1-NA_disc)*B104) | K104: =NB_P/MIN(NB_cap/(I104+J104), (1-NB_disc)*B104) | L104: =F_primary/B104 | M104: =I104+J104+K104 | N104: =F_pre/M104
B105: =N104 | C105: =OCP_D*(preF_FD + F_primary/OCP_D)/(preF_FD + F_primary/B105) | D105: =OCP_E*(preF_FD + F_primary/OCP_E)/(preF_FD + F_primary/B105) | E105: =D_sh*(OCP_D/C105 - 1) | F105: =E_sh*(OCP_E/D105 - 1) | G105: =(preF_FD + E105 + F105 - preF_opts + J104 + K104 + F_primary/B105)/(1-esop_target) | H105: =MAX(0, esop_target*G105 - preF_opts) | I105: =preF_FD + E105 + F105 + H105 | J105: =NA_P/MIN(NA_cap/(I105+K104), (1-NA_disc)*B105) | K105: =NB_P/MIN(NB_cap/(I105+J105), (1-NB_disc)*B105) | L105: =F_primary/B105 | M105: =I105+J105+K105 | N105: =F_pre/M105
B106: =N105 | C106: =OCP_D*(preF_FD + F_primary/OCP_D)/(preF_FD + F_primary/B106) | D106: =OCP_E*(preF_FD + F_primary/OCP_E)/(preF_FD + F_primary/B106) | E106: =D_sh*(OCP_D/C106 - 1) | F106: =E_sh*(OCP_E/D106 - 1) | G106: =(preF_FD + E106 + F106 - preF_opts + J105 + K105 + F_primary/B106)/(1-esop_target) | H106: =MAX(0, esop_target*G106 - preF_opts) | I106: =preF_FD + E106 + F106 + H106 | J106: =NA_P/MIN(NA_cap/(I106+K105), (1-NA_disc)*B106) | K106: =NB_P/MIN(NB_cap/(I106+J106), (1-NB_disc)*B106) | L106: =F_primary/B106 | M106: =I106+J106+K106 | N106: =F_pre/M106
B107: =N106 | C107: =OCP_D*(preF_FD + F_primary/OCP_D)/(preF_FD + F_primary/B107) | D107: =OCP_E*(preF_FD + F_primary/OCP_E)/(preF_FD + F_primary/B107) | E107: =D_sh*(OCP_D/C107 - 1) | F107: =E_sh*(OCP_E/D107 - 1) | G107: =(preF_FD + E107 + F107 - preF_opts + J106 + K106 + F_primary/B107)/(1-esop_target) | H107: =MAX(0, esop_target*G107 - preF_opts) | I107: =preF_FD + E107 + F107 + H107 | J107: =NA_P/MIN(NA_cap/(I107+K106), (1-NA_disc)*B107) | K107: =NB_P/MIN(NB_cap/(I107+J107), (1-NB_disc)*B107) | L107: =F_primary/B107 | M107: =I107+J107+K107 | N107: =F_pre/M107
B108: =N107 | C108: =OCP_D*(preF_FD + F_primary/OCP_D)/(preF_FD + F_primary/B108) | D108: =OCP_E*(preF_FD + F_primary/OCP_E)/(preF_FD + F_primary/B108) | E108: =D_sh*(OCP_D/C108 - 1) | F108: =E_sh*(OCP_E/D108 - 1) | G108: =(preF_FD + E108 + F108 - preF_opts + J107 + K107 + F_primary/B108)/(1-esop_target) | H108: =MAX(0, esop_target*G108 - preF_opts) | I108: =preF_FD + E108 + F108 + H108 | J108: =NA_P/MIN(NA_cap/(I108+K107), (1-NA_disc)*B108) | K108: =NB_P/MIN(NB_cap/(I108+J108), (1-NB_disc)*B108) | L108: =F_primary/B108 | M108: =I108+J108+K108 | N108: =F_pre/M108
B109: =N108 | C109: =OCP_D*(preF_FD + F_primary/OCP_D)/(preF_FD + F_primary/B109) | D109: =OCP_E*(preF_FD + F_primary/OCP_E)/(preF_FD + F_primary/B109) | E109: =D_sh*(OCP_D/C109 - 1) | F109: =E_sh*(OCP_E/D109 - 1) | G109: =(preF_FD + E109 + F109 - preF_opts + J108 + K108 + F_primary/B109)/(1-esop_target) | H109: =MAX(0, esop_target*G109 - preF_opts) | I109: =preF_FD + E109 + F109 + H109 | J109: =NA_P/MIN(NA_cap/(I109+K108), (1-NA_disc)*B109) | K109: =NB_P/MIN(NB_cap/(I109+J109), (1-NB_disc)*B109) | L109: =F_primary/B109 | M109: =I109+J109+K109 | N109: =F_pre/M109
B110: =N109 | C110: =OCP_D*(preF_FD + F_primary/OCP_D)/(preF_FD + F_primary/B110) | D110: =OCP_E*(preF_FD + F_primary/OCP_E)/(preF_FD + F_primary/B110) | E110: =D_sh*(OCP_D/C110 - 1) | F110: =E_sh*(OCP_E/D110 - 1) | G110: =(preF_FD + E110 + F110 - preF_opts + J109 + K109 + F_primary/B110)/(1-esop_target) | H110: =MAX(0, esop_target*G110 - preF_opts) | I110: =preF_FD + E110 + F110 + H110 | J110: =NA_P/MIN(NA_cap/(I110+K109), (1-NA_disc)*B110) | K110: =NB_P/MIN(NB_cap/(I110+J110), (1-NB_disc)*B110) | L110: =F_primary/B110 | M110: =I110+J110+K110 | N110: =F_pre/M110
B111: =N110 | C111: =OCP_D*(preF_FD + F_primary/OCP_D)/(preF_FD + F_primary/B111) | D111: =OCP_E*(preF_FD + F_primary/OCP_E)/(preF_FD + F_primary/B111) | E111: =D_sh*(OCP_D/C111 - 1) | F111: =E_sh*(OCP_E/D111 - 1) | G111: =(preF_FD + E111 + F111 - preF_opts + J110 + K110 + F_primary/B111)/(1-esop_target) | H111: =MAX(0, esop_target*G111 - preF_opts) | I111: =preF_FD + E111 + F111 + H111 | J111: =NA_P/MIN(NA_cap/(I111+K110), (1-NA_disc)*B111) | K111: =NB_P/MIN(NB_cap/(I111+J111), (1-NB_disc)*B111) | L111: =F_primary/B111 | M111: =I111+J111+K111 | N111: =F_pre/M111
B112: =N111 | C112: =OCP_D*(preF_FD + F_primary/OCP_D)/(preF_FD + F_primary/B112) | D112: =OCP_E*(preF_FD + F_primary/OCP_E)/(preF_FD + F_primary/B112) | E112: =D_sh*(OCP_D/C112 - 1) | F112: =E_sh*(OCP_E/D112 - 1) | G112: =(preF_FD + E112 + F112 - preF_opts + J111 + K111 + F_primary/B112)/(1-esop_target) | H112: =MAX(0, esop_target*G112 - preF_opts) | I112: =preF_FD + E112 + F112 + H112 | J112: =NA_P/MIN(NA_cap/(I112+K111), (1-NA_disc)*B112) | K112: =NB_P/MIN(NB_cap/(I112+J112), (1-NB_disc)*B112) | L112: =F_primary/B112 | M112: =I112+J112+K112 | N112: =F_pre/M112
... B134: =N133 | C134: =OCP_D*(preF_FD + F_primary/OCP_D)/(preF_FD + F_primary/B134) | D134: =OCP_E*(preF_FD + F_primary/OCP_E)/(preF_FD + F_primary/B134) | E134: =D_sh*(OCP_D/C134 - 1) | F134: =E_sh*(OCP_E/D134 - 1) | G134: =(preF_FD + E134 + F134 - preF_opts + J133 + K133 + F_primary/B134)/(1-esop_target) | H134: =MAX(0, esop_target*G134 - preF_opts) | I134: =preF_FD + E134 + F134 + H134 | J134: =NA_P/MIN(NA_cap/(I134+K133), (1-NA_disc)*B134) | K134: =NB_P/MIN(NB_cap/(I134+J134), (1-NB_disc)*B134) | L134: =F_primary/B134 | M134: =I134+J134+K134 | N134: =F_pre/M134

Sheet Waterfall
A1: Waterfall — Per-Class Election Maximization
A3: Exit value (USD) | B3: =exit_v1 | C3: =exit_v2 | D3: =exit_v3 | E3: =exit_v4 | F3: =exit_v5
A5: DISPLAY (converged)
A6: Prefs paid | B6: =B85 | C6: =B122 | D6: =B159 | E6: =B196 | F6: =B233
A7: Residual | B7: =C85 | C7: =C122 | D7: =C159 | E7: =C196 | F7: =C233
A8: Convert shares (incl. common+RSAs+notes) | B8: =D85 | C8: =D122 | D8: =D159 | E8: =D196 | F8: =D233
A9: Exit PPS (used) | B9: =H85 | C9: =H122 | D9: =H159 | E9: =H196 | F9: =H233
A10: F election | B10: =IF(B9 * F_class_shares > F_primary, "convert", "preference") | C10: =IF(C9 * F_class_shares > F_primary, "convert", "preference") | D10: =IF(D9 * F_class_shares > F_primary, "convert", "preference") | E10: =IF(E9 * F_class_shares > F_primary, "convert", "preference") | F10: =IF(F9 * F_class_shares > F_primary, "convert", "preference")
A11: E election | B11: =IF(B9 * E_total > E_inv, "convert", "preference") | C11: =IF(C9 * E_total > E_inv, "convert", "preference") | D11: =IF(D9 * E_total > E_inv, "convert", "preference") | E11: =IF(E9 * E_total > E_inv, "convert", "preference") | F11: =IF(F9 * E_total > E_inv, "convert", "preference")
A12: D election | B12: =IF(B9 * D_total > D_inv, "convert", "preference") | C12: =IF(C9 * D_total > D_inv, "convert", "preference") | D12: =IF(D9 * D_total > D_inv, "convert", "preference") | E12: =IF(E9 * D_total > D_inv, "convert", "preference") | F12: =IF(F9 * D_total > D_inv, "convert", "preference")
A13: C election | B13: =IF(B9 * C_total > C_inv, "convert", "preference") | C13: =IF(C9 * C_total > C_inv, "convert", "preference") | D13: =IF(D9 * C_total > C_inv, "convert", "preference") | E13: =IF(E9 * C_total > C_inv, "convert", "preference") | F13: =IF(F9 * C_total > C_inv, "convert", "preference")
A14: B election | B14: =IF(B9 * B_total > B_inv, "convert", "preference") | C14: =IF(C9 * B_total > B_inv, "convert", "preference") | D14: =IF(D9 * B_total > B_inv, "convert", "preference") | E14: =IF(E9 * B_total > B_inv, "convert", "preference") | F14: =IF(F9 * B_total > B_inv, "convert", "preference")
A15: A election | B15: =IF(B9 * A_total > A_inv, "convert", "preference") | C15: =IF(C9 * A_total > A_inv, "convert", "preference") | D15: =IF(D9 * A_total > A_inv, "convert", "preference") | E15: =IF(E9 * A_total > A_inv, "convert", "preference") | F15: =IF(F9 * A_total > A_inv, "convert", "preference")
A16: Seed election | B16: =IF(B9 * Seed_total > seed_inv, "convert", "preference") | C16: =IF(C9 * Seed_total > seed_inv, "convert", "preference") | D16: =IF(D9 * Seed_total > seed_inv, "convert", "preference") | E16: =IF(E9 * Seed_total > seed_inv, "convert", "preference") | F16: =IF(F9 * Seed_total > seed_inv, "convert", "preference")
A18: F payout | B18: =IF(B10="convert", B9 * F_class_shares, F_primary) | C18: =IF(C10="convert", C9 * F_class_shares, F_primary) | D18: =IF(D10="convert", D9 * F_class_shares, F_primary) | E18: =IF(E10="convert", E9 * F_class_shares, F_primary) | F18: =IF(F10="convert", F9 * F_class_shares, F_primary)
A19: E payout | B19: =IF(B11="convert", B9 * E_total, E_inv) | C19: =IF(C11="convert", C9 * E_total, E_inv) | D19: =IF(D11="convert", D9 * E_total, E_inv) | E19: =IF(E11="convert", E9 * E_total, E_inv) | F19: =IF(F11="convert", F9 * E_total, E_inv)
A20: D payout | B20: =IF(B12="convert", B9 * D_total, D_inv) | C20: =IF(C12="convert", C9 * D_total, D_inv) | D20: =IF(D12="convert", D9 * D_total, D_inv) | E20: =IF(E12="convert", E9 * D_total, D_inv) | F20: =IF(F12="convert", F9 * D_total, D_inv)
A21: C payout | B21: =IF(B13="convert", B9 * C_total, C_inv) | C21: =IF(C13="convert", C9 * C_total, C_inv) | D21: =IF(D13="convert", D9 * C_total, C_inv) | E21: =IF(E13="convert", E9 * C_total, C_inv) | F21: =IF(F13="convert", F9 * C_total, C_inv)
A22: B payout | B22: =IF(B14="convert", B9 * B_total, B_inv) | C22: =IF(C14="convert", C9 * B_total, B_inv) | D22: =IF(D14="convert", D9 * B_total, B_inv) | E22: =IF(E14="convert", E9 * B_total, B_inv) | F22: =IF(F14="convert", F9 * B_total, B_inv)
A23: A payout | B23: =IF(B15="convert", B9 * A_total, A_inv) | C23: =IF(C15="convert", C9 * A_total, A_inv) | D23: =IF(D15="convert", D9 * A_total, A_inv) | E23: =IF(E15="convert", E9 * A_total, A_inv) | F23: =IF(F15="convert", F9 * A_total, A_inv)
A24: Seed payout | B24: =IF(B16="convert", B9 * Seed_total, seed_inv) | C24: =IF(C16="convert", C9 * Seed_total, seed_inv) | D24: =IF(D16="convert", D9 * Seed_total, seed_inv) | E24: =IF(E16="convert", E9 * Seed_total, seed_inv) | F24: =IF(F16="convert", F9 * Seed_total, seed_inv)
A25: Notes payout (A+B) | B25: =B9 * (NA_sh + NB_sh) | C25: =C9 * (NA_sh + NB_sh) | D25: =D9 * (NA_sh + NB_sh) | E25: =E9 * (NA_sh + NB_sh) | F25: =F9 * (NA_sh + NB_sh)
A26: Common+RSAs payout | B26: =B9 * (F1_sh+F2_sh+F3_sh+RSA_sh) | C26: =C9 * (F1_sh+F2_sh+F3_sh+RSA_sh) | D26: =D9 * (F1_sh+F2_sh+F3_sh+RSA_sh) | E26: =E9 * (F1_sh+F2_sh+F3_sh+RSA_sh) | F26: =F9 * (F1_sh+F2_sh+F3_sh+RSA_sh)
A27: Issued options (net of strike) | B27: =IF(G85=1, (B9 - opt_strike)*preF_opts_iss, 0) | C27: =IF(G122=1, (C9 - opt_strike)*preF_opts_iss, 0) | D27: =IF(G159=1, (D9 - opt_strike)*preF_opts_iss, 0) | E27: =IF(G196=1, (E9 - opt_strike)*preF_opts_iss, 0) | F27: =IF(G233=1, (F9 - opt_strike)*preF_opts_iss, 0)
A28: Total | B28: =B18+B19+B20+B21+B22+B23+B24+B25+B26+B27 | C28: =C18+C19+C20+C21+C22+C23+C24+C25+C26+C27 | D28: =D18+D19+D20+D21+D22+D23+D24+D25+D26+D27 | E28: =E18+E19+E20+E21+E22+E23+E24+E25+E26+E27 | F28: =F18+F19+F20+F21+F22+F23+F24+F25+F26+F27
A29: Reconciliation diff (USD) | B29: =B3 - B28 | C29: =C3 - C28 | D29: =D3 - D28 | E29: =E3 - E28 | F29: =F3 - F28
A49: --- Iteration block for exit exit_v1 ---
A50: iter | B50: prefs_paid | C50: residual | D50: cv_shares | E50: PPS_naive | F50: PPS_w_opts | G50: ITM | H50: PPS | I50: ic_F | J50: ic_E | K50: ic_D | L50: ic_C | M50: ic_B | N50: ic_A | O50: ic_Seed
B51: =(1-I51)*F_primary+(1-J51)*E_inv+(1-K51)*D_inv+(1-L51)*C_inv+(1-M51)*B_inv+(1-N51)*A_inv+(1-O51)*seed_inv | C51: =MAX(0, B3 - B51) | D51: =F1_sh+F2_sh+F3_sh+RSA_sh+NA_sh+NB_sh+I51*F_class_shares+J51*E_total+K51*D_total+L51*C_total+M51*B_total+N51*A_total+O51*Seed_total | E51: =IF(D51>0, C51/D51, 0) | F51: =(C51 + preF_opts_iss*opt_strike)/(D51 + preF_opts_iss) | G51: =IF(F51>opt_strike,1,0) | H51: =IF(G51=1, F51, E51) | I51: =IF(0 * F_class_shares > F_primary, 1, 0) | J51: =IF(0 * E_total > E_inv, 1, 0) | K51: =IF(0 * D_total > D_inv, 1, 0) | L51: =IF(0 * C_total > C_inv, 1, 0) | M51: =IF(0 * B_total > B_inv, 1, 0) | N51: =IF(0 * A_total > A_inv, 1, 0) | O51: =IF(0 * Seed_total > seed_inv, 1, 0)
B52: =(1-I52)*F_primary+(1-J52)*E_inv+(1-K52)*D_inv+(1-L52)*C_inv+(1-M52)*B_inv+(1-N52)*A_inv+(1-O52)*seed_inv | C52: =MAX(0, B3 - B52) | D52: =F1_sh+F2_sh+F3_sh+RSA_sh+NA_sh+NB_sh+I52*F_class_shares+J52*E_total+K52*D_total+L52*C_total+M52*B_total+N52*A_total+O52*Seed_total | E52: =IF(D52>0, C52/D52, 0) | F52: =(C52 + preF_opts_iss*opt_strike)/(D52 + preF_opts_iss) | G52: =IF(F52>opt_strike,1,0) | H52: =IF(G52=1, F52, E52) | I52: =IF(H51 * F_class_shares > F_primary, 1, 0) | J52: =IF(H51 * E_total > E_inv, 1, 0) | K52: =IF(H51 * D_total > D_inv, 1, 0) | L52: =IF(H51 * C_total > C_inv, 1, 0) | M52: =IF(H51 * B_total > B_inv, 1, 0) | N52: =IF(H51 * A_total > A_inv, 1, 0) | O52: =IF(H51 * Seed_total > seed_inv, 1, 0)
B53: =(1-I53)*F_primary+(1-J53)*E_inv+(1-K53)*D_inv+(1-L53)*C_inv+(1-M53)*B_inv+(1-N53)*A_inv+(1-O53)*seed_inv | C53: =MAX(0, B3 - B53) | D53: =F1_sh+F2_sh+F3_sh+RSA_sh+NA_sh+NB_sh+I53*F_class_shares+J53*E_total+K53*D_total+L53*C_total+M53*B_total+N53*A_total+O53*Seed_total | E53: =IF(D53>0, C53/D53, 0) | F53: =(C53 + preF_opts_iss*opt_strike)/(D53 + preF_opts_iss) | G53: =IF(F53>opt_strike,1,0) | H53: =IF(G53=1, F53, E53) | I53: =IF(H52 * F_class_shares > F_primary, 1, 0) | J53: =IF(H52 * E_total > E_inv, 1, 0) | K53: =IF(H52 * D_total > D_inv, 1, 0) | L53: =IF(H52 * C_total > C_inv, 1, 0) | M53: =IF(H52 * B_total > B_inv, 1, 0) | N53: =IF(H52 * A_total > A_inv, 1, 0) | O53: =IF(H52 * Seed_total > seed_inv, 1, 0)
B54: =(1-I54)*F_primary+(1-J54)*E_inv+(1-K54)*D_inv+(1-L54)*C_inv+(1-M54)*B_inv+(1-N54)*A_inv+(1-O54)*seed_inv | C54: =MAX(0, B3 - B54) | D54: =F1_sh+F2_sh+F3_sh+RSA_sh+NA_sh+NB_sh+I54*F_class_shares+J54*E_total+K54*D_total+L54*C_total+M54*B_total+N54*A_total+O54*Seed_total | E54: =IF(D54>0, C54/D54, 0) | F54: =(C54 + preF_opts_iss*opt_strike)/(D54 + preF_opts_iss) | G54: =IF(F54>opt_strike,1,0) | H54: =IF(G54=1, F54, E54) | I54: =IF(H53 * F_class_shares > F_primary, 1, 0) | J54: =IF(H53 * E_total > E_inv, 1, 0) | K54: =IF(H53 * D_total > D_inv, 1, 0) | L54: =IF(H53 * C_total > C_inv, 1, 0) | M54: =IF(H53 * B_total > B_inv, 1, 0) | N54: =IF(H53 * A_total > A_inv, 1, 0) | O54: =IF(H53 * Seed_total > seed_inv, 1, 0)
B55: =(1-I55)*F_primary+(1-J55)*E_inv+(1-K55)*D_inv+(1-L55)*C_inv+(1-M55)*B_inv+(1-N55)*A_inv+(1-O55)*seed_inv | C55: =MAX(0, B3 - B55) | D55: =F1_sh+F2_sh+F3_sh+RSA_sh+NA_sh+NB_sh+I55*F_class_shares+J55*E_total+K55*D_total+L55*C_total+M55*B_total+N55*A_total+O55*Seed_total | E55: =IF(D55>0, C55/D55, 0) | F55: =(C55 + preF_opts_iss*opt_strike)/(D55 + preF_opts_iss) | G55: =IF(F55>opt_strike,1,0) | H55: =IF(G55=1, F55, E55) | I55: =IF(H54 * F_class_shares > F_primary, 1, 0) | J55: =IF(H54 * E_total > E_inv, 1, 0) | K55: =IF(H54 * D_total > D_inv, 1, 0) | L55: =IF(H54 * C_total > C_inv, 1, 0) | M55: =IF(H54 * B_total > B_inv, 1, 0) | N55: =IF(H54 * A_total > A_inv, 1, 0) | O55: =IF(H54 * Seed_total > seed_inv, 1, 0)
B56: =(1-I56)*F_primary+(1-J56)*E_inv+(1-K56)*D_inv+(1-L56)*C_inv+(1-M56)*B_inv+(1-N56)*A_inv+(1-O56)*seed_inv | C56: =MAX(0, B3 - B56) | D56: =F1_sh+F2_sh+F3_sh+RSA_sh+NA_sh+NB_sh+I56*F_class_shares+J56*E_total+K56*D_total+L56*C_total+M56*B_total+N56*A_total+O56*Seed_total | E56: =IF(D56>0, C56/D56, 0) | F56: =(C56 + preF_opts_iss*opt_strike)/(D56 + preF_opts_iss) | G56: =IF(F56>opt_strike,1,0) | H56: =IF(G56=1, F56, E56) | I56: =IF(H55 * F_class_shares > F_primary, 1, 0) | J56: =IF(H55 * E_total > E_inv, 1, 0) | K56: =IF(H55 * D_total > D_inv, 1, 0) | L56: =IF(H55 * C_total > C_inv, 1, 0) | M56: =IF(H55 * B_total > B_inv, 1, 0) | N56: =IF(H55 * A_total > A_inv, 1, 0) | O56: =IF(H55 * Seed_total > seed_inv, 1, 0)
B57: =(1-I57)*F_primary+(1-J57)*E_inv+(1-K57)*D_inv+(1-L57)*C_inv+(1-M57)*B_inv+(1-N57)*A_inv+(1-O57)*seed_inv | C57: =MAX(0, B3 - B57) | D57: =F1_sh+F2_sh+F3_sh+RSA_sh+NA_sh+NB_sh+I57*F_class_shares+J57*E_total+K57*D_total+L57*C_total+M57*B_total+N57*A_total+O57*Seed_total | E57: =IF(D57>0, C57/D57, 0) | F57: =(C57 + preF_opts_iss*opt_strike)/(D57 + preF_opts_iss) | G57: =IF(F57>opt_strike,1,0) | H57: =IF(G57=1, F57, E57) | I57: =IF(H56 * F_class_shares > F_primary, 1, 0) | J57: =IF(H56 * E_total > E_inv, 1, 0) | K57: =IF(H56 * D_total > D_inv, 1, 0) | L57: =IF(H56 * C_total > C_inv, 1, 0) | M57: =IF(H56 * B_total > B_inv, 1, 0) | N57: =IF(H56 * A_total > A_inv, 1, 0) | O57: =IF(H56 * Seed_total > seed_inv, 1, 0)
B58: =(1-I58)*F_primary+(1-J58)*E_inv+(1-K58)*D_inv+(1-L58)*C_inv+(1-M58)*B_inv+(1-N58)*A_inv+(1-O58)*seed_inv | C58: =MAX(0, B3 - B58) | D58: =F1_sh+F2_sh+F3_sh+RSA_sh+NA_sh+NB_sh+I58*F_class_shares+J58*E_total+K58*D_total+L58*C_total+M58*B_total+N58*A_total+O58*Seed_total | E58: =IF(D58>0, C58/D58, 0) | F58: =(C58 + preF_opts_iss*opt_strike)/(D58 + preF_opts_iss) | G58: =IF(F58>opt_strike,1,0) | H58: =IF(G58=1, F58, E58) | I58: =IF(H57 * F_class_shares > F_primary, 1, 0) | J58: =IF(H57 * E_total > E_inv, 1, 0) | K58: =IF(H57 * D_total > D_inv, 1, 0) | L58: =IF(H57 * C_total > C_inv, 1, 0) | M58: =IF(H57 * B_total > B_inv, 1, 0) | N58: =IF(H57 * A_total > A_inv, 1, 0) | O58: =IF(H57 * Seed_total > seed_inv, 1, 0)
B59: =(1-I59)*F_primary+(1-J59)*E_inv+(1-K59)*D_inv+(1-L59)*C_inv+(1-M59)*B_inv+(1-N59)*A_inv+(1-O59)*seed_inv | C59: =MAX(0, B3 - B59) | D59: =F1_sh+F2_sh+F3_sh+RSA_sh+NA_sh+NB_sh+I59*F_class_shares+J59*E_total+K59*D_total+L59*C_total+M59*B_total+N59*A_total+O59*Seed_total | E59: =IF(D59>0, C59/D59, 0) | F59: =(C59 + preF_opts_iss*opt_strike)/(D59 + preF_opts_iss) | G59: =IF(F59>opt_strike,1,0) | H59: =IF(G59=1, F59, E59) | I59: =IF(H58 * F_class_shares > F_primary, 1, 0) | J59: =IF(H58 * E_total > E_inv, 1, 0) | K59: =IF(H58 * D_total > D_inv, 1, 0) | L59: =IF(H58 * C_total > C_inv, 1, 0) | M59: =IF(H58 * B_total > B_inv, 1, 0) | N59: =IF(H58 * A_total > A_inv, 1, 0) | O59: =IF(H58 * Seed_total > seed_inv, 1, 0)
B60: =(1-I60)*F_primary+(1-J60)*E_inv+(1-K60)*D_inv+(1-L60)*C_inv+(1-M60)*B_inv+(1-N60)*A_inv+(1-O60)*seed_inv | C60: =MAX(0, B3 - B60) | D60: =F1_sh+F2_sh+F3_sh+RSA_sh+NA_sh+NB_sh+I60*F_class_shares+J60*E_total+K60*D_total+L60*C_total+M60*B_total+N60*A_total+O60*Seed_total | E60: =IF(D60>0, C60/D60, 0) | F60: =(C60 + preF_opts_iss*opt_strike)/(D60 + preF_opts_iss) | G60: =IF(F60>opt_strike,1,0) | H60: =IF(G60=1, F60, E60) | I60: =IF(H59 * F_class_shares > F_primary, 1, 0) | J60: =IF(H59 * E_total > E_inv, 1, 0) | K60: =IF(H59 * D_total > D_inv, 1, 0) | L60: =IF(H59 * C_total > C_inv, 1, 0) | M60: =IF(H59 * B_total > B_inv, 1, 0) | N60: =IF(H59 * A_total > A_inv, 1, 0) | O60: =IF(H59 * Seed_total > seed_inv, 1, 0)
B61: =(1-I61)*F_primary+(1-J61)*E_inv+(1-K61)*D_inv+(1-L61)*C_inv+(1-M61)*B_inv+(1-N61)*A_inv+(1-O61)*seed_inv | C61: =MAX(0, B3 - B61) | D61: =F1_sh+F2_sh+F3_sh+RSA_sh+NA_sh+NB_sh+I61*F_class_shares+J61*E_total+K61*D_total+L61*C_total+M61*B_total+N61*A_total+O61*Seed_total | E61: =IF(D61>0, C61/D61, 0) | F61: =(C61 + preF_opts_iss*opt_strike)/(D61 + preF_opts_iss) | G61: =IF(F61>opt_strike,1,0) | H61: =IF(G61=1, F61, E61) | I61: =IF(H60 * F_class_shares > F_primary, 1, 0) | J61: =IF(H60 * E_total > E_inv, 1, 0) | K61: =IF(H60 * D_total > D_inv, 1, 0) | L61: =IF(H60 * C_total > C_inv, 1, 0) | M61: =IF(H60 * B_total > B_inv, 1, 0) | N61: =IF(H60 * A_total > A_inv, 1, 0) | O61: =IF(H60 * Seed_total > seed_inv, 1, 0)
B62: =(1-I62)*F_primary+(1-J62)*E_inv+(1-K62)*D_inv+(1-L62)*C_inv+(1-M62)*B_inv+(1-N62)*A_inv+(1-O62)*seed_inv | C62: =MAX(0, B3 - B62) | D62: =F1_sh+F2_sh+F3_sh+RSA_sh+NA_sh+NB_sh+I62*F_class_shares+J62*E_total+K62*D_total+L62*C_total+M62*B_total+N62*A_total+O62*Seed_total | E62: =IF(D62>0, C62/D62, 0) | F62: =(C62 + preF_opts_iss*opt_strike)/(D62 + preF_opts_iss) | G62: =IF(F62>opt_strike,1,0) | H62: =IF(G62=1, F62, E62) | I62: =IF(H61 * F_class_shares > F_primary, 1, 0) | J62: =IF(H61 * E_total > E_inv, 1, 0) | K62: =IF(H61 * D_total > D_inv, 1, 0) | L62: =IF(H61 * C_total > C_inv, 1, 0) | M62: =IF(H61 * B_total > B_inv, 1, 0) | N62: =IF(H61 * A_total > A_inv, 1, 0) | O62: =IF(H61 * Seed_total > seed_inv, 1, 0)
B63: =(1-I63)*F_primary+(1-J63)*E_inv+(1-K63)*D_inv+(1-L63)*C_inv+(1-M63)*B_inv+(1-N63)*A_inv+(1-O63)*seed_inv | C63: =MAX(0, B3 - B63) | D63: =F1_sh+F2_sh+F3_sh+RSA_sh+NA_sh+NB_sh+I63*F_class_shares+J63*E_total+K63*D_total+L63*C_total+M63*B_total+N63*A_total+O63*Seed_total | E63: =IF(D63>0, C63/D63, 0) | F63: =(C63 + preF_opts_iss*opt_strike)/(D63 + preF_opts_iss) | G63: =IF(F63>opt_strike,1,0) | H63: =IF(G63=1, F63, E63) | I63: =IF(H62 * F_class_shares > F_primary, 1, 0) | J63: =IF(H62 * E_total > E_inv, 1, 0) | K63: =IF(H62 * D_total > D_inv, 1, 0) | L63: =IF(H62 * C_total > C_inv, 1, 0) | M63: =IF(H62 * B_total > B_inv, 1, 0) | N63: =IF(H62 * A_total > A_inv, 1, 0) | O63: =IF(H62 * Seed_total > seed_inv, 1, 0)
B64: =(1-I64)*F_primary+(1-J64)*E_inv+(1-K64)*D_inv+(1-L64)*C_inv+(1-M64)*B_inv+(1-N64)*A_inv+(1-O64)*seed_inv | C64: =MAX(0, B3 - B64) | D64: =F1_sh+F2_sh+F3_sh+RSA_sh+NA_sh+NB_sh+I64*F_class_shares+J64*E_total+K64*D_total+L64*C_total+M64*B_total+N64*A_total+O64*Seed_total | E64: =IF(D64>0, C64/D64, 0) | F64: =(C64 + preF_opts_iss*opt_strike)/(D64 + preF_opts_iss) | G64: =IF(F64>opt_strike,1,0) | H64: =IF(G64=1, F64, E64) | I64: =IF(H63 * F_class_shares > F_primary, 1, 0) | J64: =IF(H63 * E_total > E_inv, 1, 0) | K64: =IF(H63 * D_total > D_inv, 1, 0) | L64: =IF(H63 * C_total > C_inv, 1, 0) | M64: =IF(H63 * B_total > B_inv, 1, 0) | N64: =IF(H63 * A_total > A_inv, 1, 0) | O64: =IF(H63 * Seed_total > seed_inv, 1, 0)
B65: =(1-I65)*F_primary+(1-J65)*E_inv+(1-K65)*D_inv+(1-L65)*C_inv+(1-M65)*B_inv+(1-N65)*A_inv+(1-O65)*seed_inv | C65: =MAX(0, B3 - B65) | D65: =F1_sh+F2_sh+F3_sh+RSA_sh+NA_sh+NB_sh+I65*F_class_shares+J65*E_total+K65*D_total+L65*C_total+M65*B_total+N65*A_total+O65*Seed_total | E65: =IF(D65>0, C65/D65, 0) | F65: =(C65 + preF_opts_iss*opt_strike)/(D65 + preF_opts_iss) | G65: =IF(F65>opt_strike,1,0) | H65: =IF(G65=1, F65, E65) | I65: =IF(H64 * F_class_shares > F_primary, 1, 0) | J65: =IF(H64 * E_total > E_inv, 1, 0) | K65: =IF(H64 * D_total > D_inv, 1, 0) | L65: =IF(H64 * C_total > C_inv, 1, 0) | M65: =IF(H64 * B_total > B_inv, 1, 0) | N65: =IF(H64 * A_total > A_inv, 1, 0) | O65: =IF(H64 * Seed_total > seed_inv, 1, 0)
B66: =(1-I66)*F_primary+(1-J66)*E_inv+(1-K66)*D_inv+(1-L66)*C_inv+(1-M66)*B_inv+(1-N66)*A_inv+(1-O66)*seed_inv | C66: =MAX(0, B3 - B66) | D66: =F1_sh+F2_sh+F3_sh+RSA_sh+NA_sh+NB_sh+I66*F_class_shares+J66*E_total+K66*D_total+L66*C_total+M66*B_total+N66*A_total+O66*Seed_total | E66: =IF(D66>0, C66/D66, 0) | F66: =(C66 + preF_opts_iss*opt_strike)/(D66 + preF_opts_iss) | G66: =IF(F66>opt_strike,1,0) | H66: =IF(G66=1, F66, E66) | I66: =IF(H65 * F_class_shares > F_primary, 1, 0) | J66: =IF(H65 * E_total > E_inv, 1, 0) | K66: =IF(H65 * D_total > D_inv, 1, 0) | L66: =IF(H65 * C_total > C_inv, 1, 0) | M66: =IF(H65 * B_total > B_inv, 1, 0) | N66: =IF(H65 * A_total > A_inv, 1, 0) | O66: =IF(H65 * Seed_total > seed_inv, 1, 0)
B67: =(1-I67)*F_primary+(1-J67)*E_inv+(1-K67)*D_inv+(1-L67)*C_inv+(1-M67)*B_inv+(1-N67)*A_inv+(1-O67)*seed_inv | C67: =MAX(0, B3 - B67) | D67: =F1_sh+F2_sh+F3_sh+RSA_sh+NA_sh+NB_sh+I67*F_class_shares+J67*E_total+K67*D_total+L67*C_total+M67*B_total+N67*A_total+O67*Seed_total | E67: =IF(D67>0, C67/D67, 0) | F67: =(C67 + preF_opts_iss*opt_strike)/(D67 + preF_opts_iss) | G67: =IF(F67>opt_strike,1,0) | H67: =IF(G67=1, F67, E67) | I67: =IF(H66 * F_class_shares > F_primary, 1, 0) | J67: =IF(H66 * E_total > E_inv, 1, 0) | K67: =IF(H66 * D_total > D_inv, 1, 0) | L67: =IF(H66 * C_total > C_inv, 1, 0) | M67: =IF(H66 * B_total > B_inv, 1, 0) | N67: =IF(H66 * A_total > A_inv, 1, 0) | O67: =IF(H66 * Seed_total > seed_inv, 1, 0)
B68: =(1-I68)*F_primary+(1-J68)*E_inv+(1-K68)*D_inv+(1-L68)*C_inv+(1-M68)*B_inv+(1-N68)*A_inv+(1-O68)*seed_inv | C68: =MAX(0, B3 - B68) | D68: =F1_sh+F2_sh+F3_sh+RSA_sh+NA_sh+NB_sh+I68*F_class_shares+J68*E_total+K68*D_total+L68*C_total+M68*B_total+N68*A_total+O68*Seed_total | E68: =IF(D68>0, C68/D68, 0) | F68: =(C68 + preF_opts_iss*opt_strike)/(D68 + preF_opts_iss) | G68: =IF(F68>opt_strike,1,0) | H68: =IF(G68=1, F68, E68) | I68: =IF(H67 * F_class_shares > F_primary, 1, 0) | J68: =IF(H67 * E_total > E_inv, 1, 0) | K68: =IF(H67 * D_total > D_inv, 1, 0) | L68: =IF(H67 * C_total > C_inv, 1, 0) | M68: =IF(H67 * B_total > B_inv, 1, 0) | N68: =IF(H67 * A_total > A_inv, 1, 0) | O68: =IF(H67 * Seed_total > seed_inv, 1, 0)
B69: =(1-I69)*F_primary+(1-J69)*E_inv+(1-K69)*D_inv+(1-L69)*C_inv+(1-M69)*B_inv+(1-N69)*A_inv+(1-O69)*seed_inv | C69: =MAX(0, B3 - B69) | D69: =F1_sh+F2_sh+F3_sh+RSA_sh+NA_sh+NB_sh+I69*F_class_shares+J69*E_total+K69*D_total+L69*C_total+M69*B_total+N69*A_total+O69*Seed_total | E69: =IF(D69>0, C69/D69, 0) | F69: =(C69 + preF_opts_iss*opt_strike)/(D69 + preF_opts_iss) | G69: =IF(F69>opt_strike,1,0) | H69: =IF(G69=1, F69, E69) | I69: =IF(H68 * F_class_shares > F_primary, 1, 0) | J69: =IF(H68 * E_total > E_inv, 1, 0) | K69: =IF(H68 * D_total > D_inv, 1, 0) | L69: =IF(H68 * C_total > C_inv, 1, 0) | M69: =IF(H68 * B_total > B_inv, 1, 0) | N69: =IF(H68 * A_total > A_inv, 1, 0) | O69: =IF(H68 * Seed_total > seed_inv, 1, 0)
B70: =(1-I70)*F_primary+(1-J70)*E_inv+(1-K70)*D_inv+(1-L70)*C_inv+(1-M70)*B_inv+(1-N70)*A_inv+(1-O70)*seed_inv | C70: =MAX(0, B3 - B70) | D70: =F1_sh+F2_sh+F3_sh+RSA_sh+NA_sh+NB_sh+I70*F_class_shares+J70*E_total+K70*D_total+L70*C_total+M70*B_total+N70*A_total+O70*Seed_total | E70: =IF(D70>0, C70/D70, 0) | F70: =(C70 + preF_opts_iss*opt_strike)/(D70 + preF_opts_iss) | G70: =IF(F70>opt_strike,1,0) | H70: =IF(G70=1, F70, E70) | I70: =IF(H69 * F_class_shares > F_primary, 1, 0) | J70: =IF(H69 * E_total > E_inv, 1, 0) | K70: =IF(H69 * D_total > D_inv, 1, 0) | L70: =IF(H69 * C_total > C_inv, 1, 0) | M70: =IF(H69 * B_total > B_inv, 1, 0) | N70: =IF(H69 * A_total > A_inv, 1, 0) | O70: =IF(H69 * Seed_total > seed_inv, 1, 0)
B71: =(1-I71)*F_primary+(1-J71)*E_inv+(1-K71)*D_inv+(1-L71)*C_inv+(1-M71)*B_inv+(1-N71)*A_inv+(1-O71)*seed_inv | C71: =MAX(0, B3 - B71) | D71: =F1_sh+F2_sh+F3_sh+RSA_sh+NA_sh+NB_sh+I71*F_class_shares+J71*E_total+K71*D_total+L71*C_total+M71*B_total+N71*A_total+O71*Seed_total | E71: =IF(D71>0, C71/D71, 0) | F71: =(C71 + preF_opts_iss*opt_strike)/(D71 + preF_opts_iss) | G71: =IF(F71>opt_strike,1,0) | H71: =IF(G71=1, F71, E71) | I71: =IF(H70 * F_class_shares > F_primary, 1, 0) | J71: =IF(H70 * E_total > E_inv, 1, 0) | K71: =IF(H70 * D_total > D_inv, 1, 0) | L71: =IF(H70 * C_total > C_inv, 1, 0) | M71: =IF(H70 * B_total > B_inv, 1, 0) | N71: =IF(H70 * A_total > A_inv, 1, 0) | O71: =IF(H70 * Seed_total > seed_inv, 1, 0)
B72: =(1-I72)*F_primary+(1-J72)*E_inv+(1-K72)*D_inv+(1-L72)*C_inv+(1-M72)*B_inv+(1-N72)*A_inv+(1-O72)*seed_inv | C72: =MAX(0, B3 - B72) | D72: =F1_sh+F2_sh+F3_sh+RSA_sh+NA_sh+NB_sh+I72*F_class_shares+J72*E_total+K72*D_total+L72*C_total+M72*B_total+N72*A_total+O72*Seed_total | E72: =IF(D72>0, C72/D72, 0) | F72: =(C72 + preF_opts_iss*opt_strike)/(D72 + preF_opts_iss) | G72: =IF(F72>opt_strike,1,0) | H72: =IF(G72=1, F72, E72) | I72: =IF(H71 * F_class_shares > F_primary, 1, 0) | J72: =IF(H71 * E_total > E_inv, 1, 0) | K72: =IF(H71 * D_total > D_inv, 1, 0) | L72: =IF(H71 * C_total > C_inv, 1, 0) | M72: =IF(H71 * B_total > B_inv, 1, 0) | N72: =IF(H71 * A_total > A_inv, 1, 0) | O72: =IF(H71 * Seed_total > seed_inv, 1, 0)
B73: =(1-I73)*F_primary+(1-J73)*E_inv+(1-K73)*D_inv+(1-L73)*C_inv+(1-M73)*B_inv+(1-N73)*A_inv+(1-O73)*seed_inv | C73: =MAX(0, B3 - B73) | D73: =F1_sh+F2_sh+F3_sh+RSA_sh+NA_sh+NB_sh+I73*F_class_shares+J73*E_total+K73*D_total+L73*C_total+M73*B_total+N73*A_total+O73*Seed_total | E73: =IF(D73>0, C73/D73, 0) | F73: =(C73 + preF_opts_iss*opt_strike)/(D73 + preF_opts_iss) | G73: =IF(F73>opt_strike,1,0) | H73: =IF(G73=1, F73, E73) | I73: =IF(H72 * F_class_shares > F_primary, 1, 0) | J73: =IF(H72 * E_total > E_inv, 1, 0) | K73: =IF(H72 * D_total > D_inv, 1, 0) | L73: =IF(H72 * C_total > C_inv, 1, 0) | M73: =IF(H72 * B_total > B_inv, 1, 0) | N73: =IF(H72 * A_total > A_inv, 1, 0) | O73: =IF(H72 * Seed_total > seed_inv, 1, 0)
B74: =(1-I74)*F_primary+(1-J74)*E_inv+(1-K74)*D_inv+(1-L74)*C_inv+(1-M74)*B_inv+(1-N74)*A_inv+(1-O74)*seed_inv | C74: =MAX(0, B3 - B74) | D74: =F1_sh+F2_sh+F3_sh+RSA_sh+NA_sh+NB_sh+I74*F_class_shares+J74*E_total+K74*D_total+L74*C_total+M74*B_total+N74*A_total+O74*Seed_total | E74: =IF(D74>0, C74/D74, 0) | F74: =(C74 + preF_opts_iss*opt_strike)/(D74 + preF_opts_iss) | G74: =IF(F74>opt_strike,1,0) | H74: =IF(G74=1, F74, E74) | I74: =IF(H73 * F_class_shares > F_primary, 1, 0) | J74: =IF(H73 * E_total > E_inv, 1, 0) | K74: =IF(H73 * D_total > D_inv, 1, 0) | L74: =IF(H73 * C_total > C_inv, 1, 0) | M74: =IF(H73 * B_total > B_inv, 1, 0) | N74: =IF(H73 * A_total > A_inv, 1, 0) | O74: =IF(H73 * Seed_total > seed_inv, 1, 0)
B75: =(1-I75)*F_primary+(1-J75)*E_inv+(1-K75)*D_inv+(1-L75)*C_inv+(1-M75)*B_inv+(1-N75)*A_inv+(1-O75)*seed_inv | C75: =MAX(0, B3 - B75) | D75: =F1_sh+F2_sh+F3_sh+RSA_sh+NA_sh+NB_sh+I75*F_class_shares+J75*E_total+K75*D_total+L75*C_total+M75*B_total+N75*A_total+O75*Seed_total | E75: =IF(D75>0, C75/D75, 0) | F75: =(C75 + preF_opts_iss*opt_strike)/(D75 + preF_opts_iss) | G75: =IF(F75>opt_strike,1,0) | H75: =IF(G75=1, F75, E75) | I75: =IF(H74 * F_class_shares > F_primary, 1, 0) | J75: =IF(H74 * E_total > E_inv, 1, 0) | K75: =IF(H74 * D_total > D_inv, 1, 0) | L75: =IF(H74 * C_total > C_inv, 1, 0) | M75: =IF(H74 * B_total > B_inv, 1, 0) | N75: =IF(H74 * A_total > A_inv, 1, 0) | O75: =IF(H74 * Seed_total > seed_inv, 1, 0)
B76: =(1-I76)*F_primary+(1-J76)*E_inv+(1-K76)*D_inv+(1-L76)*C_inv+(1-M76)*B_inv+(1-N76)*A_inv+(1-O76)*seed_inv | C76: =MAX(0, B3 - B76) | D76: =F1_sh+F2_sh+F3_sh+RSA_sh+NA_sh+NB_sh+I76*F_class_shares+J76*E_total+K76*D_total+L76*C_total+M76*B_total+N76*A_total+O76*Seed_total | E76: =IF(D76>0, C76/D76, 0) | F76: =(C76 + preF_opts_iss*opt_strike)/(D76 + preF_opts_iss) | G76: =IF(F76>opt_strike,1,0) | H76: =IF(G76=1, F76, E76) | I76: =IF(H75 * F_class_shares > F_primary, 1, 0) | J76: =IF(H75 * E_total > E_inv, 1, 0) | K76: =IF(H75 * D_total > D_inv, 1, 0) | L76: =IF(H75 * C_total > C_inv, 1, 0) | M76: =IF(H75 * B_total > B_inv, 1, 0) | N76: =IF(H75 * A_total > A_inv, 1, 0) | O76: =IF(H75 * Seed_total > seed_inv, 1, 0)
B77: =(1-I77)*F_primary+(1-J77)*E_inv+(1-K77)*D_inv+(1-L77)*C_inv+(1-M77)*B_inv+(1-N77)*A_inv+(1-O77)*seed_inv | C77: =MAX(0, B3 - B77) | D77: =F1_sh+F2_sh+F3_sh+RSA_sh+NA_sh+NB_sh+I77*F_class_shares+J77*E_total+K77*D_total+L77*C_total+M77*B_total+N77*A_total+O77*Seed_total | E77: =IF(D77>0, C77/D77, 0) | F77: =(C77 + preF_opts_iss*opt_strike)/(D77 + preF_opts_iss) | G77: =IF(F77>opt_strike,1,0) | H77: =IF(G77=1, F77, E77) | I77: =IF(H76 * F_class_shares > F_primary, 1, 0) | J77: =IF(H76 * E_total > E_inv, 1, 0) | K77: =IF(H76 * D_total > D_inv, 1, 0) | L77: =IF(H76 * C_total > C_inv, 1, 0) | M77: =IF(H76 * B_total > B_inv, 1, 0) | N77: =IF(H76 * A_total > A_inv, 1, 0) | O77: =IF(H76 * Seed_total > seed_inv, 1, 0)
B78: =(1-I78)*F_primary+(1-J78)*E_inv+(1-K78)*D_inv+(1-L78)*C_inv+(1-M78)*B_inv+(1-N78)*A_inv+(1-O78)*seed_inv | C78: =MAX(0, B3 - B78) | D78: =F1_sh+F2_sh+F3_sh+RSA_sh+NA_sh+NB_sh+I78*F_class_shares+J78*E_total+K78*D_total+L78*C_total+M78*B_total+N78*A_total+O78*Seed_total | E78: =IF(D78>0, C78/D78, 0) | F78: =(C78 + preF_opts_iss*opt_strike)/(D78 + preF_opts_iss) | G78: =IF(F78>opt_strike,1,0) | H78: =IF(G78=1, F78, E78) | I78: =IF(H77 * F_class_shares > F_primary, 1, 0) | J78: =IF(H77 * E_total > E_inv, 1, 0) | K78: =IF(H77 * D_total > D_inv, 1, 0) | L78: =IF(H77 * C_total > C_inv, 1, 0) | M78: =IF(H77 * B_total > B_inv, 1, 0) | N78: =IF(H77 * A_total > A_inv, 1, 0) | O78: =IF(H77 * Seed_total > seed_inv, 1, 0)
B79: =(1-I79)*F_primary+(1-J79)*E_inv+(1-K79)*D_inv+(1-L79)*C_inv+(1-M79)*B_inv+(1-N79)*A_inv+(1-O79)*seed_inv | C79: =MAX(0, B3 - B79) | D79: =F1_sh+F2_sh+F3_sh+RSA_sh+NA_sh+NB_sh+I79*F_class_shares+J79*E_total+K79*D_total+L79*C_total+M79*B_total+N79*A_total+O79*Seed_total | E79: =IF(D79>0, C79/D79, 0) | F79: =(C79 + preF_opts_iss*opt_strike)/(D79 + preF_opts_iss) | G79: =IF(F79>opt_strike,1,0) | H79: =IF(G79=1, F79, E79) | I79: =IF(H78 * F_class_shares > F_primary, 1, 0) | J79: =IF(H78 * E_total > E_inv, 1, 0) | K79: =IF(H78 * D_total > D_inv, 1, 0) | L79: =IF(H78 * C_total > C_inv, 1, 0) | M79: =IF(H78 * B_total > B_inv, 1, 0) | N79: =IF(H78 * A_total > A_inv, 1, 0) | O79: =IF(H78 * Seed_total > seed_inv, 1, 0)
B80: =(1-I80)*F_primary+(1-J80)*E_inv+(1-K80)*D_inv+(1-L80)*C_inv+(1-M80)*B_inv+(1-N80)*A_inv+(1-O80)*seed_inv | C80: =MAX(0, B3 - B80) | D80: =F1_sh+F2_sh+F3_sh+RSA_sh+NA_sh+NB_sh+I80*F_class_shares+J80*E_total+K80*D_total+L80*C_total+M80*B_total+N80*A_total+O80*Seed_total | E80: =IF(D80>0, C80/D80, 0) | F80: =(C80 + preF_opts_iss*opt_strike)/(D80 + preF_opts_iss) | G80: =IF(F80>opt_strike,1,0) | H80: =IF(G80=1, F80, E80) | I80: =IF(H79 * F_class_shares > F_primary, 1, 0) | J80: =IF(H79 * E_total > E_inv, 1, 0) | K80: =IF(H79 * D_total > D_inv, 1, 0) | L80: =IF(H79 * C_total > C_inv, 1, 0) | M80: =IF(H79 * B_total > B_inv, 1, 0) | N80: =IF(H79 * A_total > A_inv, 1, 0) | O80: =IF(H79 * Seed_total > seed_inv, 1, 0)
B81: =(1-I81)*F_primary+(1-J81)*E_inv+(1-K81)*D_inv+(1-L81)*C_inv+(1-M81)*B_inv+(1-N81)*A_inv+(1-O81)*seed_inv | C81: =MAX(0, B3 - B81) | D81: =F1_sh+F2_sh+F3_sh+RSA_sh+NA_sh+NB_sh+I81*F_class_shares+J81*E_total+K81*D_total+L81*C_total+M81*B_total+N81*A_total+O81*Seed_total | E81: =IF(D81>0, C81/D81, 0) | F81: =(C81 + preF_opts_iss*opt_strike)/(D81 + preF_opts_iss) | G81: =IF(F81>opt_strike,1,0) | H81: =IF(G81=1, F81, E81) | I81: =IF(H80 * F_class_shares > F_primary, 1, 0) | J81: =IF(H80 * E_total > E_inv, 1, 0) | K81: =IF(H80 * D_total > D_inv, 1, 0) | L81: =IF(H80 * C_total > C_inv, 1, 0) | M81: =IF(H80 * B_total > B_inv, 1, 0) | N81: =IF(H80 * A_total > A_inv, 1, 0) | O81: =IF(H80 * Seed_total > seed_inv, 1, 0)
B82: =(1-I82)*F_primary+(1-J82)*E_inv+(1-K82)*D_inv+(1-L82)*C_inv+(1-M82)*B_inv+(1-N82)*A_inv+(1-O82)*seed_inv | C82: =MAX(0, B3 - B82) | D82: =F1_sh+F2_sh+F3_sh+RSA_sh+NA_sh+NB_sh+I82*F_class_shares+J82*E_total+K82*D_total+L82*C_total+M82*B_total+N82*A_total+O82*Seed_total | E82: =IF(D82>0, C82/D82, 0) | F82: =(C82 + preF_opts_iss*opt_strike)/(D82 + preF_opts_iss) | G82: =IF(F82>opt_strike,1,0) | H82: =IF(G82=1, F82, E82) | I82: =IF(H81 * F_class_shares > F_primary, 1, 0) | J82: =IF(H81 * E_total > E_inv, 1, 0) | K82: =IF(H81 * D_total > D_inv, 1, 0) | L82: =IF(H81 * C_total > C_inv, 1, 0) | M82: =IF(H81 * B_total > B_inv, 1, 0) | N82: =IF(H81 * A_total > A_inv, 1, 0) | O82: =IF(H81 * Seed_total > seed_inv, 1, 0)
B83: =(1-I83)*F_primary+(1-J83)*E_inv+(1-K83)*D_inv+(1-L83)*C_inv+(1-M83)*B_inv+(1-N83)*A_inv+(1-O83)*seed_inv | C83: =MAX(0, B3 - B83) | D83: =F1_sh+F2_sh+F3_sh+RSA_sh+NA_sh+NB_sh+I83*F_class_shares+J83*E_total+K83*D_total+L83*C_total+M83*B_total+N83*A_total+O83*Seed_total | E83: =IF(D83>0, C83/D83, 0) | F83: =(C83 + preF_opts_iss*opt_strike)/(D83 + preF_opts_iss) | G83: =IF(F83>opt_strike,1,0) | H83: =IF(G83=1, F83, E83) | I83: =IF(H82 * F_class_shares > F_primary, 1, 0) | J83: =IF(H82 * E_total > E_inv, 1, 0) | K83: =IF(H82 * D_total > D_inv, 1, 0) | L83: =IF(H82 * C_total > C_inv, 1, 0) | M83: =IF(H82 * B_total > B_inv, 1, 0) | N83: =IF(H82 * A_total > A_inv, 1, 0) | O83: =IF(H82 * Seed_total > seed_inv, 1, 0)
B84: =(1-I84)*F_primary+(1-J84)*E_inv+(1-K84)*D_inv+(1-L84)*C_inv+(1-M84)*B_inv+(1-N84)*A_inv+(1-O84)*seed_inv | C84: =MAX(0, B3 - B84) | D84: =F1_sh+F2_sh+F3_sh+RSA_sh+NA_sh+NB_sh+I84*F_class_shares+J84*E_total+K84*D_total+L84*C_total+M84*B_total+N84*A_total+O84*Seed_total | E84: =IF(D84>0, C84/D84, 0) | F84: =(C84 + preF_opts_iss*opt_strike)/(D84 + preF_opts_iss) | G84: =IF(F84>opt_strike,1,0) | H84: =IF(G84=1, F84, E84) | I84: =IF(H83 * F_class_shares > F_primary, 1, 0) | J84: =IF(H83 * E_total > E_inv, 1, 0) | K84: =IF(H83 * D_total > D_inv, 1, 0) | L84: =IF(H83 * C_total > C_inv, 1, 0) | M84: =IF(H83 * B_total > B_inv, 1, 0) | N84: =IF(H83 * A_total > A_inv, 1, 0) | O84: =IF(H83 * Seed_total > seed_inv, 1, 0)
B85: =(1-I85)*F_primary+(1-J85)*E_inv+(1-K85)*D_inv+(1-L85)*C_inv+(1-M85)*B_inv+(1-N85)*A_inv+(1-O85)*seed_inv | C85: =MAX(0, B3 - B85) | D85: =F1_sh+F2_sh+F3_sh+RSA_sh+NA_sh+NB_sh+I85*F_class_shares+J85*E_total+K85*D_total+L85*C_total+M85*B_total+N85*A_total+O85*Seed_total | E85: =IF(D85>0, C85/D85, 0) | F85: =(C85 + preF_opts_iss*opt_strike)/(D85 + preF_opts_iss) | G85: =IF(F85>opt_strike,1,0) | H85: =IF(G85=1, F85, E85) | I85: =IF(H84 * F_class_shares > F_primary, 1, 0) | J85: =IF(H84 * E_total > E_inv, 1, 0) | K85: =IF(H84 * D_total > D_inv, 1, 0) | L85: =IF(H84 * C_total > C_inv, 1, 0) | M85: =IF(H84 * B_total > B_inv, 1, 0) | N85: =IF(H84 * A_total > A_inv, 1, 0) | O85: =IF(H84 * Seed_total > seed_inv, 1, 0)
A86: --- Iteration block for exit exit_v2 ---
A87: iter | B87: prefs_paid | C87: residual | D87: cv_shares | E87: PPS_naive | F87: PPS_w_opts | G87: ITM | H87: PPS | I87: ic_F | J87: ic_E | K87: ic_D | L87: ic_C | M87: ic_B | N87: ic_A | O87: ic_Seed
B88: =(1-I88)*F_primary+(1-J88)*E_inv+(1-K88)*D_inv+(1-L88)*C_inv+(1-M88)*B_inv+(1-N88)*A_inv+(1-O88)*seed_inv | C88: =MAX(0, C3 - B88) | D88: =F1_sh+F2_sh+F3_sh+RSA_sh+NA_sh+NB_sh+I88*F_class_shares+J88*E_total+K88*D_total+L88*C_total+M88*B_total+N88*A_total+O88*Seed_total | E88: =IF(D88>0, C88/D88, 0) | F88: =(C88 + preF_opts_iss*opt_strike)/(D88 + preF_opts_iss) | G88: =IF(F88>opt_strike,1,0) | H88: =IF(G88=1, F88, E88) | I88: =IF(0 * F_class_shares > F_primary, 1, 0) | J88: =IF(0 * E_total > E_inv, 1, 0) | K88: =IF(0 * D_total > D_inv, 1, 0) | L88: =IF(0 * C_total > C_inv, 1, 0) | M88: =IF(0 * B_total > B_inv, 1, 0) | N88: =IF(0 * A_total > A_inv, 1, 0) | O88: =IF(0 * Seed_total > seed_inv, 1, 0)
B89: =(1-I89)*F_primary+(1-J89)*E_inv+(1-K89)*D_inv+(1-L89)*C_inv+(1-M89)*B_inv+(1-N89)*A_inv+(1-O89)*seed_inv | C89: =MAX(0, C3 - B89) | D89: =F1_sh+F2_sh+F3_sh+RSA_sh+NA_sh+NB_sh+I89*F_class_shares+J89*E_total+K89*D_total+L89*C_total+M89*B_total+N89*A_total+O89*Seed_total | E89: =IF(D89>0, C89/D89, 0) | F89: =(C89 + preF_opts_iss*opt_strike)/(D89 + preF_opts_iss) | G89: =IF(F89>opt_strike,1,0) | H89: =IF(G89=1, F89, E89) | I89: =IF(H88 * F_class_shares > F_primary, 1, 0) | J89: =IF(H88 * E_total > E_inv, 1, 0) | K89: =IF(H88 * D_total > D_inv, 1, 0) | L89: =IF(H88 * C_total > C_inv, 1, 0) | M89: =IF(H88 * B_total > B_inv, 1, 0) | N89: =IF(H88 * A_total > A_inv, 1, 0) | O89: =IF(H88 * Seed_total > seed_inv, 1, 0)
B90: =(1-I90)*F_primary+(1-J90)*E_inv+(1-K90)*D_inv+(1-L90)*C_inv+(1-M90)*B_inv+(1-N90)*A_inv+(1-O90)*seed_inv | C90: =MAX(0, C3 - B90) | D90: =F1_sh+F2_sh+F3_sh+RSA_sh+NA_sh+NB_sh+I90*F_class_shares+J90*E_total+K90*D_total+L90*C_total+M90*B_total+N90*A_total+O90*Seed_total | E90: =IF(D90>0, C90/D90, 0) | F90: =(C90 + preF_opts_iss*opt_strike)/(D90 + preF_opts_iss) | G90: =IF(F90>opt_strike,1,0) | H90: =IF(G90=1, F90, E90) | I90: =IF(H89 * F_class_shares > F_primary, 1, 0) | J90: =IF(H89 * E_total > E_inv, 1, 0) | K90: =IF(H89 * D_total > D_inv, 1, 0) | L90: =IF(H89 * C_total > C_inv, 1, 0) | M90: =IF(H89 * B_total > B_inv, 1, 0) | N90: =IF(H89 * A_total > A_inv, 1, 0) | O90: =IF(H89 * Seed_total > seed_inv, 1, 0)
B91: =(1-I91)*F_primary+(1-J91)*E_inv+(1-K91)*D_inv+(1-L91)*C_inv+(1-M91)*B_inv+(1-N91)*A_inv+(1-O91)*seed_inv | C91: =MAX(0, C3 - B91) | D91: =F1_sh+F2_sh+F3_sh+RSA_sh+NA_sh+NB_sh+I91*F_class_shares+J91*E_total+K91*D_total+L91*C_total+M91*B_total+N91*A_total+O91*Seed_total | E91: =IF(D91>0, C91/D91, 0) | F91: =(C91 + preF_opts_iss*opt_strike)/(D91 + preF_opts_iss) | G91: =IF(F91>opt_strike,1,0) | H91: =IF(G91=1, F91, E91) | I91: =IF(H90 * F_class_shares > F_primary, 1, 0) | J91: =IF(H90 * E_total > E_inv, 1, 0) | K91: =IF(H90 * D_total > D_inv, 1, 0) | L91: =IF(H90 * C_total > C_inv, 1, 0) | M91: =IF(H90 * B_total > B_inv, 1, 0) | N91: =IF(H90 * A_total > A_inv, 1, 0) | O91: =IF(H90 * Seed_total > seed_inv, 1, 0)
B92: =(1-I92)*F_primary+(1-J92)*E_inv+(1-K92)*D_inv+(1-L92)*C_inv+(1-M92)*B_inv+(1-N92)*A_inv+(1-O92)*seed_inv | C92: =MAX(0, C3 - B92) | D92: =F1_sh+F2_sh+F3_sh+RSA_sh+NA_sh+NB_sh+I92*F_class_shares+J92*E_total+K92*D_total+L92*C_total+M92*B_total+N92*A_total+O92*Seed_total | E92: =IF(D92>0, C92/D92, 0) | F92: =(C92 + preF_opts_iss*opt_strike)/(D92 + preF_opts_iss) | G92: =IF(F92>opt_strike,1,0) | H92: =IF(G92=1, F92, E92) | I92: =IF(H91 * F_class_shares > F_primary, 1, 0) | J92: =IF(H91 * E_total > E_inv, 1, 0) | K92: =IF(H91 * D_total > D_inv, 1, 0) | L92: =IF(H91 * C_total > C_inv, 1, 0) | M92: =IF(H91 * B_total > B_inv, 1, 0) | N92: =IF(H91 * A_total > A_inv, 1, 0) | O92: =IF(H91 * Seed_total > seed_inv, 1, 0)
B93: =(1-I93)*F_primary+(1-J93)*E_inv+(1-K93)*D_inv+(1-L93)*C_inv+(1-M93)*B_inv+(1-N93)*A_inv+(1-O93)*seed_inv | C93: =MAX(0, C3 - B93) | D93: =F1_sh+F2_sh+F3_sh+RSA_sh+NA_sh+NB_sh+I93*F_class_shares+J93*E_total+K93*D_total+L93*C_total+M93*B_total+N93*A_total+O93*Seed_total | E93: =IF(D93>0, C93/D93, 0) | F93: =(C93 + preF_opts_iss*opt_strike)/(D93 + preF_opts_iss) | G93: =IF(F93>opt_strike,1,0) | H93: =IF(G93=1, F93, E93) | I93: =IF(H92 * F_class_shares > F_primary, 1, 0) | J93: =IF(H92 * E_total > E_inv, 1, 0) | K93: =IF(H92 * D_total > D_inv, 1, 0) | L93: =IF(H92 * C_total > C_inv, 1, 0) | M93: =IF(H92 * B_total > B_inv, 1, 0) | N93: =IF(H92 * A_total > A_inv, 1, 0) | O93: =IF(H92 * Seed_total > seed_inv, 1, 0)
B94: =(1-I94)*F_primary+(1-J94)*E_inv+(1-K94)*D_inv+(1-L94)*C_inv+(1-M94)*B_inv+(1-N94)*A_inv+(1-O94)*seed_inv | C94: =MAX(0, C3 - B94) | D94: =F1_sh+F2_sh+F3_sh+RSA_sh+NA_sh+NB_sh+I94*F_class_shares+J94*E_total+K94*D_total+L94*C_total+M94*B_total+N94*A_total+O94*Seed_total | E94: =IF(D94>0, C94/D94, 0) | F94: =(C94 + preF_opts_iss*opt_strike)/(D94 + preF_opts_iss) | G94: =IF(F94>opt_strike,1,0) | H94: =IF(G94=1, F94, E94) | I94: =IF(H93 * F_class_shares > F_primary, 1, 0) | J94: =IF(H93 * E_total > E_inv, 1, 0) | K94: =IF(H93 * D_total > D_inv, 1, 0) | L94: =IF(H93 * C_total > C_inv, 1, 0) | M94: =IF(H93 * B_total > B_inv, 1, 0) | N94: =IF(H93 * A_total > A_inv, 1, 0) | O94: =IF(H93 * Seed_total > seed_inv, 1, 0)
B95: =(1-I95)*F_primary+(1-J95)*E_inv+(1-K95)*D_inv+(1-L95)*C_inv+(1-M95)*B_inv+(1-N95)*A_inv+(1-O95)*seed_inv | C95: =MAX(0, C3 - B95) | D95: =F1_sh+F2_sh+F3_sh+RSA_sh+NA_sh+NB_sh+I95*F_class_shares+J95*E_total+K95*D_total+L95*C_total+M95*B_total+N95*A_total+O95*Seed_total | E95: =IF(D95>0, C95/D95, 0) | F95: =(C95 + preF_opts_iss*opt_strike)/(D95 + preF_opts_iss) | G95: =IF(F95>opt_strike,1,0) | H95: =IF(G95=1, F95, E95) | I95: =IF(H94 * F_class_shares > F_primary, 1, 0) | J95: =IF(H94 * E_total > E_inv, 1, 0) | K95: =IF(H94 * D_total > D_inv, 1, 0) | L95: =IF(H94 * C_total > C_inv, 1, 0) | M95: =IF(H94 * B_total > B_inv, 1, 0) | N95: =IF(H94 * A_total > A_inv, 1, 0) | O95: =IF(H94 * Seed_total > seed_inv, 1, 0)
B96: =(1-I96)*F_primary+(1-J96)*E_inv+(1-K96)*D_inv+(1-L96)*C_inv+(1-M96)*B_inv+(1-N96)*A_inv+(1-O96)*seed_inv | C96: =MAX(0, C3 - B96) | D96: =F1_sh+F2_sh+F3_sh+RSA_sh+NA_sh+NB_sh+I96*F_class_shares+J96*E_total+K96*D_total+L96*C_total+M96*B_total+N96*A_total+O96*Seed_total | E96: =IF(D96>0, C96/D96, 0) | F96: =(C96 + preF_opts_iss*opt_strike)/(D96 + preF_opts_iss) | G96: =IF(F96>opt_strike,1,0) | H96: =IF(G96=1, F96, E96) | I96: =IF(H95 * F_class_shares > F_primary, 1, 0) | J96: =IF(H95 * E_total > E_inv, 1, 0) | K96: =IF(H95 * D_total > D_inv, 1, 0) | L96: =IF(H95 * C_total > C_inv, 1, 0) | M96: =IF(H95 * B_total > B_inv, 1, 0) | N96: =IF(H95 * A_total > A_inv, 1, 0) | O96: =IF(H95 * Seed_total > seed_inv, 1, 0)
B97: =(1-I97)*F_primary+(1-J97)*E_inv+(1-K97)*D_inv+(1-L97)*C_inv+(1-M97)*B_inv+(1-N97)*A_inv+(1-O97)*seed_inv | C97: =MAX(0, C3 - B97) | D97: =F1_sh+F2_sh+F3_sh+RSA_sh+NA_sh+NB_sh+I97*F_class_shares+J97*E_total+K97*D_total+L97*C_total+M97*B_total+N97*A_total+O97*Seed_total | E97: =IF(D97>0, C97/D97, 0) | F97: =(C97 + preF_opts_iss*opt_strike)/(D97 + preF_opts_iss) | G97: =IF(F97>opt_strike,1,0) | H97: =IF(G97=1, F97, E97) | I97: =IF(H96 * F_class_shares > F_primary, 1, 0) | J97: =IF(H96 * E_total > E_inv, 1, 0) | K97: =IF(H96 * D_total > D_inv, 1, 0) | L97: =IF(H96 * C_total > C_inv, 1, 0) | M97: =IF(H96 * B_total > B_inv, 1, 0) | N97: =IF(H96 * A_total > A_inv, 1, 0) | O97: =IF(H96 * Seed_total > seed_inv, 1, 0)
B98: =(1-I98)*F_primary+(1-J98)*E_inv+(1-K98)*D_inv+(1-L98)*C_inv+(1-M98)*B_inv+(1-N98)*A_inv+(1-O98)*seed_inv | C98: =MAX(0, C3 - B98) | D98: =F1_sh+F2_sh+F3_sh+RSA_sh+NA_sh+NB_sh+I98*F_class_shares+J98*E_total+K98*D_total+L98*C_total+M98*B_total+N98*A_total+O98*Seed_total | E98: =IF(D98>0, C98/D98, 0) | F98: =(C98 + preF_opts_iss*opt_strike)/(D98 + preF_opts_iss) | G98: =IF(F98>opt_strike,1,0) | H98: =IF(G98=1, F98, E98) | I98: =IF(H97 * F_class_shares > F_primary, 1, 0) | J98: =IF(H97 * E_total > E_inv, 1, 0) | K98: =IF(H97 * D_total > D_inv, 1, 0) | L98: =IF(H97 * C_total > C_inv, 1, 0) | M98: =IF(H97 * B_total > B_inv, 1, 0) | N98: =IF(H97 * A_total > A_inv, 1, 0) | O98: =IF(H97 * Seed_total > seed_inv, 1, 0)
B99: =(1-I99)*F_primary+(1-J99)*E_inv+(1-K99)*D_inv+(1-L99)*C_inv+(1-M99)*B_inv+(1-N99)*A_inv+(1-O99)*seed_inv | C99: =MAX(0, C3 - B99) | D99: =F1_sh+F2_sh+F3_sh+RSA_sh+NA_sh+NB_sh+I99*F_class_shares+J99*E_total+K99*D_total+L99*C_total+M99*B_total+N99*A_total+O99*Seed_total | E99: =IF(D99>0, C99/D99, 0) | F99: =(C99 + preF_opts_iss*opt_strike)/(D99 + preF_opts_iss) | G99: =IF(F99>opt_strike,1,0) | H99: =IF(G99=1, F99, E99) | I99: =IF(H98 * F_class_shares > F_primary, 1, 0) | J99: =IF(H98 * E_total > E_inv, 1, 0) | K99: =IF(H98 * D_total > D_inv, 1, 0) | L99: =IF(H98 * C_total > C_inv, 1, 0) | M99: =IF(H98 * B_total > B_inv, 1, 0) | N99: =IF(H98 * A_total > A_inv, 1, 0) | O99: =IF(H98 * Seed_total > seed_inv, 1, 0)
B100: =(1-I100)*F_primary+(1-J100)*E_inv+(1-K100)*D_inv+(1-L100)*C_inv+(1-M100)*B_inv+(1-N100)*A_inv+(1-O100)*seed_inv | C100: =MAX(0, C3 - B100) | D100: =F1_sh+F2_sh+F3_sh+RSA_sh+NA_sh+NB_sh+I100*F_class_shares+J100*E_total+K100*D_total+L100*C_total+M100*B_total+N100*A_total+O100*Seed_total | E100: =IF(D100>0, C100/D100, 0) | F100: =(C100 + preF_opts_iss*opt_strike)/(D100 + preF_opts_iss) | G100: =IF(F100>opt_strike,1,0) | H100: =IF(G100=1, F100, E100) | I100: =IF(H99 * F_class_shares > F_primary, 1, 0) | J100: =IF(H99 * E_total > E_inv, 1, 0) | K100: =IF(H99 * D_total > D_inv, 1, 0) | L100: =IF(H99 * C_total > C_inv, 1, 0) | M100: =IF(H99 * B_total > B_inv, 1, 0) | N100: =IF(H99 * A_total > A_inv, 1, 0) | O100: =IF(H99 * Seed_total > seed_inv, 1, 0)
B101: =(1-I101)*F_primary+(1-J101)*E_inv+(1-K101)*D_inv+(1-L101)*C_inv+(1-M101)*B_inv+(1-N101)*A_inv+(1-O101)*seed_inv | C101: =MAX(0, C3 - B101) | D101: =F1_sh+F2_sh+F3_sh+RSA_sh+NA_sh+NB_sh+I101*F_class_shares+J101*E_total+K101*D_total+L101*C_total+M101*B_total+N101*A_total+O101*Seed_total | E101: =IF(D101>0, C101/D101, 0) | F101: =(C101 + preF_opts_iss*opt_strike)/(D101 + preF_opts_iss) | G101: =IF(F101>opt_strike,1,0) | H101: =IF(G101=1, F101, E101) | I101: =IF(H100 * F_class_shares > F_primary, 1, 0) | J101: =IF(H100 * E_total > E_inv, 1, 0) | K101: =IF(H100 * D_total > D_inv, 1, 0) | L101: =IF(H100 * C_total > C_inv, 1, 0) | M101: =IF(H100 * B_total > B_inv, 1, 0) | N101: =IF(H100 * A_total > A_inv, 1, 0) | O101: =IF(H100 * Seed_total > seed_inv, 1, 0)
B102: =(1-I102)*F_primary+(1-J102)*E_inv+(1-K102)*D_inv+(1-L102)*C_inv+(1-M102)*B_inv+(1-N102)*A_inv+(1-O102)*seed_inv | C102: =MAX(0, C3 - B102) | D102: =F1_sh+F2_sh+F3_sh+RSA_sh+NA_sh+NB_sh+I102*F_class_shares+J102*E_total+K102*D_total+L102*C_total+M102*B_total+N102*A_total+O102*Seed_total | E102: =IF(D102>0, C102/D102, 0) | F102: =(C102 + preF_opts_iss*opt_strike)/(D102 + preF_opts_iss) | G102: =IF(F102>opt_strike,1,0) | H102: =IF(G102=1, F102, E102) | I102: =IF(H101 * F_class_shares > F_primary, 1, 0) | J102: =IF(H101 * E_total > E_inv, 1, 0) | K102: =IF(H101 * D_total > D_inv, 1, 0) | L102: =IF(H101 * C_total > C_inv, 1, 0) | M102: =IF(H101 * B_total > B_inv, 1, 0) | N102: =IF(H101 * A_total > A_inv, 1, 0) | O102: =IF(H101 * Seed_total > seed_inv, 1, 0)
B103: =(1-I103)*F_primary+(1-J103)*E_inv+(1-K103)*D_inv+(1-L103)*C_inv+(1-M103)*B_inv+(1-N103)*A_inv+(1-O103)*seed_inv | C103: =MAX(0, C3 - B103) | D103: =F1_sh+F2_sh+F3_sh+RSA_sh+NA_sh+NB_sh+I103*F_class_shares+J103*E_total+K103*D_total+L103*C_total+M103*B_total+N103*A_total+O103*Seed_total | E103: =IF(D103>0, C103/D103, 0) | F103: =(C103 + preF_opts_iss*opt_strike)/(D103 + preF_opts_iss) | G103: =IF(F103>opt_strike,1,0) | H103: =IF(G103=1, F103, E103) | I103: =IF(H102 * F_class_shares > F_primary, 1, 0) | J103: =IF(H102 * E_total > E_inv, 1, 0) | K103: =IF(H102 * D_total > D_inv, 1, 0) | L103: =IF(H102 * C_total > C_inv, 1, 0) | M103: =IF(H102 * B_total > B_inv, 1, 0) | N103: =IF(H102 * A_total > A_inv, 1, 0) | O103: =IF(H102 * Seed_total > seed_inv, 1, 0)
B104: =(1-I104)*F_primary+(1-J104)*E_inv+(1-K104)*D_inv+(1-L104)*C_inv+(1-M104)*B_inv+(1-N104)*A_inv+(1-O104)*seed_inv | C104: =MAX(0, C3 - B104) | D104: =F1_sh+F2_sh+F3_sh+RSA_sh+NA_sh+NB_sh+I104*F_class_shares+J104*E_total+K104*D_total+L104*C_total+M104*B_total+N104*A_total+O104*Seed_total | E104: =IF(D104>0, C104/D104, 0) | F104: =(C104 + preF_opts_iss*opt_strike)/(D104 + preF_opts_iss) | G104: =IF(F104>opt_strike,1,0) | H104: =IF(G104=1, F104, E104) | I104: =IF(H103 * F_class_shares > F_primary, 1, 0) | J104: =IF(H103 * E_total > E_inv, 1, 0) | K104: =IF(H103 * D_total > D_inv, 1, 0) | L104: =IF(H103 * C_total > C_inv, 1, 0) | M104: =IF(H103 * B_total > B_inv, 1, 0) | N104: =IF(H103 * A_total > A_inv, 1, 0) | O104: =IF(H103 * Seed_total > seed_inv, 1, 0)
B105: =(1-I105)*F_primary+(1-J105)*E_inv+(1-K105)*D_inv+(1-L105)*C_inv+(1-M105)*B_inv+(1-N105)*A_inv+(1-O105)*seed_inv | C105: =MAX(0, C3 - B105) | D105: =F1_sh+F2_sh+F3_sh+RSA_sh+NA_sh+NB_sh+I105*F_class_shares+J105*E_total+K105*D_total+L105*C_total+M105*B_total+N105*A_total+O105*Seed_total | E105: =IF(D105>0, C105/D105, 0) | F105: =(C105 + preF_opts_iss*opt_strike)/(D105 + preF_opts_iss) | G105: =IF(F105>opt_strike,1,0) | H105: =IF(G105=1, F105, E105) | I105: =IF(H104 * F_class_shares > F_primary, 1, 0) | J105: =IF(H104 * E_total > E_inv, 1, 0) | K105: =IF(H104 * D_total > D_inv, 1, 0) | L105: =IF(H104 * C_total > C_inv, 1, 0) | M105: =IF(H104 * B_total > B_inv, 1, 0) | N105: =IF(H104 * A_total > A_inv, 1, 0) | O105: =IF(H104 * Seed_total > seed_inv, 1, 0)
B106: =(1-I106)*F_primary+(1-J106)*E_inv+(1-K106)*D_inv+(1-L106)*C_inv+(1-M106)*B_inv+(1-N106)*A_inv+(1-O106)*seed_inv | C106: =MAX(0, C3 - B106) | D106: =F1_sh+F2_sh+F3_sh+RSA_sh+NA_sh+NB_sh+I106*F_class_shares+J106*E_total+K106*D_total+L106*C_total+M106*B_total+N106*A_total+O106*Seed_total | E106: =IF(D106>0, C106/D106, 0) | F106: =(C106 + preF_opts_iss*opt_strike)/(D106 + preF_opts_iss) | G106: =IF(F106>opt_strike,1,0) | H106: =IF(G106=1, F106, E106) | I106: =IF(H105 * F_class_shares > F_primary, 1, 0) | J106: =IF(H105 * E_total > E_inv, 1, 0) | K106: =IF(H105 * D_total > D_inv, 1, 0) | L106: =IF(H105 * C_total > C_inv, 1, 0) | M106: =IF(H105 * B_total > B_inv, 1, 0) | N106: =IF(H105 * A_total > A_inv, 1, 0) | O106: =IF(H105 * Seed_total > seed_inv, 1, 0)
B107: =(1-I107)*F_primary+(1-J107)*E_inv+(1-K107)*D_inv+(1-L107)*C_inv+(1-M107)*B_inv+(1-N107)*A_inv+(1-O107)*seed_inv | C107: =MAX(0, C3 - B107) | D107: =F1_sh+F2_sh+F3_sh+RSA_sh+NA_sh+NB_sh+I107*F_class_shares+J107*E_total+K107*D_total+L107*C_total+M107*B_total+N107*A_total+O107*Seed_total | E107: =IF(D107>0, C107/D107, 0) | F107: =(C107 + preF_opts_iss*opt_strike)/(D107 + preF_opts_iss) | G107: =IF(F107>opt_strike,1,0) | H107: =IF(G107=1, F107, E107) | I107: =IF(H106 * F_class_shares > F_primary, 1, 0) | J107: =IF(H106 * E_total > E_inv, 1, 0) | K107: =IF(H106 * D_total > D_inv, 1, 0) | L107: =IF(H106 * C_total > C_inv, 1, 0) | M107: =IF(H106 * B_total > B_inv, 1, 0) | N107: =IF(H106 * A_total > A_inv, 1, 0) | O107: =IF(H106 * Seed_total > seed_inv, 1, 0)
B108: =(1-I108)*F_primary+(1-J108)*E_inv+(1-K108)*D_inv+(1-L108)*C_inv+(1-M108)*B_inv+(1-N108)*A_inv+(1-O108)*seed_inv | C108: =MAX(0, C3 - B108) | D108: =F1_sh+F2_sh+F3_sh+RSA_sh+NA_sh+NB_sh+I108*F_class_shares+J108*E_total+K108*D_total+L108*C_total+M108*B_total+N108*A_total+O108*Seed_total | E108: =IF(D108>0, C108/D108, 0) | F108: =(C108 + preF_opts_iss*opt_strike)/(D108 + preF_opts_iss) | G108: =IF(F108>opt_strike,1,0) | H108: =IF(G108=1, F108, E108) | I108: =IF(H107 * F_class_shares > F_primary, 1, 0) | J108: =IF(H107 * E_total > E_inv, 1, 0) | K108: =IF(H107 * D_total > D_inv, 1, 0) | L108: =IF(H107 * C_total > C_inv, 1, 0) | M108: =IF(H107 * B_total > B_inv, 1, 0) | N108: =IF(H107 * A_total > A_inv, 1, 0) | O108: =IF(H107 * Seed_total > seed_inv, 1, 0)
B109: =(1-I109)*F_primary+(1-J109)*E_inv+(1-K109)*D_inv+(1-L109)*C_inv+(1-M109)*B_inv+(1-N109)*A_inv+(1-O109)*seed_inv | C109: =MAX(0, C3 - B109) | D109: =F1_sh+F2_sh+F3_sh+RSA_sh+NA_sh+NB_sh+I109*F_class_shares+J109*E_total+K109*D_total+L109*C_total+M109*B_total+N109*A_total+O109*Seed_total | E109: =IF(D109>0, C109/D109, 0) | F109: =(C109 + preF_opts_iss*opt_strike)/(D109 + preF_opts_iss) | G109: =IF(F109>opt_strike,1,0) | H109: =IF(G109=1, F109, E109) | I109: =IF(H108 * F_class_shares > F_primary, 1, 0) | J109: =IF(H108 * E_total > E_inv, 1, 0) | K109: =IF(H108 * D_total > D_inv, 1, 0) | L109: =IF(H108 * C_total > C_inv, 1, 0) | M109: =IF(H108 * B_total > B_inv, 1, 0) | N109: =IF(H108 * A_total > A_inv, 1, 0) | O109: =IF(H108 * Seed_total > seed_inv, 1, 0)
B110: =(1-I110)*F_primary+(1-J110)*E_inv+(1-K110)*D_inv+(1-L110)*C_inv+(1-M110)*B_inv+(1-N110)*A_inv+(1-O110)*seed_inv | C110: =MAX(0, C3 - B110) | D110: =F1_sh+F2_sh+F3_sh+RSA_sh+NA_sh+NB_sh+I110*F_class_shares+J110*E_total+K110*D_total+L110*C_total+M110*B_total+N110*A_total+O110*Seed_total | E110: =IF(D110>0, C110/D110, 0) | F110: =(C110 + preF_opts_iss*opt_strike)/(D110 + preF_opts_iss) | G110: =IF(F110>opt_strike,1,0) | H110: =IF(G110=1, F110, E110) | I110: =IF(H109 * F_class_shares > F_primary, 1, 0) | J110: =IF(H109 * E_total > E_inv, 1, 0) | K110: =IF(H109 * D_total > D_inv, 1, 0) | L110: =IF(H109 * C_total > C_inv, 1, 0) | M110: =IF(H109 * B_total > B_inv, 1, 0) | N110: =IF(H109 * A_total > A_inv, 1, 0) | O110: =IF(H109 * Seed_total > seed_inv, 1, 0)
B111: =(1-I111)*F_primary+(1-J111)*E_inv+(1-K111)*D_inv+(1-L111)*C_inv+(1-M111)*B_inv+(1-N111)*A_inv+(1-O111)*seed_inv | C111: =MAX(0, C3 - B111) | D111: =F1_sh+F2_sh+F3_sh+RSA_sh+NA_sh+NB_sh+I111*F_class_shares+J111*E_total+K111*D_total+L111*C_total+M111*B_total+N111*A_total+O111*Seed_total | E111: =IF(D111>0, C111/D111, 0) | F111: =(C111 + preF_opts_iss*opt_strike)/(D111 + preF_opts_iss) | G111: =IF(F111>opt_strike,1,0) | H111: =IF(G111=1, F111, E111) | I111: =IF(H110 * F_class_shares > F_primary, 1, 0) | J111: =IF(H110 * E_total > E_inv, 1, 0) | K111: =IF(H110 * D_total > D_inv, 1, 0) | L111: =IF(H110 * C_total > C_inv, 1, 0) | M111: =IF(H110 * B_total > B_inv, 1, 0) | N111: =IF(H110 * A_total > A_inv, 1, 0) | O111: =IF(H110 * Seed_total > seed_inv, 1, 0)
B112: =(1-I112)*F_primary+(1-J112)*E_inv+(1-K112)*D_inv+(1-L112)*C_inv+(1-M112)*B_inv+(1-N112)*A_inv+(1-O112)*seed_inv | C112: =MAX(0, C3 - B112) | D112: =F1_sh+F2_sh+F3_sh+RSA_sh+NA_sh+NB_sh+I112*F_class_shares+J112*E_total+K112*D_total+L112*C_total+M112*B_total+N112*A_total+O112*Seed_total | E112: =IF(D112>0, C112/D112, 0) | F112: =(C112 + preF_opts_iss*opt_strike)/(D112 + preF_opts_iss) | G112: =IF(F112>opt_strike,1,0) | H112: =IF(G112=1, F112, E112) | I112: =IF(H111 * F_class_shares > F_primary, 1, 0) | J112: =IF(H111 * E_total > E_inv, 1, 0) | K112: =IF(H111 * D_total > D_inv, 1, 0) | L112: =IF(H111 * C_total > C_inv, 1, 0) | M112: =IF(H111 * B_total > B_inv, 1, 0) | N112: =IF(H111 * A_total > A_inv, 1, 0) | O112: =IF(H111 * Seed_total > seed_inv, 1, 0)
B113: =(1-I113)*F_primary+(1-J113)*E_inv+(1-K113)*D_inv+(1-L113)*C_inv+(1-M113)*B_inv+(1-N113)*A_inv+(1-O113)*seed_inv | C113: =MAX(0, C3 - B113) | D113: =F1_sh+F2_sh+F3_sh+RSA_sh+NA_sh+NB_sh+I113*F_class_shares+J113*E_total+K113*D_total+L113*C_total+M113*B_total+N113*A_total+O113*Seed_total | E113: =IF(D113>0, C113/D113, 0) | F113: =(C113 + preF_opts_iss*opt_strike)/(D113 + preF_opts_iss) | G113: =IF(F113>opt_strike,1,0) | H113: =IF(G113=1, F113, E113) | I113: =IF(H112 * F_class_shares > F_primary, 1, 0) | J113: =IF(H112 * E_total > E_inv, 1, 0) | K113: =IF(H112 * D_total > D_inv, 1, 0) | L113: =IF(H112 * C_total > C_inv, 1, 0) | M113: =IF(H112 * B_total > B_inv, 1, 0) | N113: =IF(H112 * A_total > A_inv, 1, 0) | O113: =IF(H112 * Seed_total > seed_inv, 1, 0)
B114: =(1-I114)*F_primary+(1-J114)*E_inv+(1-K114)*D_inv+(1-L114)*C_inv+(1-M114)*B_inv+(1-N114)*A_inv+(1-O114)*seed_inv | C114: =MAX(0, C3 - B114) | D114: =F1_sh+F2_sh+F3_sh+RSA_sh+NA_sh+NB_sh+I114*F_class_shares+J114*E_total+K114*D_total+L114*C_total+M114*B_total+N114*A_total+O114*Seed_total | E114: =IF(D114>0, C114/D114, 0) | F114: =(C114 + preF_opts_iss*opt_strike)/(D114 + preF_opts_iss) | G114: =IF(F114>opt_strike,1,0) | H114: =IF(G114=1, F114, E114) | I114: =IF(H113 * F_class_shares > F_primary, 1, 0) | J114: =IF(H113 * E_total > E_inv, 1, 0) | K114: =IF(H113 * D_total > D_inv, 1, 0) | L114: =IF(H113 * C_total > C_inv, 1, 0) | M114: =IF(H113 * B_total > B_inv, 1, 0) | N114: =IF(H113 * A_total > A_inv, 1, 0) | O114: =IF(H113 * Seed_total > seed_inv, 1, 0)
B115: =(1-I115)*F_primary+(1-J115)*E_inv+(1-K115)*D_inv+(1-L115)*C_inv+(1-M115)*B_inv+(1-N115)*A_inv+(1-O115)*seed_inv | C115: =MAX(0, C3 - B115) | D115: =F1_sh+F2_sh+F3_sh+RSA_sh+NA_sh+NB_sh+I115*F_class_shares+J115*E_total+K115*D_total+L115*C_total+M115*B_total+N115*A_total+O115*Seed_total | E115: =IF(D115>0, C115/D115, 0) | F115: =(C115 + preF_opts_iss*opt_strike)/(D115 + preF_opts_iss) | G115: =IF(F115>opt_strike,1,0) | H115: =IF(G115=1, F115, E115) | I115: =IF(H114 * F_class_shares > F_primary, 1, 0) | J115: =IF(H114 * E_total > E_inv, 1, 0) | K115: =IF(H114 * D_total > D_inv, 1, 0) | L115: =IF(H114 * C_total > C_inv, 1, 0) | M115: =IF(H114 * B_total > B_inv, 1, 0) | N115: =IF(H114 * A_total > A_inv, 1, 0) | O115: =IF(H114 * Seed_total > seed_inv, 1, 0)
B116: =(1-I116)*F_primary+(1-J116)*E_inv+(1-K116)*D_inv+(1-L116)*C_inv+(1-M116)*B_inv+(1-N116)*A_inv+(1-O116)*seed_inv | C116: =MAX(0, C3 - B116) | D116: =F1_sh+F2_sh+F3_sh+RSA_sh+NA_sh+NB_sh+I116*F_class_shares+J116*E_total+K116*D_total+L116*C_total+M116*B_total+N116*A_total+O116*Seed_total | E116: =IF(D116>0, C116/D116, 0) | F116: =(C116 + preF_opts_iss*opt_strike)/(D116 + preF_opts_iss) | G116: =IF(F116>opt_strike,1,0) | H116: =IF(G116=1, F116, E116) | I116: =IF(H115 * F_class_shares > F_primary, 1, 0) | J116: =IF(H115 * E_total > E_inv, 1, 0) | K116: =IF(H115 * D_total > D_inv, 1, 0) | L116: =IF(H115 * C_total > C_inv, 1, 0) | M116: =IF(H115 * B_total > B_inv, 1, 0) | N116: =IF(H115 * A_total > A_inv, 1, 0) | O116: =IF(H115 * Seed_total > seed_inv, 1, 0)
B117: =(1-I117)*F_primary+(1-J117)*E_inv+(1-K117)*D_inv+(1-L117)*C_inv+(1-M117)*B_inv+(1-N117)*A_inv+(1-O117)*seed_inv | C117: =MAX(0, C3 - B117) | D117: =F1_sh+F2_sh+F3_sh+RSA_sh+NA_sh+NB_sh+I117*F_class_shares+J117*E_total+K117*D_total+L117*C_total+M117*B_total+N117*A_total+O117*Seed_total | E117: =IF(D117>0, C117/D117, 0) | F117: =(C117 + preF_opts_iss*opt_strike)/(D117 + preF_opts_iss) | G117: =IF(F117>opt_strike,1,0) | H117: =IF(G117=1, F117, E117) | I117: =IF(H116 * F_class_shares > F_primary, 1, 0) | J117: =IF(H116 * E_total > E_inv, 1, 0) | K117: =IF(H116 * D_total > D_inv, 1, 0) | L117: =IF(H116 * C_total > C_inv, 1, 0) | M117: =IF(H116 * B_total > B_inv, 1, 0) | N117: =IF(H116 * A_total > A_inv, 1, 0) | O117: =IF(H116 * Seed_total > seed_inv, 1, 0)
B118: =(1-I118)*F_primary+(1-J118)*E_inv+(1-K118)*D_inv+(1-L118)*C_inv+(1-M118)*B_inv+(1-N118)*A_inv+(1-O118)*seed_inv | C118: =MAX(0, C3 - B118) | D118: =F1_sh+F2_sh+F3_sh+RSA_sh+NA_sh+NB_sh+I118*F_class_shares+J118*E_total+K118*D_total+L118*C_total+M118*B_total+N118*A_total+O118*Seed_total | E118: =IF(D118>0, C118/D118, 0) | F118: =(C118 + preF_opts_iss*opt_strike)/(D118 + preF_opts_iss) | G118: =IF(F118>opt_strike,1,0) | H118: =IF(G118=1, F118, E118) | I118: =IF(H117 * F_class_shares > F_primary, 1, 0) | J118: =IF(H117 * E_total > E_inv, 1, 0) | K118: =IF(H117 * D_total > D_inv, 1, 0) | L118: =IF(H117 * C_total > C_inv, 1, 0) | M118: =IF(H117 * B_total > B_inv, 1, 0) | N118: =IF(H117 * A_total > A_inv, 1, 0) | O118: =IF(H117 * Seed_total > seed_inv, 1, 0)
B119: =(1-I119)*F_primary+(1-J119)*E_inv+(1-K119)*D_inv+(1-L119)*C_inv+(1-M119)*B_inv+(1-N119)*A_inv+(1-O119)*seed_inv | C119: =MAX(0, C3 - B119) | D119: =F1_sh+F2_sh+F3_sh+RSA_sh+NA_sh+NB_sh+I119*F_class_shares+J119*E_total+K119*D_total+L119*C_total+M119*B_total+N119*A_total+O119*Seed_total | E119: =IF(D119>0, C119/D119, 0) | F119: =(C119 + preF_opts_iss*opt_strike)/(D119 + preF_opts_iss) | G119: =IF(F119>opt_strike,1,0) | H119: =IF(G119=1, F119, E119) | I119: =IF(H118 * F_class_shares > F_primary, 1, 0) | J119: =IF(H118 * E_total > E_inv, 1, 0) | K119: =IF(H118 * D_total > D_inv, 1, 0) | L119: =IF(H118 * C_total > C_inv, 1, 0) | M119: =IF(H118 * B_total > B_inv, 1, 0) | N119: =IF(H118 * A_total > A_inv, 1, 0) | O119: =IF(H118 * Seed_total > seed_inv, 1, 0)
B120: =(1-I120)*F_primary+(1-J120)*E_inv+(1-K120)*D_inv+(1-L120)*C_inv+(1-M120)*B_inv+(1-N120)*A_inv+(1-O120)*seed_inv | C120: =MAX(0, C3 - B120) | D120: =F1_sh+F2_sh+F3_sh+RSA_sh+NA_sh+NB_sh+I120*F_class_shares+J120*E_total+K120*D_total+L120*C_total+M120*B_total+N120*A_total+O120*Seed_total | E120: =IF(D120>0, C120/D120, 0) | F120: =(C120 + preF_opts_iss*opt_strike)/(D120 + preF_opts_iss) | G120: =IF(F120>opt_strike,1,0) | H120: =IF(G120=1, F120, E120) | I120: =IF(H119 * F_class_shares > F_primary, 1, 0) | J120: =IF(H119 * E_total > E_inv, 1, 0) | K120: =IF(H119 * D_total > D_inv, 1, 0) | L120: =IF(H119 * C_total > C_inv, 1, 0) | M120: =IF(H119 * B_total > B_inv, 1, 0) | N120: =IF(H119 * A_total > A_inv, 1, 0) | O120: =IF(H119 * Seed_total > seed_inv, 1, 0)
B121: =(1-I121)*F_primary+(1-J121)*E_inv+(1-K121)*D_inv+(1-L121)*C_inv+(1-M121)*B_inv+(1-N121)*A_inv+(1-O121)*seed_inv | C121: =MAX(0, C3 - B121) | D121: =F1_sh+F2_sh+F3_sh+RSA_sh+NA_sh+NB_sh+I121*F_class_shares+J121*E_total+K121*D_total+L121*C_total+M121*B_total+N121*A_total+O121*Seed_total | E121: =IF(D121>0, C121/D121, 0) | F121: =(C121 + preF_opts_iss*opt_strike)/(D121 + preF_opts_iss) | G121: =IF(F121>opt_strike,1,0) | H121: =IF(G121=1, F121, E121) | I121: =IF(H120 * F_class_shares > F_primary, 1, 0) | J121: =IF(H120 * E_total > E_inv, 1, 0) | K121: =IF(H120 * D_total > D_inv, 1, 0) | L121: =IF(H120 * C_total > C_inv, 1, 0) | M121: =IF(H120 * B_total > B_inv, 1, 0) | N121: =IF(H120 * A_total > A_inv, 1, 0) | O121: =IF(H120 * Seed_total > seed_inv, 1, 0)
B122: =(1-I122)*F_primary+(1-J122)*E_inv+(1-K122)*D_inv+(1-L122)*C_inv+(1-M122)*B_inv+(1-N122)*A_inv+(1-O122)*seed_inv | C122: =MAX(0, C3 - B122) | D122: =F1_sh+F2_sh+F3_sh+RSA_sh+NA_sh+NB_sh+I122*F_class_shares+J122*E_total+K122*D_total+L122*C_total+M122*B_total+N122*A_total+O122*Seed_total | E122: =IF(D122>0, C122/D122, 0) | F122: =(C122 + preF_opts_iss*opt_strike)/(D122 + preF_opts_iss) | G122: =IF(F122>opt_strike,1,0) | H122: =IF(G122=1, F122, E122) | I122: =IF(H121 * F_class_shares > F_primary, 1, 0) | J122: =IF(H121 * E_total > E_inv, 1, 0) | K122: =IF(H121 * D_total > D_inv, 1, 0) | L122: =IF(H121 * C_total > C_inv, 1, 0) | M122: =IF(H121 * B_total > B_inv, 1, 0) | N122: =IF(H121 * A_total > A_inv, 1, 0) | O122: =IF(H121 * Seed_total > seed_inv, 1, 0)
...

Sheet Sensitivity
A1: Sensitivity — ESOP × Pre-money @ $2B exit
A3: Each cell shows our $10M check's post-F ownership % and $ proceeds at $2B exit.
A4: Each cell re-solves the full fixed point (F_PPS, ESOP, AD on D&E, both note branches) from scratch.
A6: ESOP ↓ / Pre-money → | B6: =sens_p_lo | C6: =sens_p_md | D6: =sens_p_hi
A7: =sens_e_lo | B7: =TEXT(D31,"0.0000%")&" / "&TEXT(H31*our_check/F_primary,"$#,##0") | C7: =TEXT(D71,"0.0000%")&" / "&TEXT(H71*our_check/F_primary,"$#,##0") | D7: =TEXT(D111,"0.0000%")&" / "&TEXT(H111*our_check/F_primary,"$#,##0")
A8: =sens_e_md | B8: =TEXT(D151,"0.0000%")&" / "&TEXT(H151*our_check/F_primary,"$#,##0") | C8: =TEXT(D191,"0.0000%")&" / "&TEXT(H191*our_check/F_primary,"$#,##0") | D8: =TEXT(D231,"0.0000%")&" / "&TEXT(H231*our_check/F_primary,"$#,##0")
A9: =sens_e_hi | B9: =TEXT(D271,"0.0000%")&" / "&TEXT(H271*our_check/F_primary,"$#,##0") | C9: =TEXT(D311,"0.0000%")&" / "&TEXT(H311*our_check/F_primary,"$#,##0") | D9: =TEXT(D351,"0.0000%")&" / "&TEXT(H351*our_check/F_primary,"$#,##0")
A29: --- Scenario 1: ESOP=sens_e_lo, Pre-money=sens_p_lo ---
A30: ESOP | B30: =sens_e_lo | C30: Pre-money | D30: =sens_p_lo | E30: F_PPS | F30: =N68 | G30: T_F | H30: =I68+J68+K68+L68 | I30: NA_sh | J30: =J68 | K30: NB_sh | L30: =K68 | M30: NA_branch | N30: =IF(NA_cap/(I68+K68) < (1-NA_disc)*N68, "cap", "discount") | O30: NB_branch | P30: =IF(NB_cap/(I68+J68) < (1-NB_disc)*N68, "cap", "discount")
A31: our_sh | B31: =our_check/F30 | C31: own% | D31: =B31/H30 | E31: F_election | F31: =IF(Y68*L68 > F_primary, "convert", "preference") | G31: F_payout | H31: =IF(F31="convert", Y68*L68, F_primary) | I31: our_$ | J31: =H31*our_check/F_primary
A33: iter | B33: F_PPS_in | C33: NCP_D | D33: NCP_E | E33: extras_D | F33: extras_E | G33: T_F | H33: topup | I33: preFD_nn | J33: NA_sh | K33: NB_sh | L33: F_prim_sh | M33: T_pre | N33: F_PPS_out | O33: ic_F | P33: ic_E | Q33: ic_D | R33: ic_C | S33: ic_B | T33: ic_A | U33: ic_Seed | V33: prefs_paid | W33: residual | X33: cv_shares | Y33: PPS_2B
B34: =D30/preF_FD | C34: =OCP_D*(preF_FD + F_primary/OCP_D)/(preF_FD + F_primary/B34) | D34: =OCP_E*(preF_FD + F_primary/OCP_E)/(preF_FD + F_primary/B34) | E34: =D_sh*(OCP_D/C34 - 1) | F34: =E_sh*(OCP_E/D34 - 1) | G34: =(preF_FD + E34 + F34 - preF_opts + 0 + 0 + F_primary/B34)/(1-B30) | H34: =MAX(0, B30*G34 - preF_opts) | I34: =preF_FD + E34 + F34 + H34 | J34: =NA_P/MIN(NA_cap/(I34+0), (1-NA_disc)*B34) | K34: =NB_P/MIN(NB_cap/(I34+J34), (1-NB_disc)*B34) | L34: =F_primary/B34 | M34: =I34+J34+K34 | N34: =D30/M34 | O34: =IF(0*L34 > F_primary, 1, 0) | P34: =IF(0*(E_sh + F34) > E_inv, 1, 0) | Q34: =IF(0*(D_sh + E34) > D_inv, 1, 0) | R34: =IF(0*C_sh > C_inv, 1, 0) | S34: =IF(0*B_sh > B_inv, 1, 0) | T34: =IF(0*A_sh > A_inv, 1, 0) | U34: =IF(0*seed_sh > seed_inv, 1, 0) | V34: =(1-O34)*F_primary+(1-P34)*E_inv+(1-Q34)*D_inv+(1-R34)*C_inv+(1-S34)*B_inv+(1-T34)*A_inv+(1-U34)*seed_inv | W34: =MAX(0, sens_exit - V34) | X34: =F1_sh+F2_sh+F3_sh+RSA_sh+J34+K34+O34*L34+P34*(E_sh + F34)+Q34*(D_sh + E34)+R34*C_sh+S34*B_sh+T34*A_sh+U34*seed_sh | Y34: =(W34 + preF_opts_iss*opt_strike)/(X34 + preF_opts_iss)
B35: =N34 | C35: =OCP_D*(preF_FD + F_primary/OCP_D)/(preF_FD + F_primary/B35) | D35: =OCP_E*(preF_FD + F_primary/OCP_E)/(preF_FD + F_primary/B35) | E35: =D_sh*(OCP_D/C35 - 1) | F35: =E_sh*(OCP_E/D35 - 1) | G35: =(preF_FD + E35 + F35 - preF_opts + J34 + K34 + F_primary/B35)/(1-B30) | H35: =MAX(0, B30*G35 - preF_opts) | I35: =preF_FD + E35 + F35 + H35 | J35: =NA_P/MIN(NA_cap/(I35+K34), (1-NA_disc)*B35) | K35: =NB_P/MIN(NB_cap/(I35+J35), (1-NB_disc)*B35) | L35: =F_primary/B35 | M35: =I35+J35+K35 | N35: =D30/M35 | O35: =IF(Y34*L35 > F_primary, 1, 0) | P35: =IF(Y34*(E_sh + F35) > E_inv, 1, 0) | Q35: =IF(Y34*(D_sh + E35) > D_inv, 1, 0) | R35: =IF(Y34*C_sh > C_inv, 1, 0) | S35: =IF(Y34*B_sh > B_inv, 1, 0) | T35: =IF(Y34*A_sh > A_inv, 1, 0) | U35: =IF(Y34*seed_sh > seed_inv, 1, 0) | V35: =(1-O35)*F_primary+(1-P35)*E_inv+(1-Q35)*D_inv+(1-R35)*C_inv+(1-S35)*B_inv+(1-T35)*A_inv+(1-U35)*seed_inv | W35: =MAX(0, sens_exit - V35) | X35: =F1_sh+F2_sh+F3_sh+RSA_sh+J35+K35+O35*L35+P35*(E_sh + F35)+Q35*(D_sh + E35)+R35*C_sh+S35*B_sh+T35*A_sh+U35*seed_sh | Y35: =(W35 + preF_opts_iss*opt_strike)/(X35 + preF_opts_iss)
B36: =N35 | C36: =OCP_D*(preF_FD + F_primary/OCP_D)/(preF_FD + F_primary/B36) | D36: =OCP_E*(preF_FD + F_primary/OCP_E)/(preF_FD + F_primary/B36) | E36: =D_sh*(OCP_D/C36 - 1) | F36: =E_sh*(OCP_E/D36 - 1) | G36: =(preF_FD + E36 + F36 - preF_opts + J35 + K35 + F_primary/B36)/(1-B30) | H36: =MAX(0, B30*G36 - preF_opts) | I36: =preF_FD + E36 + F36 + H36 | J36: =NA_P/MIN(NA_cap/(I36+K35), (1-NA_disc)*B36) | K36: =NB_P/MIN(NB_cap/(I36+J36), (1-NB_disc)*B36) | L36: =F_primary/B36 | M36: =I36+J36+K36 | N36: =D30/M36 | O36: =IF(Y35*L36 > F_primary, 1, 0) | P36: =IF(Y35*(E_sh + F36) > E_inv, 1, 0) | Q36: =IF(Y35*(D_sh + E36) > D_inv, 1, 0) | R36: =IF(Y35*C_sh > C_inv, 1, 0) | S36: =IF(Y35*B_sh > B_inv, 1, 0) | T36: =IF(Y35*A_sh > A_inv, 1, 0) | U36: =IF(Y35*seed_sh > seed_inv, 1, 0) | V36: =(1-O36)*F_primary+(1-P36)*E_inv+(1-Q36)*D_inv+(1-R36)*C_inv+(1-S36)*B_inv+(1-T36)*A_inv+(1-U36)*seed_inv | W36: =MAX(0, sens_exit - V36) | X36: =F1_sh+F2_sh+F3_sh+RSA_sh+J36+K36+O36*L36+P36*(E_sh + F36)+Q36*(D_sh + E36)+R36*C_sh+S36*B_sh+T36*A_sh+U36*seed_sh | Y36: =(W36 + preF_opts_iss*opt_strike)/(X36 + preF_opts_iss)
B37: =N36 | C37: =OCP_D*(preF_FD + F_primary/OCP_D)/(preF_FD + F_primary/B37) | D37: =OCP_E*(preF_FD + F_primary/OCP_E)/(preF_FD + F_primary/B37) | E37: =D_sh*(OCP_D/C37 - 1) | F37: =E_sh*(OCP_E/D37 - 1) | G37: =(preF_FD + E37 + F37 - preF_opts + J36 + K36 + F_primary/B37)/(1-B30) | H37: =MAX(0, B30*G37 - preF_opts) | I37: =preF_FD + E37 + F37 + H37 | J37: =NA_P/MIN(NA_cap/(I37+K36), (1-NA_disc)*B37) | K37: =NB_P/MIN(NB_cap/(I37+J37), (1-NB_disc)*B37) | L37: =F_primary/B37 | M37: =I37+J37+K37 | N37: =D30/M37 | O37: =IF(Y36*L37 > F_primary, 1, 0) | P37: =IF(Y36*(E_sh + F37) > E_inv, 1, 0) | Q37: =IF(Y36*(D_sh + E37) > D_inv, 1, 0) | R37: =IF(Y36*C_sh > C_inv, 1, 0) | S37: =IF(Y36*B_sh > B_inv, 1, 0) | T37: =IF(Y36*A_sh > A_inv, 1, 0) | U37: =IF(Y36*seed_sh > seed_inv, 1, 0) | V37: =(1-O37)*F_primary+(1-P37)*E_inv+(1-Q37)*D_inv+(1-R37)*C_inv+(1-S37)*B_inv+(1-T37)*A_inv+(1-U37)*seed_inv | W37: =MAX(0, sens_exit - V37) | X37: =F1_sh+F2_sh+F3_sh+RSA_sh+J37+K37+O37*L37+P37*(E_sh + F37)+Q37*(D_sh + E37)+R37*C_sh+S37*B_sh+T37*A_sh+U37*seed_sh | Y37: =(W37 + preF_opts_iss*opt_strike)/(X37 + preF_opts_iss)
B38: =N37 | C38: =OCP_D*(preF_FD + F_primary/OCP_D)/(preF_FD + F_primary/B38) | D38: =OCP_E*(preF_FD + F_primary/OCP_E)/(preF_FD + F_primary/B38) | E38: =D_sh*(OCP_D/C38 - 1) | F38: =E_sh*(OCP_E/D38 - 1) | G38: =(preF_FD + E38 + F38 - preF_opts + J37 + K37 + F_primary/B38)/(1-B30) | H38: =MAX(0, B30*G38 - preF_opts) | I38: =preF_FD + E38 + F38 + H38 | J38: =NA_P/MIN(NA_cap/(I38+K37), (1-NA_disc)*B38) | K38: =NB_P/MIN(NB_cap/(I38+J38), (1-NB_disc)*B38) | L38: =F_primary/B38 | M38: =I38+J38+K38 | N38: =D30/M38 | O38: =IF(Y37*L38 > F_primary, 1, 0) | P38: =IF(Y37*(E_sh + F38) > E_inv, 1, 0) | Q38: =IF(Y37*(D_sh + E38) > D_inv, 1, 0) | R38: =IF(Y37*C_sh > C_inv, 1, 0) | S38: =IF(Y37*B_sh > B_inv, 1, 0) | T38: =IF(Y37*A_sh > A_inv, 1, 0) | U38: =IF(Y37*seed_sh > seed_inv, 1, 0) | V38: =(1-O38)*F_primary+(1-P38)*E_inv+(1-Q38)*D_inv+(1-R38)*C_inv+(1-S38)*B_inv+(1-T38)*A_inv+(1-U38)*seed_inv | W38: =MAX(0, sens_exit - V38) | X38: =F1_sh+F2_sh+F3_sh+RSA_sh+J38+K38+O38*L38+P38*(E_sh + F38)+Q38*(D_sh + E38)+R38*C_sh+S38*B_sh+T38*A_sh+U38*seed_sh | Y38: =(W38 + preF_opts_iss*opt_strike)/(X38 + preF_opts_iss)
B39: =N38 | C39: =OCP_D*(preF_FD + F_primary/OCP_D)/(preF_FD + F_primary/B39) | D39: =OCP_E*(preF_FD + F_primary/OCP_E)/(preF_FD + F_primary/B39) | E39: =D_sh*(OCP_D/C39 - 1) | F39: =E_sh*(OCP_E/D39 - 1) | G39: =(preF_FD + E39 + F39 - preF_opts + J38 + K38 + F_primary/B39)/(1-B30) | H39: =MAX(0, B30*G39 - preF_opts) | I39: =preF_FD + E39 + F39 + H39 | J39: =NA_P/MIN(NA_cap/(I39+K38), (1-NA_disc)*B39) | K39: =NB_P/MIN(NB_cap/(I39+J39), (1-NB_disc)*B39) | L39: =F_primary/B39 | M39: =I39+J39+K39 | N39: =D30/M39 | O39: =IF(Y38*L39 > F_primary, 1, 0) | P39: =IF(Y38*(E_sh + F39) > E_inv, 1, 0) | Q39: =IF(Y38*(D_sh + E39) > D_inv, 1, 0) | R39: =IF(Y38*C_sh > C_inv, 1, 0) | S39: =IF(Y38*B_sh > B_inv, 1, 0) | T39: =IF(Y38*A_sh > A_inv, 1, 0) | U39: =IF(Y38*seed_sh > seed_inv, 1, 0) | V39: =(1-O39)*F_primary+(1-P39)*E_inv+(1-Q39)*D_inv+(1-R39)*C_inv+(1-S39)*B_inv+(1-T39)*A_inv+(1-U39)*seed_inv | W39: =MAX(0, sens_exit - V39) | X39: =F1_sh+F2_sh+F3_sh+RSA_sh+J39+K39+O39*L39+P39*(E_sh + F39)+Q39*(D_sh + E39)+R39*C_sh+S39*B_sh+T39*A_sh+U39*seed_sh | Y39: =(W39 + preF_opts_iss*opt_strike)/(X39 + preF_opts_iss)
B40: =N39 | C40: =OCP_D*(preF_FD + F_primary/OCP_D)/(preF_FD + F_primary/B40) | D40: =OCP_E*(preF_FD + F_primary/OCP_E)/(preF_FD + F_primary/B40) | E40: =D_sh*(OCP_D/C40 - 1) | F40: =E_sh*(OCP_E/D40 - 1) | G40: =(preF_FD + E40 + F40 - preF_opts + J39 + K39 + F_primary/B40)/(1-B30) | H40: =MAX(0, B30*G40 - preF_opts) | I40: =preF_FD + E40 + F40 + H40 | J40: =NA_P/MIN(NA_cap/(I40+K39), (1-NA_disc)*B40) | K40: =NB_P/MIN(NB_cap/(I40+J40), (1-NB_disc)*B40) | L40: =F_primary/B40 | M40: =I40+J40+K40 | N40: =D30/M40 | O40: =IF(Y39*L40 > F_primary, 1, 0) | P40: =IF(Y39*(E_sh + F40) > E_inv, 1, 0) | Q40: =IF(Y39*(D_sh + E40) > D_inv, 1, 0) | R40: =IF(Y39*C_sh > C_inv, 1, 0) | S40: =IF(Y39*B_sh > B_inv, 1, 0) | T40: =IF(Y39*A_sh > A_inv, 1, 0) | U40: =IF(Y39*seed_sh > seed_inv, 1, 0) | V40: =(1-O40)*F_primary+(1-P40)*E_inv+(1-Q40)*D_inv+(1-R40)*C_inv+(1-S40)*B_inv+(1-T40)*A_inv+(1-U40)*seed_inv | W40: =MAX(0, sens_exit - V40) | X40: =F1_sh+F2_sh+F3_sh+RSA_sh+J40+K40+O40*L40+P40*(E_sh + F40)+Q40*(D_sh + E40)+R40*C_sh+S40*B_sh+T40*A_sh+U40*seed_sh | Y40: =(W40 + preF_opts_iss*opt_strike)/(X40 + preF_opts_iss)
B41: =N40 | C41: =OCP_D*(preF_FD + F_primary/OCP_D)/(preF_FD + F_primary/B41) | D41: =OCP_E*(preF_FD + F_primary/OCP_E)/(preF_FD + F_primary/B41) | E41: =D_sh*(OCP_D/C41 - 1) | F41: =E_sh*(OCP_E/D41 - 1) | G41: =(preF_FD + E41 + F41 - preF_opts + J40 + K40 + F_primary/B41)/(1-B30) | H41: =MAX(0, B30*G41 - preF_opts) | I41: =preF_FD + E41 + F41 + H41 | J41: =NA_P/MIN(NA_cap/(I41+K40), (1-NA_disc)*B41) | K41: =NB_P/MIN(NB_cap/(I41+J41), (1-NB_disc)*B41) | L41: =F_primary/B41 | M41: =I41+J41+K41 | N41: =D30/M41 | O41: =IF(Y40*L41 > F_primary, 1, 0) | P41: =IF(Y40*(E_sh + F41) > E_inv, 1, 0) | Q41: =IF(Y40*(D_sh + E41) > D_inv, 1, 0) | R41: =IF(Y40*C_sh > C_inv, 1, 0) | S41: =IF(Y40*B_sh > B_inv, 1, 0) | T41: =IF(Y40*A_sh > A_inv, 1, 0) | U41: =IF(Y40*seed_sh > seed_inv, 1, 0) | V41: =(1-O41)*F_primary+(1-P41)*E_inv+(1-Q41)*D_inv+(1-R41)*C_inv+(1-S41)*B_inv+(1-T41)*A_inv+(1-U41)*seed_inv | W41: =MAX(0, sens_exit - V41) | X41: =F1_sh+F2_sh+F3_sh+RSA_sh+J41+K41+O41*L41+P41*(E_sh + F41)+Q41*(D_sh + E41)+R41*C_sh+S41*B_sh+T41*A_sh+U41*seed_sh | Y41: =(W41 + preF_opts_iss*opt_strike)/(X41 + preF_opts_iss)
B42: =N41 | C42: =OCP_D*(preF_FD + F_primary/OCP_D)/(preF_FD + F_primary/B42) | D42: =OCP_E*(preF_FD + F_primary/OCP_E)/(preF_FD + F_primary/B42) | E42: =D_sh*(OCP_D/C42 - 1) | F42: =E_sh*(OCP_E/D42 - 1) | G42: =(preF_FD + E42 + F42 - preF_opts + J41 + K41 + F_primary/B42)/(1-B30) | H42: =MAX(0, B30*G42 - preF_opts) | I42: =preF_FD + E42 + F42 + H42 | J42: =NA_P/MIN(NA_cap/(I42+K41), (1-NA_disc)*B42) | K42: =NB_P/MIN(NB_cap/(I42+J42), (1-NB_disc)*B42) | L42: =F_primary/B42 | M42: =I42+J42+K42 | N42: =D30/M42 | O42: =IF(Y41*L42 > F_primary, 1, 0) | P42: =IF(Y41*(E_sh + F42) > E_inv, 1, 0) | Q42: =IF(Y41*(D_sh + E42) > D_inv, 1, 0) | R42: =IF(Y41*C_sh > C_inv, 1, 0) | S42: =IF(Y41*B_sh > B_inv, 1, 0) | T42: =IF(Y41*A_sh > A_inv, 1, 0) | U42: =IF(Y41*seed_sh > seed_inv, 1, 0) | V42: =(1-O42)*F_primary+(1-P42)*E_inv+(1-Q42)*D_inv+(1-R42)*C_inv+(1-S42)*B_inv+(1-T42)*A_inv+(1-U42)*seed_inv | W42: =MAX(0, sens_exit - V42) | X42: =F1_sh+F2_sh+F3_sh+RSA_sh+J42+K42+O42*L42+P42*(E_sh + F42)+Q42*(D_sh + E42)+R42*C_sh+S42*B_sh+T42*A_sh+U42*seed_sh | Y42: =(W42 + preF_opts_iss*opt_strike)/(X42 + preF_opts_iss)
B43: =N42 | C43: =OCP_D*(preF_FD + F_primary/OCP_D)/(preF_FD + F_primary/B43) | D43: =OCP_E*(preF_FD + F_primary/OCP_E)/(preF_FD + F_primary/B43) | E43: =D_sh*(OCP_D/C43 - 1) | F43: =E_sh*(OCP_E/D43 - 1) | G43: =(preF_FD + E43 + F43 - preF_opts + J42 + K42 + F_primary/B43)/(1-B30) | H43: =MAX(0, B30*G43 - preF_opts) | I43: =preF_FD + E43 + F43 + H43 | J43: =NA_P/MIN(NA_cap/(I43+K42), (1-NA_disc)*B43) | K43: =NB_P/MIN(NB_cap/(I43+J43), (1-NB_disc)*B43) | L43: =F_primary/B43 | M43: =I43+J43+K43 | N43: =D30/M43 | O43: =IF(Y42*L43 > F_primary, 1, 0) | P43: =IF(Y42*(E_sh + F43) > E_inv, 1, 0) | Q43: =IF(Y42*(D_sh + E43) > D_inv, 1, 0) | R43: =IF(Y42*C_sh > C_inv, 1, 0) | S43: =IF(Y42*B_sh > B_inv, 1, 0) | T43: =IF(Y42*A_sh > A_inv, 1, 0) | U43: =IF(Y42*seed_sh > seed_inv, 1, 0) | V43: =(1-O43)*F_primary+(1-P43)*E_inv+(1-Q43)*D_inv+(1-R43)*C_inv+(1-S43)*B_inv+(1-T43)*A_inv+(1-U43)*seed_inv | W43: =MAX(0, sens_exit - V43) | X43: =F1_sh+F2_sh+F3_sh+RSA_sh+J43+K43+O43*L43+P43*(E_sh + F43)+Q43*(D_sh + E43)+R43*C_sh+S43*B_sh+T43*A_sh+U43*seed_sh | Y43: =(W43 + preF_opts_iss*opt_strike)/(X43 + preF_opts_iss)
B44: =N43 | C44: =OCP_D*(preF_FD + F_primary/OCP_D)/(preF_FD + F_primary/B44) | D44: =OCP_E*(preF_FD + F_primary/OCP_E)/(preF_FD + F_primary/B44) | E44: =D_sh*(OCP_D/C44 - 1) | F44: =E_sh*(OCP_E/D44 - 1) | G44: =(preF_FD + E44 + F44 - preF_opts + J43 + K43 + F_primary/B44)/(1-B30) | H44: =MAX(0, B30*G44 - preF_opts) | I44: =preF_FD + E44 + F44 + H44 | J44: =NA_P/MIN(NA_cap/(I44+K43), (1-NA_disc)*B44) | K44: =NB_P/MIN(NB_cap/(I44+J44), (1-NB_disc)*B44) | L44: =F_primary/B44 | M44: =I44+J44+K44 | N44: =D30/M44 | O44: =IF(Y43*L44 > F_primary, 1, 0) | P44: =IF(Y43*(E_sh + F44) > E_inv, 1, 0) | Q44: =IF(Y43*(D_sh + E44) > D_inv, 1, 0) | R44: =IF(Y43*C_sh > C_inv, 1, 0) | S44: =IF(Y43*B_sh > B_inv, 1, 0) | T44: =IF(Y43*A_sh > A_inv, 1, 0) | U44: =IF(Y43*seed_sh > seed_inv, 1, 0) | V44: =(1-O44)*F_primary+(1-P44)*E_inv+(1-Q44)*D_inv+(1-R44)*C_inv+(1-S44)*B_inv+(1-T44)*A_inv+(1-U44)*seed_inv | W44: =MAX(0, sens_exit - V44) | X44: =F1_sh+F2_sh+F3_sh+RSA_sh+J44+K44+O44*L44+P44*(E_sh + F44)+Q44*(D_sh + E44)+R44*C_sh+S44*B_sh+T44*A_sh+U44*seed_sh | Y44: =(W44 + preF_opts_iss*opt_strike)/(X44 + preF_opts_iss)
B45: =N44 | C45: =OCP_D*(preF_FD + F_primary/OCP_D)/(preF_FD + F_primary/B45) | D45: =OCP_E*(preF_FD + F_primary/OCP_E)/(preF_FD + F_primary/B45) | E45: =D_sh*(OCP_D/C45 - 1) | F45: =E_sh*(OCP_E/D45 - 1) | G45: =(preF_FD + E45 + F45 - preF_opts + J44 + K44 + F_primary/B45)/(1-B30) | H45: =MAX(0, B30*G45 - preF_opts) | I45: =preF_FD + E45 + F45 + H45 | J45: =NA_P/MIN(NA_cap/(I45+K44), (1-NA_disc)*B45) | K45: =NB_P/MIN(NB_cap/(I45+J45), (1-NB_disc)*B45) | L45: =F_primary/B45 | M45: =I45+J45+K45 | N45: =D30/M45 | O45: =IF(Y44*L45 > F_primary, 1, 0) | P45: =IF(Y44*(E_sh + F45) > E_inv, 1, 0) | Q45: =IF(Y44*(D_sh + E45) > D_inv, 1, 0) | R45: =IF(Y44*C_sh > C_inv, 1, 0) | S45: =IF(Y44*B_sh > B_inv, 1, 0) | T45: =IF(Y44*A_sh > A_inv, 1, 0) | U45: =IF(Y44*seed_sh > seed_inv, 1, 0) | V45: =(1-O45)*F_primary+(1-P45)*E_inv+(1-Q45)*D_inv+(1-R45)*C_inv+(1-S45)*B_inv+(1-T45)*A_inv+(1-U45)*seed_inv | W45: =MAX(0, sens_exit - V45) | X45: =F1_sh+F2_sh+F3_sh+RSA_sh+J45+K45+O45*L45+P45*(E_sh + F45)+Q45*(D_sh + E45)+R45*C_sh+S45*B_sh+T45*A_sh+U45*seed_sh | Y45: =(W45 + preF_opts_iss*opt_strike)/(X45 + preF_opts_iss)
B46: =N45 | C46: =OCP_D*(preF_FD + F_primary/OCP_D)/(preF_FD + F_primary/B46) | D46: =OCP_E*(preF_FD + F_primary/OCP_E)/(preF_FD + F_primary/B46) | E46: =D_sh*(OCP_D/C46 - 1) | F46: =E_sh*(OCP_E/D46 - 1) | G46: =(preF_FD + E46 + F46 - preF_opts + J45 + K45 + F_primary/B46)/(1-B30) | H46: =MAX(0, B30*G46 - preF_opts) | I46: =preF_FD + E46 + F46 + H46 | J46: =NA_P/MIN(NA_cap/(I46+K45), (1-NA_disc)*B46) | K46: =NB_P/MIN(NB_cap/(I46+J46), (1-NB_disc)*B46) | L46: =F_primary/B46 | M46: =I46+J46+K46 | N46: =D30/M46 | O46: =IF(Y45*L46 > F_primary, 1, 0) | P46: =IF(Y45*(E_sh + F46) > E_inv, 1, 0) | Q46: =IF(Y45*(D_sh + E46) > D_inv, 1, 0) | R46: =IF(Y45*C_sh > C_inv, 1, 0) | S46: =IF(Y45*B_sh > B_inv, 1, 0) | T46: =IF(Y45*A_sh > A_inv, 1, 0) | U46: =IF(Y45*seed_sh > seed_inv, 1, 0) | V46: =(1-O46)*F_primary+(1-P46)*E_inv+(1-Q46)*D_inv+(1-R46)*C_inv+(1-S46)*B_inv+(1-T46)*A_inv+(1-U46)*seed_inv | W46: =MAX(0, sens_exit - V46) | X46: =F1_sh+F2_sh+F3_sh+RSA_sh+J46+K46+O46*L46+P46*(E_sh + F46)+Q46*(D_sh + E46)+R46*C_sh+S46*B_sh+T46*A_sh+U46*seed_sh | Y46: =(W46 + preF_opts_iss*opt_strike)/(X46 + preF_opts_iss)
B47: =N46 | C47: =OCP_D*(preF_FD + F_primary/OCP_D)/(preF_FD + F_primary/B47) | D47: =OCP_E*(preF_FD + F_primary/OCP_E)/(preF_FD + F_primary/B47) | E47: =D_sh*(OCP_D/C47 - 1) | F47: =E_sh*(OCP_E/D47 - 1) | G47: =(preF_FD + E47 + F47 - preF_opts + J46 + K46 + F_primary/B47)/(1-B30) | H47: =MAX(0, B30*G47 - preF_opts) | I47: =preF_FD + E47 + F47 + H47 | J47: =NA_P/MIN(NA_cap/(I47+K46), (1-NA_disc)*B47) | K47: =NB_P/MIN(NB_cap/(I47+J47), (1-NB_disc)*B47) | L47: =F_primary/B47 | M47: =I47+J47+K47 | N47: =D30/M47 | O47: =IF(Y46*L47 > F_primary, 1, 0) | P47: =IF(Y46*(E_sh + F47) > E_inv, 1, 0) | Q47: =IF(Y46*(D_sh + E47) > D_inv, 1, 0) | R47: =IF(Y46*C_sh > C_inv, 1, 0) | S47: =IF(Y46*B_sh > B_inv, 1, 0) | T47: =IF(Y46*A_sh > A_inv, 1, 0) | U47: =IF(Y46*seed_sh > seed_inv, 1, 0) | V47: =(1-O47)*F_primary+(1-P47)*E_inv+(1-Q47)*D_inv+(1-R47)*C_inv+(1-S47)*B_inv+(1-T47)*A_inv+(1-U47)*seed_inv | W47: =MAX(0, sens_exit - V47) | X47: =F1_sh+F2_sh+F3_sh+RSA_sh+J47+K47+O47*L47+P47*(E_sh + F47)+Q47*(D_sh + E47)+R47*C_sh+S47*B_sh+T47*A_sh+U47*seed_sh | Y47: =(W47 + preF_opts_iss*opt_strike)/(X47 + preF_opts_iss)
B48: =N47 | C48: =OCP_D*(preF_FD + F_primary/OCP_D)/(preF_FD + F_primary/B48) | D48: =OCP_E*(preF_FD + F_primary/OCP_E)/(preF_FD + F_primary/B48) | E48: =D_sh*(OCP_D/C48 - 1) | F48: =E_sh*(OCP_E/D48 - 1) | G48: =(preF_FD + E48 + F48 - preF_opts + J47 + K47 + F_primary/B48)/(1-B30) | H48: =MAX(0, B30*G48 - preF_opts) | I48: =preF_FD + E48 + F48 + H48 | J48: =NA_P/MIN(NA_cap/(I48+K47), (1-NA_disc)*B48) | K48: =NB_P/MIN(NB_cap/(I48+J48), (1-NB_disc)*B48) | L48: =F_primary/B48 | M48: =I48+J48+K48 | N48: =D30/M48 | O48: =IF(Y47*L48 > F_primary, 1, 0) | P48: =IF(Y47*(E_sh + F48) > E_inv, 1, 0) | Q48: =IF(Y47*(D_sh + E48) > D_inv, 1, 0) | R48: =IF(Y47*C_sh > C_inv, 1, 0) | S48: =IF(Y47*B_sh > B_inv, 1, 0) | T48: =IF(Y47*A_sh > A_inv, 1, 0) | U48: =IF(Y47*seed_sh > seed_inv, 1, 0) | V48: =(1-O48)*F_primary+(1-P48)*E_inv+(1-Q48)*D_inv+(1-R48)*C_inv+(1-S48)*B_inv+(1-T48)*A_inv+(1-U48)*seed_inv | W48: =MAX(0, sens_exit - V48) | X48: =F1_sh+F2_sh+F3_sh+RSA_sh+J48+K48+O48*L48+P48*(E_sh + F48)+Q48*(D_sh + E48)+R48*C_sh+S48*B_sh+T48*A_sh+U48*seed_sh | Y48: =(W48 + preF_opts_iss*opt_strike)/(X48 + preF_opts_iss)
B49: =N48 | C49: =OCP_D*(preF_FD + F_primary/OCP_D)/(preF_FD + F_primary/B49) | D49: =OCP_E*(preF_FD + F_primary/OCP_E)/(preF_FD + F_primary/B49) | E49: =D_sh*(OCP_D/C49 - 1) | F49: =E_sh*(OCP_E/D49 - 1) | G49: =(preF_FD + E49 + F49 - preF_opts + J48 + K48 + F_primary/B49)/(1-B30) | H49: =MAX(0, B30*G49 - preF_opts) | I49: =preF_FD + E49 + F49 + H49 | J49: =NA_P/MIN(NA_cap/(I49+K48), (1-NA_disc)*B49) | K49: =NB_P/MIN(NB_cap/(I49+J49), (1-NB_disc)*B49) | L49: =F_primary/B49 | M49: =I49+J49+K49 | N49: =D30/M49 | O49: =IF(Y48*L49 > F_primary, 1, 0) | P49: =IF(Y48*(E_sh + F49) > E_inv, 1, 0) | Q49: =IF(Y48*(D_sh + E49) > D_inv, 1, 0) | R49: =IF(Y48*C_sh > C_inv, 1, 0) | S49: =IF(Y48*B_sh > B_inv, 1, 0) | T49: =IF(Y48*A_sh > A_inv, 1, 0) | U49: =IF(Y48*seed_sh > seed_inv, 1, 0) | V49: =(1-O49)*F_primary+(1-P49)*E_inv+(1-Q49)*D_inv+(1-R49)*C_inv+(1-S49)*B_inv+(1-T49)*A_inv+(1-U49)*seed_inv | W49: =MAX(0, sens_exit - V49) | X49: =F1_sh+F2_sh+F3_sh+RSA_sh+J49+K49+O49*L49+P49*(E_sh + F49)+Q49*(D_sh + E49)+R49*C_sh+S49*B_sh+T49*A_sh+U49*seed_sh | Y49: =(W49 + preF_opts_iss*opt_strike)/(X49 + preF_opts_iss)
B50: =N49 | C50: =OCP_D*(preF_FD + F_primary/OCP_D)/(preF_FD + F_primary/B50) | D50: =OCP_E*(preF_FD + F_primary/OCP_E)/(preF_FD + F_primary/B50) | E50: =D_sh*(OCP_D/C50 - 1) | F50: =E_sh*(OCP_E/D50 - 1) | G50: =(preF_FD + E50 + F50 - preF_opts + J49 + K49 + F_primary/B50)/(1-B30) | H50: =MAX(0, B30*G50 - preF_opts) | I50: =preF_FD + E50 + F50 + H50 | J50: =NA_P/MIN(NA_cap/(I50+K49), (1-NA_disc)*B50) | K50: =NB_P/MIN(NB_cap/(I50+J50), (1-NB_disc)*B50) | L50: =F_primary/B50 | M50: =I50+J50+K50 | N50: =D30/M50 | O50: =IF(Y49*L50 > F_primary, 1, 0) | P50: =IF(Y49*(E_sh + F50) > E_inv, 1, 0) | Q50: =IF(Y49*(D_sh + E50) > D_inv, 1, 0) | R50: =IF(Y49*C_sh > C_inv, 1, 0) | S50: =IF(Y49*B_sh > B_inv, 1, 0) | T50: =IF(Y49*A_sh > A_inv, 1, 0) | U50: =IF(Y49*seed_sh > seed_inv, 1, 0) | V50: =(1-O50)*F_primary+(1-P50)*E_inv+(1-Q50)*D_inv+(1-R50)*C_inv+(1-S50)*B_inv+(1-T50)*A_inv+(1-U50)*seed_inv | W50: =MAX(0, sens_exit - V50) | X50: =F1_sh+F2_sh+F3_sh+RSA_sh+J50+K50+O50*L50+P50*(E_sh + F50)+Q50*(D_sh + E50)+R50*C_sh+S50*B_sh+T50*A_sh+U50*seed_sh | Y50: =(W50 + preF_opts_iss*opt_strike)/(X50 + preF_opts_iss)
B51: =N50 | C51: =OCP_D*(preF_FD + F_primary/OCP_D)/(preF_FD + F_primary/B51) | D51: =OCP_E*(preF_FD + F_primary/OCP_E)/(preF_FD + F_primary/B51) | E51: =D_sh*(OCP_D/C51 - 1) | F51: =E_sh*(OCP_E/D51 - 1) | G51: =(preF_FD + E51 + F51 - preF_opts + J50 + K50 + F_primary/B51)/(1-B30) | H51: =MAX(0, B30*G51 - preF_opts) | I51: =preF_FD + E51 + F51 + H51 | J51: =NA_P/MIN(NA_cap/(I51+K50), (1-NA_disc)*B51) | K51: =NB_P/MIN(NB_cap/(I51+J51), (1-NB_disc)*B51) | L51: =F_primary/B51 | M51: =I51+J51+K51 | N51: =D30/M51 | O51: =IF(Y50*L51 > F_primary, 1, 0) | P51: =IF(Y50*(E_sh + F51) > E_inv, 1, 0) | Q51: =IF(Y50*(D_sh + E51) > D_inv, 1, 0) | R51: =IF(Y50*C_sh > C_inv, 1, 0) | S51: =IF(Y50*B_sh > B_inv, 1, 0) | T51: =IF(Y50*A_sh > A_inv, 1, 0) | U51: =IF(Y50*seed_sh > seed_inv, 1, 0) | V51: =(1-O51)*F_primary+(1-P51)*E_inv+(1-Q51)*D_inv+(1-R51)*C_inv+(1-S51)*B_inv+(1-T51)*A_inv+(1-U51)*seed_inv | W51: =MAX(0, sens_exit - V51) | X51: =F1_sh+F2_sh+F3_sh+RSA_sh+J51+K51+O51*L51+P51*(E_sh + F51)+Q51*(D_sh + E51)+R51*C_sh+S51*B_sh+T51*A_sh+U51*seed_sh | Y51: =(W51 + preF_opts_iss*opt_strike)/(X51 + preF_opts_iss)
B52: =N51 | C52: =OCP_D*(preF_FD + F_primary/OCP_D)/(preF_FD + F_primary/B52) | D52: =OCP_E*(preF_FD + F_primary/OCP_E)/(preF_FD + F_primary/B52) | E52: =D_sh*(OCP_D/C52 - 1) | F52: =E_sh*(OCP_E/D52 - 1) | G52: =(preF_FD + E52 + F52 - preF_opts + J51 + K51 + F_primary/B52)/(1-B30) | H52: =MAX(0, B30*G52 - preF_opts) | I52: =preF_FD + E52 + F52 + H52 | J52: =NA_P/MIN(NA_cap/(I52+K51), (1-NA_disc)*B52) | K52: =NB_P/MIN(NB_cap/(I52+J52), (1-NB_disc)*B52) | L52: =F_primary/B52 | M52: =I52+J52+K52 | N52: =D30/M52 | O52: =IF(Y51*L52 > F_primary, 1, 0) | P52: =IF(Y51*(E_sh + F52) > E_inv, 1, 0) | Q52: =IF(Y51*(D_sh + E52) > D_inv, 1, 0) | R52: =IF(Y51*C_sh > C_inv, 1, 0) | S52: =IF(Y51*B_sh > B_inv, 1, 0) | T52: =IF(Y51*A_sh > A_inv, 1, 0) | U52: =IF(Y51*seed_sh > seed_inv, 1, 0) | V52: =(1-O52)*F_primary+(1-P52)*E_inv+(1-Q52)*D_inv+(1-R52)*C_inv+(1-S52)*B_inv+(1-T52)*A_inv+(1-U52)*seed_inv | W52: =MAX(0, sens_exit - V52) | X52: =F1_sh+F2_sh+F3_sh+RSA_sh+J52+K52+O52*L52+P52*(E_sh + F52)+Q52*(D_sh + E52)+R52*C_sh+S52*B_sh+T52*A_sh+U52*seed_sh | Y52: =(W52 + preF_opts_iss*opt_strike)/(X52 + preF_opts_iss)
B53: =N52 | C53: =OCP_D*(preF_FD + F_primary/OCP_D)/(preF_FD + F_primary/B53) | D53: =OCP_E*(preF_FD + F_primary/OCP_E)/(preF_FD + F_primary/B53) | E53: =D_sh*(OCP_D/C53 - 1) | F53: =E_sh*(OCP_E/D53 - 1) | G53: =(preF_FD + E53 + F53 - preF_opts + J52 + K52 + F_primary/B53)/(1-B30) | H53: =MAX(0, B30*G53 - preF_opts) | I53: =preF_FD + E53 + F53 + H53 | J53: =NA_P/MIN(NA_cap/(I53+K52), (1-NA_disc)*B53) | K53: =NB_P/MIN(NB_cap/(I53+J53), (1-NB_disc)*B53) | L53: =F_primary/B53 | M53: =I53+J53+K53 | N53: =D30/M53 | O53: =IF(Y52*L53 > F_primary, 1, 0) | P53: =IF(Y52*(E_sh + F53) > E_inv, 1, 0) | Q53: =IF(Y52*(D_sh + E53) > D_inv, 1, 0) | R53: =IF(Y52*C_sh > C_inv, 1, 0) | S53: =IF(Y52*B_sh > B_inv, 1, 0) | T53: =IF(Y52*A_sh > A_inv, 1, 0) | U53: =IF(Y52*seed_sh > seed_inv, 1, 0) | V53: =(1-O53)*F_primary+(1-P53)*E_inv+(1-Q53)*D_inv+(1-R53)*C_inv+(1-S53)*B_inv+(1-T53)*A_inv+(1-U53)*seed_inv | W53: =MAX(0, sens_exit - V53) | X53: =F1_sh+F2_sh+F3_sh+RSA_sh+J53+K53+O53*L53+P53*(E_sh + F53)+Q53*(D_sh + E53)+R53*C_sh+S53*B_sh+T53*A_sh+U53*seed_sh | Y53: =(W53 + preF_opts_iss*opt_strike)/(X53 + preF_opts_iss)
B54: =N53 | C54: =OCP_D*(preF_FD + F_primary/OCP_D)/(preF_FD + F_primary/B54) | D54: =OCP_E*(preF_FD + F_primary/OCP_E)/(preF_FD + F_primary/B54) | E54: =D_sh*(OCP_D/C54 - 1) | F54: =E_sh*(OCP_E/D54 - 1) | G54: =(preF_FD + E54 + F54 - preF_opts + J53 + K53 + F_primary/B54)/(1-B30) | H54: =MAX(0, B30*G54 - preF_opts) | I54: =preF_FD + E54 + F54 + H54 | J54: =NA_P/MIN(NA_cap/(I54+K53), (1-NA_disc)*B54) | K54: =NB_P/MIN(NB_cap/(I54+J54), (1-NB_disc)*B54) | L54: =F_primary/B54 | M54: =I54+J54+K54 | N54: =D30/M54 | O54: =IF(Y53*L54 > F_primary, 1, 0) | P54: =IF(Y53*(E_sh + F54) > E_inv, 1, 0) | Q54: =IF(Y53*(D_sh + E54) > D_inv, 1, 0) | R54: =IF(Y53*C_sh > C_inv, 1, 0) | S54: =IF(Y53*B_sh > B_inv, 1, 0) | T54: =IF(Y53*A_sh > A_inv, 1, 0) | U54: =IF(Y53*seed_sh > seed_inv, 1, 0) | V54: =(1-O54)*F_primary+(1-P54)*E_inv+(1-Q54)*D_inv+(1-R54)*C_inv+(1-S54)*B_inv+(1-T54)*A_inv+(1-U54)*seed_inv | W54: =MAX(0, sens_exit - V54) | X54: =F1_sh+F2_sh+F3_sh+RSA_sh+J54+K54+O54*L54+P54*(E_sh + F54)+Q54*(D_sh + E54)+R54*C_sh+S54*B_sh+T54*A_sh+U54*seed_sh | Y54: =(W54 + preF_opts_iss*opt_strike)/(X54 + preF_opts_iss)
B55: =N54 | C55: =OCP_D*(preF_FD + F_primary/OCP_D)/(preF_FD + F_primary/B55) | D55: =OCP_E*(preF_FD + F_primary/OCP_E)/(preF_FD + F_primary/B55) | E55: =D_sh*(OCP_D/C55 - 1) | F55: =E_sh*(OCP_E/D55 - 1) | G55: =(preF_FD + E55 + F55 - preF_opts + J54 + K54 + F_primary/B55)/(1-B30) | H55: =MAX(0, B30*G55 - preF_opts) | I55: =preF_FD + E55 + F55 + H55 | J55: =NA_P/MIN(NA_cap/(I55+K54), (1-NA_disc)*B55) | K55: =NB_P/MIN(NB_cap/(I55+J55), (1-NB_disc)*B55) | L55: =F_primary/B55 | M55: =I55+J55+K55 | N55: =D30/M55 | O55: =IF(Y54*L55 > F_primary, 1, 0) | P55: =IF(Y54*(E_sh + F55) > E_inv, 1, 0) | Q55: =IF(Y54*(D_sh + E55) > D_inv, 1, 0) | R55: =IF(Y54*C_sh > C_inv, 1, 0) | S55: =IF(Y54*B_sh > B_inv, 1, 0) | T55: =IF(Y54*A_sh > A_inv, 1, 0) | U55: =IF(Y54*seed_sh > seed_inv, 1, 0) | V55: =(1-O55)*F_primary+(1-P55)*E_inv+(1-Q55)*D_inv+(1-R55)*C_inv+(1-S55)*B_inv+(1-T55)*A_inv+(1-U55)*seed_inv | W55: =MAX(0, sens_exit - V55) | X55: =F1_sh+F2_sh+F3_sh+RSA_sh+J55+K55+O55*L55+P55*(E_sh + F55)+Q55*(D_sh + E55)+R55*C_sh+S55*B_sh+T55*A_sh+U55*seed_sh | Y55: =(W55 + preF_opts_iss*opt_strike)/(X55 + preF_opts_iss)
B56: =N55 | C56: =OCP_D*(preF_FD + F_primary/OCP_D)/(preF_FD + F_primary/B56) | D56: =OCP_E*(preF_FD + F_primary/OCP_E)/(preF_FD + F_primary/B56) | E56: =D_sh*(OCP_D/C56 - 1) | F56: =E_sh*(OCP_E/D56 - 1) | G56: =(preF_FD + E56 + F56 - preF_opts + J55 + K55 + F_primary/B56)/(1-B30) | H56: =MAX(0, B30*G56 - preF_opts) | I56: =preF_FD + E56 + F56 + H56 | J56: =NA_P/MIN(NA_cap/(I56+K55), (1-NA_disc)*B56) | K56: =NB_P/MIN(NB_cap/(I56+J56), (1-NB_disc)*B56) | L56: =F_primary/B56 | M56: =I56+J56+K56 | N56: =D30/M56 | O56: =IF(Y55*L56 > F_primary, 1, 0) | P56: =IF(Y55*(E_sh + F56) > E_inv, 1, 0) | Q56: =IF(Y55*(D_sh + E56) > D_inv, 1, 0) | R56: =IF(Y55*C_sh > C_inv, 1, 0) | S56: =IF(Y55*B_sh > B_inv, 1, 0) | T56: =IF(Y55*A_sh > A_inv, 1, 0) | U56: =IF(Y55*seed_sh > seed_inv, 1, 0) | V56: =(1-O56)*F_primary+(1-P56)*E_inv+(1-Q56)*D_inv+(1-R56)*C_inv+(1-S56)*B_inv+(1-T56)*A_inv+(1-U56)*seed_inv | W56: =MAX(0, sens_exit - V56) | X56: =F1_sh+F2_sh+F3_sh+RSA_sh+J56+K56+O56*L56+P56*(E_sh + F56)+Q56*(D_sh + E56)+R56*C_sh+S56*B_sh+T56*A_sh+U56*seed_sh | Y56: =(W56 + preF_opts_iss*opt_strike)/(X56 + preF_opts_iss)
B57: =N56 | C57: =OCP_D*(preF_FD + F_primary/OCP_D)/(preF_FD + F_primary/B57) | D57: =OCP_E*(preF_FD + F_primary/OCP_E)/(preF_FD + F_primary/B57) | E57: =D_sh*(OCP_D/C57 - 1) | F57: =E_sh*(OCP_E/D57 - 1) | G57: =(preF_FD + E57 + F57 - preF_opts + J56 + K56 + F_primary/B57)/(1-B30) | H57: =MAX(0, B30*G57 - preF_opts) | I57: =preF_FD + E57 + F57 + H57 | J57: =NA_P/MIN(NA_cap/(I57+K56), (1-NA_disc)*B57) | K57: =NB_P/MIN(NB_cap/(I57+J57), (1-NB_disc)*B57) | L57: =F_primary/B57 | M57: =I57+J57+K57 | N57: =D30/M57 | O57: =IF(Y56*L57 > F_primary, 1, 0) | P57: =IF(Y56*(E_sh + F57) > E_inv, 1, 0) | Q57: =IF(Y56*(D_sh + E57) > D_inv, 1, 0) | R57: =IF(Y56*C_sh > C_inv, 1, 0) | S57: =IF(Y56*B_sh > B_inv, 1, 0) | T57: =IF(Y56*A_sh > A_inv, 1, 0) | U57: =IF(Y56*seed_sh > seed_inv, 1, 0) | V57: =(1-O57)*F_primary+(1-P57)*E_inv+(1-Q57)*D_inv+(1-R57)*C_inv+(1-S57)*B_inv+(1-T57)*A_inv+(1-U57)*seed_inv | W57: =MAX(0, sens_exit - V57) | X57: =F1_sh+F2_sh+F3_sh+RSA_sh+J57+K57+O57*L57+P57*(E_sh + F57)+Q57*(D_sh + E57)+R57*C_sh+S57*B_sh+T57*A_sh+U57*seed_sh | Y57: =(W57 + preF_opts_iss*opt_strike)/(X57 + preF_opts_iss)
B58: =N57 | C58: =OCP_D*(preF_FD + F_primary/OCP_D)/(preF_FD + F_primary/B58) | D58: =OCP_E*(preF_FD + F_primary/OCP_E)/(preF_FD + F_primary/B58) | E58: =D_sh*(OCP_D/C58 - 1) | F58: =E_sh*(OCP_E/D58 - 1) | G58: =(preF_FD + E58 + F58 - preF_opts + J57 + K57 + F_primary/B58)/(1-B30) | H58: =MAX(0, B30*G58 - preF_opts) | I58: =preF_FD + E58 + F58 + H58 | J58: =NA_P/MIN(NA_cap/(I58+K57), (1-NA_disc)*B58) | K58: =NB_P/MIN(NB_cap/(I58+J58), (1-NB_disc)*B58) | L58: =F_primary/B58 | M58: =I58+J58+K58 | N58: =D30/M58 | O58: =IF(Y57*L58 > F_primary, 1, 0) | P58: =IF(Y57*(E_sh + F58) > E_inv, 1, 0) | Q58: =IF(Y57*(D_sh + E58) > D_inv, 1, 0) | R58: =IF(Y57*C_sh > C_inv, 1, 0) | S58: =IF(Y57*B_sh > B_inv, 1, 0) | T58: =IF(Y57*A_sh > A_inv, 1, 0) | U58: =IF(Y57*seed_sh > seed_inv, 1, 0) | V58: =(1-O58)*F_primary+(1-P58)*E_inv+(1-Q58)*D_inv+(1-R58)*C_inv+(1-S58)*B_inv+(1-T58)*A_inv+(1-U58)*seed_inv | W58: =MAX(0, sens_exit - V58) | X58: =F1_sh+F2_sh+F3_sh+RSA_sh+J58+K58+O58*L58+P58*(E_sh + F58)+Q58*(D_sh + E58)+R58*C_sh+S58*B_sh+T58*A_sh+U58*seed_sh | Y58: =(W58 + preF_opts_iss*opt_strike)/(X58 + preF_opts_iss)
B59: =N58 | C59: =OCP_D*(preF_FD + F_primary/OCP_D)/(preF_FD + F_primary/B59) | D59: =OCP_E*(preF_FD + F_primary/OCP_E)/(preF_FD + F_primary/B59) | E59: =D_sh*(OCP_D/C59 - 1) | F59: =E_sh*(OCP_E/D59 - 1) | G59: =(preF_FD + E59 + F59 - preF_opts + J58 + K58 + F_primary/B59)/(1-B30) | H59: =MAX(0, B30*G59 - preF_opts) | I59: =preF_FD + E59 + F59 + H59 | J59: =NA_P/MIN(NA_cap/(I59+K58), (1-NA_disc)*B59) | K59: =NB_P/MIN(NB_cap/(I59+J59), (1-NB_disc)*B59) | L59: =F_primary/B59 | M59: =I59+J59+K59 | N59: =D30/M59 | O59: =IF(Y58*L59 > F_primary, 1, 0) | P59: =IF(Y58*(E_sh + F59) > E_inv, 1, 0) | Q59: =IF(Y58*(D_sh + E59) > D_inv, 1, 0) | R59: =IF(Y58*C_sh > C_inv, 1, 0) | S59: =IF(Y58*B_sh > B_inv, 1, 0) | T59: =IF(Y58*A_sh > A_inv, 1, 0) | U59: =IF(Y58*seed_sh > seed_inv, 1, 0) | V59: =(1-O59)*F_primary+(1-P59)*E_inv+(1-Q59)*D_inv+(1-R59)*C_inv+(1-S59)*B_inv+(1-T59)*A_inv+(1-U59)*seed_inv | W59: =MAX(0, sens_exit - V59) | X59: =F1_sh+F2_sh+F3_sh+RSA_sh+J59+K59+O59*L59+P59*(E_sh + F59)+Q59*(D_sh + E59)+R59*C_sh+S59*B_sh+T59*A_sh+U59*seed_sh | Y59: =(W59 + preF_opts_iss*opt_strike)/(X59 + preF_opts_iss)
B60: =N59 | C60: =OCP_D*(preF_FD + F_primary/OCP_D)/(preF_FD + F_primary/B60) | D60: =OCP_E*(preF_FD + F_primary/OCP_E)/(preF_FD + F_primary/B60) | E60: =D_sh*(OCP_D/C60 - 1) | F60: =E_sh*(OCP_E/D60 - 1) | G60: =(preF_FD + E60 + F60 - preF_opts + J59 + K59 + F_primary/B60)/(1-B30) | H60: =MAX(0, B30*G60 - preF_opts) | I60: =preF_FD + E60 + F60 + H60 | J60: =NA_P/MIN(NA_cap/(I60+K59), (1-NA_disc)*B60) | K60: =NB_P/MIN(NB_cap/(I60+J60), (1-NB_disc)*B60) | L60: =F_primary/B60 | M60: =I60+J60+K60 | N60: =D30/M60 | O60: =IF(Y59*L60 > F_primary, 1, 0) | P60: =IF(Y59*(E_sh + F60) > E_inv, 1, 0) | Q60: =IF(Y59*(D_sh + E60) > D_inv, 1, 0) | R60: =IF(Y59*C_sh > C_inv, 1, 0) | S60: =IF(Y59*B_sh > B_inv, 1, 0) | T60: =IF(Y59*A_sh > A_inv, 1, 0) | U60: =IF(Y59*seed_sh > seed_inv, 1, 0) | V60: =(1-O60)*F_primary+(1-P60)*E_inv+(1-Q60)*D_inv+(1-R60)*C_inv+(1-S60)*B_inv+(1-T60)*A_inv+(1-U60)*seed_inv | W60: =MAX(0, sens_exit - V60) | X60: =F1_sh+F2_sh+F3_sh+RSA_sh+J60+K60+O60*L60+P60*(E_sh + F60)+Q60*(D_sh + E60)+R60*C_sh+S60*B_sh+T60*A_sh+U60*seed_sh | Y60: =(W60 + preF_opts_iss*opt_strike)/(X60 + preF_opts_iss)
B61: =N60 | C61: =OCP_D*(preF_FD + F_primary/OCP_D)/(preF_FD + F_primary/B61) | D61: =OCP_E*(preF_FD + F_primary/OCP_E)/(preF_FD + F_primary/B61) | E61: =D_sh*(OCP_D/C61 - 1) | F61: =E_sh*(OCP_E/D61 - 1) | G61: =(preF_FD + E61 + F61 - preF_opts + J60 + K60 + F_primary/B61)/(1-B30) | H61: =MAX(0, B30*G61 - preF_opts) | I61: =preF_FD + E61 + F61 + H61 | J61: =NA_P/MIN(NA_cap/(I61+K60), (1-NA_disc)*B61) | K61: =NB_P/MIN(NB_cap/(I61+J61), (1-NB_disc)*B61) | L61: =F_primary/B61 | M61: =I61+J61+K61 | N61: =D30/M61 | O61: =IF(Y60*L61 > F_primary, 1, 0) | P61: =IF(Y60*(E_sh + F61) > E_inv, 1, 0) | Q61: =IF(Y60*(D_sh + E61) > D_inv, 1, 0) | R61: =IF(Y60*C_sh > C_inv, 1, 0) | S61: =IF(Y60*B_sh > B_inv, 1, 0) | T61: =IF(Y60*A_sh > A_inv, 1, 0) | U61: =IF(Y60*seed_sh > seed_inv, 1, 0) | V61: =(1-O61)*F_primary+(1-P61)*E_inv+(1-Q61)*D_inv+(1-R61)*C_inv+(1-S61)*B_inv+(1-T61)*A_inv+(1-U61)*seed_inv | W61: =MAX(0, sens_exit - V61) | X61: =F1_sh+F2_sh+F3_sh+RSA_sh+J61+K61+O61*L61+P61*(E_sh + F61)+Q61*(D_sh + E61)+R61*C_sh+S61*B_sh+T61*A_sh+U61*seed_sh | Y61: =(W61 + preF_opts_iss*opt_strike)/(X61 + preF_opts_iss)
B62: =N61 | C62: =OCP_D*(preF_FD + F_primary/OCP_D)/(preF_FD + F_primary/B62) | D62: =OCP_E*(preF_FD + F_primary/OCP_E)/(preF_FD + F_primary/B62) | E62: =D_sh*(OCP_D/C62 - 1) | F62: =E_sh*(OCP_E/D62 - 1) | G62: =(preF_FD + E62 + F62 - preF_opts + J61 + K61 + F_primary/B62)/(1-B30) | H62: =MAX(0, B30*G62 - preF_opts) | I62: =preF_FD + E62 + F62 + H62 | J62: =NA_P/MIN(NA_cap/(I62+K61), (1-NA_disc)*B62) | K62: =NB_P/MIN(NB_cap/(I62+J62), (1-NB_disc)*B62) | L62: =F_primary/B62 | M62: =I62+J62+K62 | N62: =D30/M62 | O62: =IF(Y61*L62 > F_primary, 1, 0) | P62: =IF(Y61*(E_sh + F62) > E_inv, 1, 0) | Q62: =IF(Y61*(D_sh + E62) > D_inv, 1, 0) | R62: =IF(Y61*C_sh > C_inv, 1, 0) | S62: =IF(Y61*B_sh > B_inv, 1, 0) | T62: =IF(Y61*A_sh > A_inv, 1, 0) | U62: =IF(Y61*seed_sh > seed_inv, 1, 0) | V62: =(1-O62)*F_primary+(1-P62)*E_inv+(1-Q62)*D_inv+(1-R62)*C_inv+(1-S62)*B_inv+(1-T62)*A_inv+(1-U62)*seed_inv | W62: =MAX(0, sens_exit - V62) | X62: =F1_sh+F2_sh+F3_sh+RSA_sh+J62+K62+O62*L62+P62*(E_sh + F62)+Q62*(D_sh + E62)+R62*C_sh+S62*B_sh+T62*A_sh+U62*seed_sh | Y62: =(W62 + preF_opts_iss*opt_strike)/(X62 + preF_opts_iss)
B63: =N62 | C63: =OCP_D*(preF_FD + F_primary/OCP_D)/(preF_FD + F_primary/B63) | D63: =OCP_E*(preF_FD + F_primary/OCP_E)/(preF_FD + F_primary/B63) | E63: =D_sh*(OCP_D/C63 - 1) | F63: =E_sh*(OCP_E/D63 - 1) | G63: =(preF_FD + E63 + F63 - preF_opts + J62 + K62 + F_primary/B63)/(1-B30) | H63: =MAX(0, B30*G63 - preF_opts) | I63: =preF_FD + E63 + F63 + H63 | J63: =NA_P/MIN(NA_cap/(I63+K62), (1-NA_disc)*B63) | K63: =NB_P/MIN(NB_cap/(I63+J63), (1-NB_disc)*B63) | L63: =F_primary/B63 | M63: =I63+J63+K63 | N63: =D30/M63 | O63: =IF(Y62*L63 > F_primary, 1, 0) | P63: =IF(Y62*(E_sh + F63) > E_inv, 1, 0) | Q63: =IF(Y62*(D_sh + E63) > D_inv, 1, 0) | R63: =IF(Y62*C_sh > C_inv, 1, 0) | S63: =IF(Y62*B_sh > B_inv, 1, 0) | T63: =IF(Y62*A_sh > A_inv, 1, 0) | U63: =IF(Y62*seed_sh > seed_inv, 1, 0) | V63: =(1-O63)*F_primary+(1-P63)*E_inv+(1-Q63)*D_inv+(1-R63)*C_inv+(1-S63)*B_inv+(1-T63)*A_inv+(1-U63)*seed_inv | W63: =MAX(0, sens_exit - V63) | X63: =F1_sh+F2_sh+F3_sh+RSA_sh+J63+K63+O63*L63+P63*(E_sh + F63)+Q63*(D_sh + E63)+R63*C_sh+S63*B_sh+T63*A_sh+U63*seed_sh | Y63: =(W63 + preF_opts_iss*opt_strike)/(X63 + preF_opts_iss)
B64: =N63 | C64: =OCP_D*(preF_FD + F_primary/OCP_D)/(preF_FD + F_primary/B64) | D64: =OCP_E*(preF_FD + F_primary/OCP_E)/(preF_FD + F_primary/B64) | E64: =D_sh*(OCP_D/C64 - 1) | F64: =E_sh*(OCP_E/D64 - 1) | G64: =(preF_FD + E64 + F64 - preF_opts + J63 + K63 + F_primary/B64)/(1-B30) | H64: =MAX(0, B30*G64 - preF_opts) | I64: =preF_FD + E64 + F64 + H64 | J64: =NA_P/MIN(NA_cap/(I64+K63), (1-NA_disc)*B64) | K64: =NB_P/MIN(NB_cap/(I64+J64), (1-NB_disc)*B64) | L64: =F_primary/B64 | M64: =I64+J64+K64 | N64: =D30/M64 | O64: =IF(Y63*L64 > F_primary, 1, 0) | P64: =IF(Y63*(E_sh + F64) > E_inv, 1, 0) | Q64: =IF(Y63*(D_sh + E64) > D_inv, 1, 0) | R64: =IF(Y63*C_sh > C_inv, 1, 0) | S64: =IF(Y63*B_sh > B_inv, 1, 0) | T64: =IF(Y63*A_sh > A_inv, 1, 0) | U64: =IF(Y63*seed_sh > seed_inv, 1, 0) | V64: =(1-O64)*F_primary+(1-P64)*E_inv+(1-Q64)*D_inv+(1-R64)*C_inv+(1-S64)*B_inv+(1-T64)*A_inv+(1-U64)*seed_inv | W64: =MAX(0, sens_exit - V64) | X64: =F1_sh+F2_sh+F3_sh+RSA_sh+J64+K64+O64*L64+P64*(E_sh + F64)+Q64*(D_sh + E64)+R64*C_sh+S64*B_sh+T64*A_sh+U64*seed_sh | Y64: =(W64 + preF_opts_iss*opt_strike)/(X64 + preF_opts_iss)
B65: =N64 | C65: =OCP_D*(preF_FD + F_primary/OCP_D)/(preF_FD + F_primary/B65) | D65: =OCP_E*(preF_FD + F_primary/OCP_E)/(preF_FD + F_primary/B65) | E65: =D_sh*(OCP_D/C65 - 1) | F65: =E_sh*(OCP_E/D65 - 1) | G65: =(preF_FD + E65 + F65 - preF_opts + J64 + K64 + F_primary/B65)/(1-B30) | H65: =MAX(0, B30*G65 - preF_opts) | I65: =preF_FD + E65 + F65 + H65 | J65: =NA_P/MIN(NA_cap/(I65+K64), (1-NA_disc)*B65) | K65: =NB_P/MIN(NB_cap/(I65+J65), (1-NB_disc)*B65) | L65: =F_primary/B65 | M65: =I65+J65+K65 | N65: =D30/M65 | O65: =IF(Y64*L65 > F_primary, 1, 0) | P65: =IF(Y64*(E_sh + F65) > E_inv, 1, 0) | Q65: =IF(Y64*(D_sh + E65) > D_inv, 1, 0) | R65: =IF(Y64*C_sh > C_inv, 1, 0) | S65: =IF(Y64*B_sh > B_inv, 1, 0) | T65: =IF(Y64*A_sh > A_inv, 1, 0) | U65: =IF(Y64*seed_sh > seed_inv, 1, 0) | V65: =(1-O65)*F_primary+(1-P65)*E_inv+(1-Q65)*D_inv+(1-R65)*C_inv+(1-S65)*B_inv+(1-T65)*A_inv+(1-U65)*seed_inv | W65: =MAX(0, sens_exit - V65) | X65: =F1_sh+F2_sh+F3_sh+RSA_sh+J65+K65+O65*L65+P65*(E_sh + F65)+Q65*(D_sh + E65)+R65*C_sh+S65*B_sh+T65*A_sh+U65*seed_sh | Y65: =(W65 + preF_opts_iss*opt_strike)/(X65 + preF_opts_iss)
B66: =N65 | C66: =OCP_D*(preF_FD + F_primary/OCP_D)/(preF_FD + F_primary/B66) | D66: =OCP_E*(preF_FD + F_primary/OCP_E)/(preF_FD + F_primary/B66) | E66: =D_sh*(OCP_D/C66 - 1) | F66: =E_sh*(OCP_E/D66 - 1) | G66: =(preF_FD + E66 + F66 - preF_opts + J65 + K65 + F_primary/B66)/(1-B30) | H66: =MAX(0, B30*G66 - preF_opts) | I66: =preF_FD + E66 + F66 + H66 | J66: =NA_P/MIN(NA_cap/(I66+K65), (1-NA_disc)*B66) | K66: =NB_P/MIN(NB_cap/(I66+J66), (1-NB_disc)*B66) | L66: =F_primary/B66 | M66: =I66+J66+K66 | N66: =D30/M66 | O66: =IF(Y65*L66 > F_primary, 1, 0) | P66: =IF(Y65*(E_sh + F66) > E_inv, 1, 0) | Q66: =IF(Y65*(D_sh + E66) > D_inv, 1, 0) | R66: =IF(Y65*C_sh > C_inv, 1, 0) | S66: =IF(Y65*B_sh > B_inv, 1, 0) | T66: =IF(Y65*A_sh > A_inv, 1, 0) | U66: =IF(Y65*seed_sh > seed_inv, 1, 0) | V66: =(1-O66)*F_primary+(1-P66)*E_inv+(1-Q66)*D_inv+(1-R66)*C_inv+(1-S66)*B_inv+(1-T66)*A_inv+(1-U66)*seed_inv | W66: =MAX(0, sens_exit - V66) | X66: =F1_sh+F2_sh+F3_sh+RSA_sh+J66+K66+O66*L66+P66*(E_sh + F66)+Q66*(D_sh + E66)+R66*C_sh+S66*B_sh+T66*A_sh+U66*seed_sh | Y66: =(W66 + preF_opts_iss*opt_strike)/(X66 + preF_opts_iss)
B67: =N66 | C67: =OCP_D*(preF_FD + F_primary/OCP_D)/(preF_FD + F_primary/B67) | D67: =OCP_E*(preF_FD + F_primary/OCP_E)/(preF_FD + F_primary/B67) | E67: =D_sh*(OCP_D/C67 - 1) | F67: =E_sh*(OCP_E/D67 - 1) | G67: =(preF_FD + E67 + F67 - preF_opts + J66 + K66 + F_primary/B67)/(1-B30) | H67: =MAX(0, B30*G67 - preF_opts) | I67: =preF_FD + E67 + F67 + H67 | J67: =NA_P/MIN(NA_cap/(I67+K66), (1-NA_disc)*B67) | K67: =NB_P/MIN(NB_cap/(I67+J67), (1-NB_disc)*B67) | L67: =F_primary/B67 | M67: =I67+J67+K67 | N67: =D30/M67 | O67: =IF(Y66*L67 > F_primary, 1, 0) | P67: =IF(Y66*(E_sh + F67) > E_inv, 1, 0) | Q67: =IF(Y66*(D_sh + E67) > D_inv, 1, 0) | R67: =IF(Y66*C_sh > C_inv, 1, 0) | S67: =IF(Y66*B_sh > B_inv, 1, 0) | T67: =IF(Y66*A_sh > A_inv, 1, 0) | U67: =IF(Y66*seed_sh > seed_inv, 1, 0) | V67: =(1-O67)*F_primary+(1-P67)*E_inv+(1-Q67)*D_inv+(1-R67)*C_inv+(1-S67)*B_inv+(1-T67)*A_inv+(1-U67)*seed_inv | W67: =MAX(0, sens_exit - V67) | X67: =F1_sh+F2_sh+F3_sh+RSA_sh+J67+K67+O67*L67+P67*(E_sh + F67)+Q67*(D_sh + E67)+R67*C_sh+S67*B_sh+T67*A_sh+U67*seed_sh | Y67: =(W67 + preF_opts_iss*opt_strike)/(X67 + preF_opts_iss)
B68: =N67 | C68: =OCP_D*(preF_FD + F_primary/OCP_D)/(preF_FD + F_primary/B68) | D68: =OCP_E*(preF_FD + F_primary/OCP_E)/(preF_FD + F_primary/B68) | E68: =D_sh*(OCP_D/C68 - 1) | F68: =E_sh*(OCP_E/D68 - 1) | G68: =(preF_FD + E68 + F68 - preF_opts + J67 + K67 + F_primary/B68)/(1-B30) | H68: =MAX(0, B30*G68 - preF_opts) | I68: =preF_FD + E68 + F68 + H68 | J68: =NA_P/MIN(NA_cap/(I68+K67), (1-NA_disc)*B68) | K68: =NB_P/MIN(NB_cap/(I68+J68), (1-NB_disc)*B68) | L68: =F_primary/B68 | M68: =I68+J68+K68 | N68: =D30/M68 | O68: =IF(Y67*L68 > F_primary, 1, 0) | P68: =IF(Y67*(E_sh + F68) > E_inv, 1, 0) | Q68: =IF(Y67*(D_sh + E68) > D_inv, 1, 0) | R68: =IF(Y67*C_sh > C_inv, 1, 0) | S68: =IF(Y67*B_sh > B_inv, 1, 0) | T68: =IF(Y67*A_sh > A_inv, 1, 0) | U68: =IF(Y67*seed_sh > seed_inv, 1, 0) | V68: =(1-O68)*F_primary+(1-P68)*E_inv+(1-Q68)*D_inv+(1-R68)*C_inv+(1-S68)*B_inv+(1-T68)*A_inv+(1-U68)*seed_inv | W68: =MAX(0, sens_exit - V68) | X68: =F1_sh+F2_sh+F3_sh+RSA_sh+J68+K68+O68*L68+P68*(E_sh + F68)+Q68*(D_sh + E68)+R68*C_sh+S68*B_sh+T68*A_sh+U68*seed_sh | Y68: =(W68 + preF_opts_iss*opt_strike)/(X68 + preF_opts_iss)
A69: --- Scenario 2: ESOP=sens_e_lo, Pre-money=sens_p_md ---
A70: ESOP | B70: =sens_e_lo | C70: Pre-money | D70: =sens_p_md | E70: F_PPS | F70: =N108 | G70: T_F | H70: =I108+J108+K108+L108 | I70: NA_sh | J70: =J108 | K70: NB_sh | L70: =K108 | M70: NA_branch | N70: =IF(NA_cap/(I108+K108) < (1-NA_disc)*N108, "cap", "discount") | O70: NB_branch | P70: =IF(NB_cap/(I108+J108) < (1-NB_disc)*N108, "cap", "discount")
A71: our_sh | B71: =our_check/F70 | C71: own% | D71: =B71/H70 | E71: F_election | F71: =IF(Y108*L108 > F_primary, "convert", "preference") | G71: F_payout | H71: =IF(F71="convert", Y108*L108, F_primary) | I71: our_$ | J71: =H71*our_check/F_primary
A73: iter | B73: F_PPS_in | C73: NCP_D | D73: NCP_E | E73: extras_D | F73: extras_E | G73: T_F | H73: topup | I73: preFD_nn | J73: NA_sh | K73: NB_sh | L73: F_prim_sh | M73: T_pre | N73: F_PPS_out | O73: ic_F | P73: ic_E | Q73: ic_D | R73: ic_C | S73: ic_B | T73: ic_A | U73: ic_Seed | V73: prefs_paid | W73: residual | X73: cv_shares | Y73: PPS_2B
B74: =D70/preF_FD | C74: =OCP_D*(preF_FD + F_primary/OCP_D)/(preF_FD + F_primary/B74) | D74: =OCP_E*(preF_FD + F_primary/OCP_E)/(preF_FD + F_primary/B74) | E74: =D_sh*(OCP_D/C74 - 1) | F74: =E_sh*(OCP_E/D74 - 1) | G74: =(preF_FD + E74 + F74 - preF_opts + 0 + 0 + F_primary/B74)/(1-B70) | H74: =MAX(0, B70*G74 - preF_opts) | I74: =preF_FD + E74 + F74 + H74 | J74: =NA_P/MIN(NA_cap/(I74+0), (1-NA_disc)*B74) | K74: =NB_P/MIN(NB_cap/(I74+J74), (1-NB_disc)*B74) | L74: =F_primary/B74 | M74: =I74+J74+K74 | N74: =D70/M74 | O74: =IF(0*L74 > F_primary, 1, 0) | P74: =IF(0*(E_sh + F74) > E_inv, 1, 0) | Q74: =IF(0*(D_sh + E74) > D_inv, 1, 0) | R74: =IF(0*C_sh > C_inv, 1, 0) | S74: =IF(0*B_sh > B_inv, 1, 0) | T74: =IF(0*A_sh > A_inv, 1, 0) | U74: =IF(0*seed_sh > seed_inv, 1, 0) | V74: =(1-O74)*F_primary+(1-P74)*E_inv+(1-Q74)*D_inv+(1-R74)*C_inv+(1-S74)*B_inv+(1-T74)*A_inv+(1-U74)*seed_inv | W74: =MAX(0, sens_exit - V74) | X74: =F1_sh+F2_sh+F3_sh+RSA_sh+J74+K74+O74*L74+P74*(E_sh + F74)+Q74*(D_sh + E74)+R74*C_sh+S74*B_sh+T74*A_sh+U74*seed_sh | Y74: =(W74 + preF_opts_iss*opt_strike)/(X74 + preF_opts_iss)
B75: =N74 | C75: =OCP_D*(preF_FD + F_primary/OCP_D)/(preF_FD + F_primary/B75) | D75: =OCP_E*(preF_FD + F_primary/OCP_E)/(preF_FD + F_primary/B75) | E75: =D_sh*(OCP_D/C75 - 1) | F75: =E_sh*(OCP_E/D75 - 1) | G75: =(preF_FD + E75 + F75 - preF_opts + J74 + K74 + F_primary/B75)/(1-B70) | H75: =MAX(0, B70*G75 - preF_opts) | I75: =preF_FD + E75 + F75 + H75 | J75: =NA_P/MIN(NA_cap/(I75+K74), (1-NA_disc)*B75) | K75: =NB_P/MIN(NB_cap/(I75+J75), (1-NB_disc)*B75) | L75: =F_primary/B75 | M75: =I75+J75+K75 | N75: =D70/M75 | O75: =IF(Y74*L75 > F_primary, 1, 0) | P75: =IF(Y74*(E_sh + F75) > E_inv, 1, 0) | Q75: =IF(Y74*(D_sh + E75) > D_inv, 1, 0) | R75: =IF(Y74*C_sh > C_inv, 1, 0) | S75: =IF(Y74*B_sh > B_inv, 1, 0) | T75: =IF(Y74*A_sh > A_inv, 1, 0) | U75: =IF(Y74*seed_sh > seed_inv, 1, 0) | V75: =(1-O75)*F_primary+(1-P75)*E_inv+(1-Q75)*D_inv+(1-R75)*C_inv+(1-S75)*B_inv+(1-T75)*A_inv+(1-U75)*seed_inv | W75: =MAX(0, sens_exit - V75) | X75: =F1_sh+F2_sh+F3_sh+RSA_sh+J75+K75+O75*L75+P75*(E_sh + F75)+Q75*(D_sh + E75)+R75*C_sh+S75*B_sh+T75*A_sh+U75*seed_sh | Y75: =(W75 + preF_opts_iss*opt_strike)/(X75 + preF_opts_iss)
B76: =N75 | C76: =OCP_D*(preF_FD + F_primary/OCP_D)/(preF_FD + F_primary/B76) | D76: =OCP_E*(preF_FD + F_primary/OCP_E)/(preF_FD + F_primary/B76) | E76: =D_sh*(OCP_D/C76 - 1) | F76: =E_sh*(OCP_E/D76 - 1) | G76: =(preF_FD + E76 + F76 - preF_opts + J75 + K75 + F_primary/B76)/(1-B70) | H76: =MAX(0, B70*G76 - preF_opts) | I76: =preF_FD + E76 + F76 + H76 | J76: =NA_P/MIN(NA_cap/(I76+K75), (1-NA_disc)*B76) | K76: =NB_P/MIN(NB_cap/(I76+J76), (1-NB_disc)*B76) | L76: =F_primary/B76 | M76: =I76+J76+K76 | N76: =D70/M76 | O76: =IF(Y75*L76 > F_primary, 1, 0) | P76: =IF(Y75*(E_sh + F76) > E_inv, 1, 0) | Q76: =IF(Y75*(D_sh + E76) > D_inv, 1, 0) | R76: =IF(Y75*C_sh > C_inv, 1, 0) | S76: =IF(Y75*B_sh > B_inv, 1, 0) | T76: =IF(Y75*A_sh > A_inv, 1, 0) | U76: =IF(Y75*seed_sh > seed_inv, 1, 0) | V76: =(1-O76)*F_primary+(1-P76)*E_inv+(1-Q76)*D_inv+(1-R76)*C_inv+(1-S76)*B_inv+(1-T76)*A_inv+(1-U76)*seed_inv | W76: =MAX(0, sens_exit - V76) | X76: =F1_sh+F2_sh+F3_sh+RSA_sh+J76+K76+O76*L76+P76*(E_sh + F76)+Q76*(D_sh + E76)+R76*C_sh+S76*B_sh+T76*A_sh+U76*seed_sh | Y76: =(W76 + preF_opts_iss*opt_strike)/(X76 + preF_opts_iss)
B77: =N76 | C77: =OCP_D*(preF_FD + F_primary/OCP_D)/(preF_FD + F_primary/B77) | D77: =OCP_E*(preF_FD + F_primary/OCP_E)/(preF_FD + F_primary/B77) | E77: =D_sh*(OCP_D/C77 - 1) | F77: =E_sh*(OCP_E/D77 - 1) | G77: =(preF_FD + E77 + F77 - preF_opts + J76 + K76 + F_primary/B77)/(1-B70) | H77: =MAX(0, B70*G77 - preF_opts) | I77: =preF_FD + E77 + F77 + H77 | J77: =NA_P/MIN(NA_cap/(I77+K76), (1-NA_disc)*B77) | K77: =NB_P/MIN(NB_cap/(I77+J77), (1-NB_disc)*B77) | L77: =F_primary/B77 | M77: =I77+J77+K77 | N77: =D70/M77 | O77: =IF(Y76*L77 > F_primary, 1, 0) | P77: =IF(Y76*(E_sh + F77) > E_inv, 1, 0) | Q77: =IF(Y76*(D_sh + E77) > D_inv, 1, 0) | R77: =IF(Y76*C_sh > C_inv, 1, 0) | S77: =IF(Y76*B_sh > B_inv, 1, 0) | T77: =IF(Y76*A_sh > A_inv, 1, 0) | U77: =IF(Y76*seed_sh > seed_inv, 1, 0) | V77: =(1-O77)*F_primary+(1-P77)*E_inv+(1-Q77)*D_inv+(1-R77)*C_inv+(1-S77)*B_inv+(1-T77)*A_inv+(1-U77)*seed_inv | W77: =MAX(0, sens_exit - V77) | X77: =F1_sh+F2_sh+F3_sh+RSA_sh+J77+K77+O77*L77+P77*(E_sh + F77)+Q77*(D_sh + E77)+R77*C_sh+S77*B_sh+T77*A_sh+U77*seed_sh | Y77: =(W77 + preF_opts_iss*opt_strike)/(X77 + preF_opts_iss)
B78: =N77 | C78: =OCP_D*(preF_FD + F_primary/OCP_D)/(preF_FD + F_primary/B78) | D78: =OCP_E*(preF_FD + F_primary/OCP_E)/(preF_FD + F_primary/B78) | E78: =D_sh*(OCP_D/C78 - 1) | F78: =E_sh*(OCP_E/D78 - 1) | G78: =(preF_FD + E78 + F78 - preF_opts + J77 + K77 + F_primary/B78)/(1-B70) | H78: =MAX(0, B70*G78 - preF_opts) | I78: =preF_FD + E78 + F78 + H78 | J78: =NA_P/MIN(NA_cap/(I78+K77), (1-NA_disc)*B78) | K78: =NB_P/MIN(NB_cap/(I78+J78), (1-NB_disc)*B78) | L78: =F_primary/B78 | M78: =I78+J78+K78 | N78: =D70/M78 | O78: =IF(Y77*L78 > F_primary, 1, 0) | P78: =IF(Y77*(E_sh + F78) > E_inv, 1, 0) | Q78: =IF(Y77*(D_sh + E78) > D_inv, 1, 0) | R78: =IF(Y77*C_sh > C_inv, 1, 0) | S78: =IF(Y77*B_sh > B_inv, 1, 0) | T78: =IF(Y77*A_sh > A_inv, 1, 0) | U78: =IF(Y77*seed_sh > seed_inv, 1, 0) | V78: =(1-O78)*F_primary+(1-P78)*E_inv+(1-Q78)*D_inv+(1-R78)*C_inv+(1-S78)*B_inv+(1-T78)*A_inv+(1-U78)*seed_inv | W78: =MAX(0, sens_exit - V78) | X78: =F1_sh+F2_sh+F3_sh+RSA_sh+J78+K78+O78*L78+P78*(E_sh + F78)+Q78*(D_sh + E78)+R78*C_sh+S78*B_sh+T78*A_sh+U78*seed_sh | Y78: =(W78 + preF_opts_iss*opt_strike)/(X78 + preF_opts_iss)
B79: =N78 | C79: =OCP_D*(preF_FD + F_primary/OCP_D)/(preF_FD + F_primary/B79) | D79: =OCP_E*(preF_FD + F_primary/OCP_E)/(preF_FD + F_primary/B79) | E79: =D_sh*(OCP_D/C79 - 1) | F79: =E_sh*(OCP_E/D79 - 1) | G79: =(preF_FD + E79 + F79 - preF_opts + J78 + K78 + F_primary/B79)/(1-B70) | H79: =MAX(0, B70*G79 - preF_opts) | I79: =preF_FD + E79 + F79 + H79 | J79: =NA_P/MIN(NA_cap/(I79+K78), (1-NA_disc)*B79) | K79: =NB_P/MIN(NB_cap/(I79+J79), (1-NB_disc)*B79) | L79: =F_primary/B79 | M79: =I79+J79+K79 | N79: =D70/M79 | O79: =IF(Y78*L79 > F_primary, 1, 0) | P79: =IF(Y78*(E_sh + F79) > E_inv, 1, 0) | Q79: =IF(Y78*(D_sh + E79) > D_inv, 1, 0) | R79: =IF(Y78*C_sh > C_inv, 1, 0) | S79: =IF(Y78*B_sh > B_inv, 1, 0) | T79: =IF(Y78*A_sh > A_inv, 1, 0) | U79: =IF(Y78*seed_sh > seed_inv, 1, 0) | V79: =(1-O79)*F_primary+(1-P79)*E_inv+(1-Q79)*D_inv+(1-R79)*C_inv+(1-S79)*B_inv+(1-T79)*A_inv+(1-U79)*seed_inv | W79: =MAX(0, sens_exit - V79) | X79: =F1_sh+F2_sh+F3_sh+RSA_sh+J79+K79+O79*L79+P79*(E_sh + F79)+Q79*(D_sh + E79)+R79*C_sh+S79*B_sh+T79*A_sh+U79*seed_sh | Y79: =(W79 + preF_opts_iss*opt_strike)/(X79 + preF_opts_iss)
B80: =N79 | C80: =OCP_D*(preF_FD + F_primary/OCP_D)/(preF_FD + F_primary/B80) | D80: =OCP_E*(preF_FD + F_primary/OCP_E)/(preF_FD + F_primary/B80) | E80: =D_sh*(OCP_D/C80 - 1) | F80: =E_sh*(OCP_E/D80 - 1) | G80: =(preF_FD + E80 + F80 - preF_opts + J79 + K79 + F_primary/B80)/(1-B70) | H80: =MAX(0, B70*G80 - preF_opts) | I80: =preF_FD + E80 + F80 + H80 | J80: =NA_P/MIN(NA_cap/(I80+K79), (1-NA_disc)*B80) | K80: =NB_P/MIN(NB_cap/(I80+J80), (1-NB_disc)*B80) | L80: =F_primary/B80 | M80: =I80+J80+K80 | N80: =D70/M80 | O80: =IF(Y79*L80 > F_primary, 1, 0) | P80: =IF(Y79*(E_sh + F80) > E_inv, 1, 0) | Q80: =IF(Y79*(D_sh + E80) > D_inv, 1, 0) | R80: =IF(Y79*C_sh > C_inv, 1, 0) | S80: =IF(Y79*B_sh > B_inv, 1, 0) | T80: =IF(Y79*A_sh > A_inv, 1, 0) | U80: =IF(Y79*seed_sh > seed_inv, 1, 0) | V80: =(1-O80)*F_primary+(1-P80)*E_inv+(1-Q80)*D_inv+(1-R80)*C_inv+(1-S80)*B_inv+(1-T80)*A_inv+(1-U80)*seed_inv | W80: =MAX(0, sens_exit - V80) | X80: =F1_sh+F2_sh+F3_sh+RSA_sh+J80+K80+O80*L80+P80*(E_sh + F80)+Q80*(D_sh + E80)+R80*C_sh+S80*B_sh+T80*A_sh+U80*seed_sh | Y80: =(W80 + preF_opts_iss*opt_strike)/(X80 + preF_opts_iss)
B81: =N80 | C81: =OCP_D*(preF_FD + F_primary/OCP_D)/(preF_FD + F_primary/B81) | D81: =OCP_E*(preF_FD + F_primary/OCP_E)/(preF_FD + F_primary/B81) | E81: =D_sh*(OCP_D/C81 - 1) | F81: =E_sh*(OCP_E/D81 - 1) | G81: =(preF_FD + E81 + F81 - preF_opts + J80 + K80 + F_primary/B81)/(1-B70) | H81: =MAX(0, B70*G81 - preF_opts) | I81: =preF_FD + E81 + F81 + H81 | J81: =NA_P/MIN(NA_cap/(I81+K80), (1-NA_disc)*B81) | K81: =NB_P/MIN(NB_cap/(I81+J81), (1-NB_disc)*B81) | L81: =F_primary/B81 | M81: =I81+J81+K81 | N81: =D70/M81 | O81: =IF(Y80*L81 > F_primary, 1, 0) | P81: =IF(Y80*(E_sh + F81) > E_inv, 1, 0) | Q81: =IF(Y80*(D_sh + E81) > D_inv, 1, 0) | R81: =IF(Y80*C_sh > C_inv, 1, 0) | S81: =IF(Y80*B_sh > B_inv, 1, 0) | T81: =IF(Y80*A_sh > A_inv, 1, 0) | U81: =IF(Y80*seed_sh > seed_inv, 1, 0) | V81: =(1-O81)*F_primary+(1-P81)*E_inv+(1-Q81)*D_inv+(1-R81)*C_inv+(1-S81)*B_inv+(1-T81)*A_inv+(1-U81)*seed_inv | W81: =MAX(0, sens_exit - V81) | X81: =F1_sh+F2_sh+F3_sh+RSA_sh+J81+K81+O81*L81+P81*(E_sh + F81)+Q81*(D_sh + E81)+R81*C_sh+S81*B_sh+T81*A_sh+U81*seed_sh | Y81: =(W81 + preF_opts_iss*opt_strike)/(X81 + preF_opts_iss)
B82: =N81 | C82: =OCP_D*(preF_FD + F_primary/OCP_D)/(preF_FD + F_primary/B82) | D82: =OCP_E*(preF_FD + F_primary/OCP_E)/(preF_FD + F_primary/B82) | E82: =D_sh*(OCP_D/C82 - 1) | F82: =E_sh*(OCP_E/D82 - 1) | G82: =(preF_FD + E82 + F82 - preF_opts + J81 + K81 + F_primary/B82)/(1-B70) | H82: =MAX(0, B70*G82 - preF_opts) | I82: =preF_FD + E82 + F82 + H82 | J82: =NA_P/MIN(NA_cap/(I82+K81), (1-NA_disc)*B82) | K82: =NB_P/MIN(NB_cap/(I82+J82), (1-NB_disc)*B82) | L82: =F_primary/B82 | M82: =I82+J82+K82 | N82: =D70/M82 | O82: =IF(Y81*L82 > F_primary, 1, 0) | P82: =IF(Y81*(E_sh + F82) > E_inv, 1, 0) | Q82: =IF(Y81*(D_sh + E82) > D_inv, 1, 0) | R82: =IF(Y81*C_sh > C_inv, 1, 0) | S82: =IF(Y81*B_sh > B_inv, 1, 0) | T82: =IF(Y81*A_sh > A_inv, 1, 0) | U82: =IF(Y81*seed_sh > seed_inv, 1, 0) | V82: =(1-O82)*F_primary+(1-P82)*E_inv+(1-Q82)*D_inv+(1-R82)*C_inv+(1-S82)*B_inv+(1-T82)*A_inv+(1-U82)*seed_inv | W82: =MAX(0, sens_exit - V82) | X82: =F1_sh+F2_sh+F3_sh+RSA_sh+J82+K82+O82*L82+P82*(E_sh + F82)+Q82*(D_sh + E82)+R82*C_sh+S82*B_sh+T82*A_sh+U82*seed_sh | Y82: =(W82 + preF_opts_iss*opt_strike)/(X82 + preF_opts_iss)
B83: =N82 | C83: =OCP_D*(preF_FD + F_primary/OCP_D)/(preF_FD + F_primary/B83) | D83: =OCP_E*(preF_FD + F_primary/OCP_E)/(preF_FD + F_primary/B83) | E83: =D_sh*(OCP_D/C83 - 1) | F83: =E_sh*(OCP_E/D83 - 1) | G83: =(preF_FD + E83 + F83 - preF_opts + J82 + K82 + F_primary/B83)/(1-B70) | H83: =MAX(0, B70*G83 - preF_opts) | I83: =preF_FD + E83 + F83 + H83 | J83: =NA_P/MIN(NA_cap/(I83+K82), (1-NA_disc)*B83) | K83: =NB_P/MIN(NB_cap/(I83+J83), (1-NB_disc)*B83) | L83: =F_primary/B83 | M83: =I83+J83+K83 | N83: =D70/M83 | O83: =IF(Y82*L83 > F_primary, 1, 0) | P83: =IF(Y82*(E_sh + F83) > E_inv, 1, 0) | Q83: =IF(Y82*(D_sh + E83) > D_inv, 1, 0) | R83: =IF(Y82*C_sh > C_inv, 1, 0) | S83: =IF(Y82*B_sh > B_inv, 1, 0) | T83: =IF(Y82*A_sh > A_inv, 1, 0) | U83: =IF(Y82*seed_sh > seed_inv, 1, 0) | V83: =(1-O83)*F_primary+(1-P83)*E_inv+(1-Q83)*D_inv+(1-R83)*C_inv+(1-S83)*B_inv+(1-T83)*A_inv+(1-U83)*seed_inv | W83: =MAX(0, sens_exit - V83) | X83: =F1_sh+F2_sh+F3_sh+RSA_sh+J83+K83+O83*L83+P83*(E_sh + F83)+Q83*(D_sh + E83)+R83*C_sh+S83*B_sh+T83*A_sh+U83*seed_sh | Y83: =(W83 + preF_opts_iss*opt_strike)/(X83 + preF_opts_iss)
B84: =N83 | C84: =OCP_D*(preF_FD + F_primary/OCP_D)/(preF_FD + F_primary/B84) | D84: =OCP_E*(preF_FD + F_primary/OCP_E)/(preF_FD + F_primary/B84) | E84: =D_sh*(OCP_D/C84 - 1) | F84: =E_sh*(OCP_E/D84 - 1) | G84: =(preF_FD + E84 + F84 - preF_opts + J83 + K83 + F_primary/B84)/(1-B70) | H84: =MAX(0, B70*G84 - preF_opts) | I84: =preF_FD + E84 + F84 + H84 | J84: =NA_P/MIN(NA_cap/(I84+K83), (1-NA_disc)*B84) | K84: =NB_P/MIN(NB_cap/(I84+J84), (1-NB_disc)*B84) | L84: =F_primary/B84 | M84: =I84+J84+K84 | N84: =D70/M84 | O84: =IF(Y83*L84 > F_primary, 1, 0) | P84: =IF(Y83*(E_sh + F84) > E_inv, 1, 0) | Q84: =IF(Y83*(D_sh + E84) > D_inv, 1, 0) | R84: =IF(Y83*C_sh > C_inv, 1, 0) | S84: =IF(Y83*B_sh > B_inv, 1, 0) | T84: =IF(Y83*A_sh > A_inv, 1, 0) | U84: =IF(Y83*seed_sh > seed_inv, 1, 0) | V84: =(1-O84)*F_primary+(1-P84)*E_inv+(1-Q84)*D_inv+(1-R84)*C_inv+(1-S84)*B_inv+(1-T84)*A_inv+(1-U84)*seed_inv | W84: =MAX(0, sens_exit - V84) | X84: =F1_sh+F2_sh+F3_sh+RSA_sh+J84+K84+O84*L84+P84*(E_sh + F84)+Q84*(D_sh + E84)+R84*C_sh+S84*B_sh+T84*A_sh+U84*seed_sh | Y84: =(W84 + preF_opts_iss*opt_strike)/(X84 + preF_opts_iss)
B85: =N84 | C85: =OCP_D*(preF_FD + F_primary/OCP_D)/(preF_FD + F_primary/B85) | D85: =OCP_E*(preF_FD + F_primary/OCP_E)/(preF_FD + F_primary/B85) | E85: =D_sh*(OCP_D/C85 - 1) | F85: =E_sh*(OCP_E/D85 - 1) | G85: =(preF_FD + E85 + F85 - preF_opts + J84 + K84 + F_primary/B85)/(1-B70) | H85: =MAX(0, B70*G85 - preF_opts) | I85: =preF_FD + E85 + F85 + H85 | J85: =NA_P/MIN(NA_cap/(I85+K84), (1-NA_disc)*B85) | K85: =NB_P/MIN(NB_cap/(I85+J85), (1-NB_disc)*B85) | L85: =F_primary/B85 | M85: =I85+J85+K85 | N85: =D70/M85 | O85: =IF(Y84*L85 > F_primary, 1, 0) | P85: =IF(Y84*(E_sh + F85) > E_inv, 1, 0) | Q85: =IF(Y84*(D_sh + E85) > D_inv, 1, 0) | R85: =IF(Y84*C_sh > C_inv, 1, 0) | S85: =IF(Y84*B_sh > B_inv, 1, 0) | T85: =IF(Y84*A_sh > A_inv, 1, 0) | U85: =IF(Y84*seed_sh > seed_inv, 1, 0) | V85: =(1-O85)*F_primary+(1-P85)*E_inv+(1-Q85)*D_inv+(1-R85)*C_inv+(1-S85)*B_inv+(1-T85)*A_inv+(1-U85)*seed_inv | W85: =MAX(0, sens_exit - V85) | X85: =F1_sh+F2_sh+F3_sh+RSA_sh+J85+K85+O85*L85+P85*(E_sh + F85)+Q85*(D_sh + E85)+R85*C_sh+S85*B_sh+T85*A_sh+U85*seed_sh | Y85: =(W85 + preF_opts_iss*opt_strike)/(X85 + preF_opts_iss)
B86: =N85 | C86: =OCP_D*(preF_FD + F_primary/OCP_D)/(preF_FD + F_primary/B86) | D86: =OCP_E*(preF_FD + F_primary/OCP_E)/(preF_FD + F_primary/B86) | E86: =D_sh*(OCP_D/C86 - 1) | F86: =E_sh*(OCP_E/D86 - 1) | G86: =(preF_FD + E86 + F86 - preF_opts + J85 + K85 + F_primary/B86)/(1-B70) | H86: =MAX(0, B70*G86 - preF_opts) | I86: =preF_FD + E86 + F86 + H86 | J86: =NA_P/MIN(NA_cap/(I86+K85), (1-NA_disc)*B86) | K86: =NB_P/MIN(NB_cap/(I86+J86), (1-NB_disc)*B86) | L86: =F_primary/B86 | M86: =I86+J86+K86 | N86: =D70/M86 | O86: =IF(Y85*L86 > F_primary, 1, 0) | P86: =IF(Y85*(E_sh + F86) > E_inv, 1, 0) | Q86: =IF(Y85*(D_sh + E86) > D_inv, 1, 0) | R86: =IF(Y85*C_sh > C_inv, 1, 0) | S86: =IF(Y85*B_sh > B_inv, 1, 0) | T86: =IF(Y85*A_sh > A_inv, 1, 0) | U86: =IF(Y85*seed_sh > seed_inv, 1, 0) | V86: =(1-O86)*F_primary+(1-P86)*E_inv+(1-Q86)*D_inv+(1-R86)*C_inv+(1-S86)*B_inv+(1-T86)*A_inv+(1-U86)*seed_inv | W86: =MAX(0, sens_exit - V86) | X86: =F1_sh+F2_sh+F3_sh+RSA_sh+J86+K86+O86*L86+P86*(E_sh + F86)+Q86*(D_sh + E86)+R86*C_sh+S86*B_sh+T86*A_sh+U86*seed_sh | Y86: =(W86 + preF_opts_iss*opt_strike)/(X86 + preF_opts_iss)
B87: =N86 | C87: =OCP_D*(preF_FD + F_primary/OCP_D)/(preF_FD + F_primary/B87) | D87: =OCP_E*(preF_FD + F_primary/OCP_E)/(preF_FD + F_primary/B87) | E87: =D_sh*(OCP_D/C87 - 1) | F87: =E_sh*(OCP_E/D87 - 1) | G87: =(preF_FD + E87 + F87 - preF_opts + J86 + K86 + F_primary/B87)/(1-B70) | H87: =MAX(0, B70*G87 - preF_opts) | I87: =preF_FD + E87 + F87 + H87 | J87: =NA_P/MIN(NA_cap/(I87+K86), (1-NA_disc)*B87) | K87: =NB_P/MIN(NB_cap/(I87+J87), (1-NB_disc)*B87) | L87: =F_primary/B87 | M87: =I87+J87+K87 | N87: =D70/M87 | O87: =IF(Y86*L87 > F_primary, 1, 0) | P87: =IF(Y86*(E_sh + F87) > E_inv, 1, 0) | Q87: =IF(Y86*(D_sh + E87) > D_inv, 1, 0) | R87: =IF(Y86*C_sh > C_inv, 1, 0) | S87: =IF(Y86*B_sh > B_inv, 1, 0) | T87: =IF(Y86*A_sh > A_inv, 1, 0) | U87: =IF(Y86*seed_sh > seed_inv, 1, 0) | V87: =(1-O87)*F_primary+(1-P87)*E_inv+(1-Q87)*D_inv+(1-R87)*C_inv+(1-S87)*B_inv+(1-T87)*A_inv+(1-U87)*seed_inv | W87: =MAX(0, sens_exit - V87) | X87: =F1_sh+F2_sh+F3_sh+RSA_sh+J87+K87+O87*L87+P87*(E_sh + F87)+Q87*(D_sh + E87)+R87*C_sh+S87*B_sh+T87*A_sh+U87*seed_sh | Y87: =(W87 + preF_opts_iss*opt_strike)/(X87 + preF_opts_iss)
B88: =N87 | C88: =OCP_D*(preF_FD + F_primary/OCP_D)/(preF_FD + F_primary/B88) | D88: =OCP_E*(preF_FD + F_primary/OCP_E)/(preF_FD + F_primary/B88) | E88: =D_sh*(OCP_D/C88 - 1) | F88: =E_sh*(OCP_E/D88 - 1) | G88: =(preF_FD + E88 + F88 - preF_opts + J87 + K87 + F_primary/B88)/(1-B70) | H88: =MAX(0, B70*G88 - preF_opts) | I88: =preF_FD + E88 + F88 + H88 | J88: =NA_P/MIN(NA_cap/(I88+K87), (1-NA_disc)*B88) | K88: =NB_P/MIN(NB_cap/(I88+J88), (1-NB_disc)*B88) | L88: =F_primary/B88 | M88: =I88+J88+K88 | N88: =D70/M88 | O88: =IF(Y87*L88 > F_primary, 1, 0) | P88: =IF(Y87*(E_sh + F88) > E_inv, 1, 0) | Q88: =IF(Y87*(D_sh + E88) > D_inv, 1, 0) | R88: =IF(Y87*C_sh > C_inv, 1, 0) | S88: =IF(Y87*B_sh > B_inv, 1, 0) | T88: =IF(Y87*A_sh > A_inv, 1, 0) | U88: =IF(Y87*seed_sh > seed_inv, 1, 0) | V88: =(1-O88)*F_primary+(1-P88)*E_inv+(1-Q88)*D_inv+(1-R88)*C_inv+(1-S88)*B_inv+(1-T88)*A_inv+(1-U88)*seed_inv | W88: =MAX(0, sens_exit - V88) | X88: =F1_sh+F2_sh+F3_sh+RSA_sh+J88+K88+O88*L88+P88*(E_sh + F88)+Q88*(D_sh + E88)+R88*C_sh+S88*B_sh+T88*A_sh+U88*seed_sh | Y88: =(W88 + preF_opts_iss*opt_strike)/(X88 + preF_opts_iss)
B89: =N88 | C89: =OCP_D*(preF_FD + F_primary/OCP_D)/(preF_FD + F_primary/B89) | D89: =OCP_E*(preF_FD + F_primary/OCP_E)/(preF_FD + F_primary/B89) | E89: =D_sh*(OCP_D/C89 - 1) | F89: =E_sh*(OCP_E/D89 - 1) | G89: =(preF_FD + E89 + F89 - preF_opts + J88 + K88 + F_primary/B89)/(1-B70) | H89: =MAX(0, B70*G89 - preF_opts) | I89: =preF_FD + E89 + F89 + H89 | J89: =NA_P/MIN(NA_cap/(I89+K88), (1-NA_disc)*B89) | K89: =NB_P/MIN(NB_cap/(I89+J89), (1-NB_disc)*B89) | L89: =F_primary/B89 | M89: =I89+J89+K89 | N89: =D70/M89 | O89: =IF(Y88*L89 > F_primary, 1, 0) | P89: =IF(Y88*(E_sh + F89) > E_inv, 1, 0) | Q89: =IF(Y88*(D_sh + E89) > D_inv, 1, 0) | R89: =IF(Y88*C_sh > C_inv, 1, 0) | S89: =IF(Y88*B_sh > B_inv, 1, 0) | T89: =IF(Y88*A_sh > A_inv, 1, 0) | U89: =IF(Y88*seed_sh > seed_inv, 1, 0) | V89: =(1-O89)*F_primary+(1-P89)*E_inv+(1-Q89)*D_inv+(1-R89)*C_inv+(1-S89)*B_inv+(1-T89)*A_inv+(1-U89)*seed_inv | W89: =MAX(0, sens_exit - V89) | X89: =F1_sh+F2_sh+F3_sh+RSA_sh+J89+K89+O89*L89+P89*(E_sh + F89)+Q89*(D_sh + E89)+R89*C_sh+S89*B_sh+T89*A_sh+U89*seed_sh | Y89: =(W89 + preF_opts_iss*opt_strike)/(X89 + preF_opts_iss)
B90: =N89 | C90: =OCP_D*(preF_FD + F_primary/OCP_D)/(preF_FD + F_primary/B90) | D90: =OCP_E*(preF_FD + F_primary/OCP_E)/(preF_FD + F_primary/B90) | E90: =D_sh*(OCP_D/C90 - 1) | F90: =E_sh*(OCP_E/D90 - 1) | G90: =(preF_FD + E90 + F90 - preF_opts + J89 + K89 + F_primary/B90)/(1-B70) | H90: =MAX(0, B70*G90 - preF_opts) | I90: =preF_FD + E90 + F90 + H90 | J90: =NA_P/MIN(NA_cap/(I90+K89), (1-NA_disc)*B90) | K90: =NB_P/MIN(NB_cap/(I90+J90), (1-NB_disc)*B90) | L90: =F_primary/B90 | M90: =I90+J90+K90 | N90: =D70/M90 | O90: =IF(Y89*L90 > F_primary, 1, 0) | P90: =IF(Y89*(E_sh + F90) > E_inv, 1, 0) | Q90: =IF(Y89*(D_sh + E90) > D_inv, 1, 0) | R90: =IF(Y89*C_sh > C_inv, 1, 0) | S90: =IF(Y89*B_sh > B_inv, 1, 0) | T90: =IF(Y89*A_sh > A_inv, 1, 0) | U90: =IF(Y89*seed_sh > seed_inv, 1, 0) | V90: =(1-O90)*F_primary+(1-P90)*E_inv+(1-Q90)*D_inv+(1-R90)*C_inv+(1-S90)*B_inv+(1-T90)*A_inv+(1-U90)*seed_inv | W90: =MAX(0, sens_exit - V90) | X90: =F1_sh+F2_sh+F3_sh+RSA_sh+J90+K90+O90*L90+P90*(E_sh + F90)+Q90*(D_sh + E90)+R90*C_sh+S90*B_sh+T90*A_sh+U90*seed_sh | Y90: =(W90 + preF_opts_iss*opt_strike)/(X90 + preF_opts_iss)
B91: =N90 | C91: =OCP_D*(preF_FD + F_primary/OCP_D)/(preF_FD + F_primary/B91) | D91: =OCP_E*(preF_FD + F_primary/OCP_E)/(preF_FD + F_primary/B91) | E91: =D_sh*(OCP_D/C91 - 1) | F91: =E_sh*(OCP_E/D91 - 1) | G91: =(preF_FD + E91 + F91 - preF_opts + J90 + K90 + F_primary/B91)/(1-B70) | H91: =MAX(0, B70*G91 - preF_opts) | I91: =preF_FD + E91 + F91 + H91 | J91: =NA_P/MIN(NA_cap/(I91+K90), (1-NA_disc)*B91) | K91: =NB_P/MIN(NB_cap/(I91+J91), (1-NB_disc)*B91) | L91: =F_primary/B91 | M91: =I91+J91+K91 | N91: =D70/M91 | O91: =IF(Y90*L91 > F_primary, 1, 0) | P91: =IF(Y90*(E_sh + F91) > E_inv, 1, 0) | Q91: =IF(Y90*(D_sh + E91) > D_inv, 1, 0) | R91: =IF(Y90*C_sh > C_inv, 1, 0) | S91: =IF(Y90*B_sh > B_inv, 1, 0) | T91: =IF(Y90*A_sh > A_inv, 1, 0) | U91: =IF(Y90*seed_sh > seed_inv, 1, 0) | V91: =(1-O91)*F_primary+(1-P91)*E_inv+(1-Q91)*D_inv+(1-R91)*C_inv+(1-S91)*B_inv+(1-T91)*A_inv+(1-U91)*seed_inv | W91: =MAX(0, sens_exit - V91) | X91: =F1_sh+F2_sh+F3_sh+RSA_sh+J91+K91+O91*L91+P91*(E_sh + F91)+Q91*(D_sh + E91)+R91*C_sh+S91*B_sh+T91*A_sh+U91*seed_sh | Y91: =(W91 + preF_opts_iss*opt_strike)/(X91 + preF_opts_iss)
B92: =N91 | C92: =OCP_D*(preF_FD + F_primary/OCP_D)/(preF_FD + F_primary/B92) | D92: =OCP_E*(preF_FD + F_primary/OCP_E)/(preF_FD + F_primary/B92) | E92: =D_sh*(OCP_D/C92 - 1) | F92: =E_sh*(OCP_E/D92 - 1) | G92: =(preF_FD + E92 + F92 - preF_opts + J91 + K91 + F_primary/B92)/(1-B70) | H92: =MAX(0, B70*G92 - preF_opts) | I92: =preF_FD + E92 + F92 + H92 | J92: =NA_P/MIN(NA_cap/(I92+K91), (1-NA_disc)*B92) | K92: =NB_P/MIN(NB_cap/(I92+J92), (1-NB_disc)*B92) | L92: =F_primary/B92 | M92: =I92+J92+K92 | N92: =D70/M92 | O92: =IF(Y91*L92 > F_primary, 1, 0) | P92: =IF(Y91*(E_sh + F92) > E_inv, 1, 0) | Q92: =IF(Y91*(D_sh + E92) > D_inv, 1, 0) | R92: =IF(Y91*C_sh > C_inv, 1, 0) | S92: =IF(Y91*B_sh > B_inv, 1, 0) | T92: =IF(Y91*A_sh > A_inv, 1, 0) | U92: =IF(Y91*seed_sh > seed_inv, 1, 0) | V92: =(1-O92)*F_primary+(1-P92)*E_inv+(1-Q92)*D_inv+(1-R92)*C_inv+(1-S92)*B_inv+(1-T92)*A_inv+(1-U92)*seed_inv | W92: =MAX(0, sens_exit - V92) | X92: =F1_sh+F2_sh+F3_sh+RSA_sh+J92+K92+O92*L92+P92*(E_sh + F92)+Q92*(D_sh + E92)+R92*C_sh+S92*B_sh+T92*A_sh+U92*seed_sh | Y92: =(W92 + preF_opts_iss*opt_strike)/(X92 + preF_opts_iss)
B93: =N92 | C93: =OCP_D*(preF_FD + F_primary/OCP_D)/(preF_FD + F_primary/B93) | D93: =OCP_E*(preF_FD + F_primary/OCP_E)/(preF_FD + F_primary/B93) | E93: =D_sh*(OCP_D/C93 - 1) | F93: =E_sh*(OCP_E/D93 - 1) | G93: =(preF_FD + E93 + F93 - preF_opts + J92 + K92 + F_primary/B93)/(1-B70) | H93: =MAX(0, B70*G93 - preF_opts) | I93: =preF_FD + E93 + F93 + H93 | J93: =NA_P/MIN(NA_cap/(I93+K92), (1-NA_disc)*B93) | K93: =NB_P/MIN(NB_cap/(I93+J93), (1-NB_disc)*B93) | L93: =F_primary/B93 | M93: =I93+J93+K93 | N93: =D70/M93 | O93: =IF(Y92*L93 > F_primary, 1, 0) | P93: =IF(Y92*(E_sh + F93) > E_inv, 1, 0) | Q93: =IF(Y92*(D_sh + E93) > D_inv, 1, 0) | R93: =IF(Y92*C_sh > C_inv, 1, 0) | S93: =IF(Y92*B_sh > B_inv, 1, 0) | T93: =IF(Y92*A_sh > A_inv, 1, 0) | U93: =IF(Y92*seed_sh > seed_inv, 1, 0) | V93: =(1-O93)*F_primary+(1-P93)*E_inv+(1-Q93)*D_inv+(1-R93)*C_inv+(1-S93)*B_inv+(1-T93)*A_inv+(1-U93)*seed_inv | W93: =MAX(0, sens_exit - V93) | X93: =F1_sh+F2_sh+F3_sh+RSA_sh+J93+K93+O93*L93+P93*(E_sh + F93)+Q93*(D_sh + E93)+R93*C_sh+S93*B_sh+T93*A_sh+U93*seed_sh | Y93: =(W93 + preF_opts_iss*opt_strike)/(X93 + preF_opts_iss)
B94: =N93 | C94: =OCP_D*(preF_FD + F_primary/OCP_D)/(preF_FD + F_primary/B94) | D94: =OCP_E*(preF_FD + F_primary/OCP_E)/(preF_FD + F_primary/B94) | E94: =D_sh*(OCP_D/C94 - 1) | F94: =E_sh*(OCP_E/D94 - 1) | G94: =(preF_FD + E94 + F94 - preF_opts + J93 + K93 + F_primary/B94)/(1-B70) | H94: =MAX(0, B70*G94 - preF_opts) | I94: =preF_FD + E94 + F94 + H94 | J94: =NA_P/MIN(NA_cap/(I94+K93), (1-NA_disc)*B94) | K94: =NB_P/MIN(NB_cap/(I94+J94), (1-NB_disc)*B94) | L94: =F_primary/B94 | M94: =I94+J94+K94 | N94: =D70/M94 | O94: =IF(Y93*L94 > F_primary, 1, 0) | P94: =IF(Y93*(E_sh + F94) > E_inv, 1, 0) | Q94: =IF(Y93*(D_sh + E94) > D_inv, 1, 0) | R94: =IF(Y93*C_sh > C_inv, 1, 0) | S94: =IF(Y93*B_sh > B_inv, 1, 0) | T94: =IF(Y93*A_sh > A_inv, 1, 0) | U94: =IF(Y93*seed_sh > seed_inv, 1, 0) | V94: =(1-O94)*F_primary+(1-P94)*E_inv+(1-Q94)*D_inv+(1-R94)*C_inv+(1-S94)*B_inv+(1-T94)*A_inv+(1-U94)*seed_inv | W94: =MAX(0, sens_exit - V94) | X94: =F1_sh+F2_sh+F3_sh+RSA_sh+J94+K94+O94*L94+P94*(E_sh + F94)+Q94*(D_sh + E94)+R94*C_sh+S94*B_sh+T94*A_sh+U94*seed_sh | Y94: =(W94 + preF_opts_iss*opt_strike)/(X94 + preF_opts_iss)
B95: =N94 | C95: =OCP_D*(preF_FD + F_primary/OCP_D)/(preF_FD + F_primary/B95) | D95: =OCP_E*(preF_FD + F_primary/OCP_E)/(preF_FD + F_primary/B95) | E95: =D_sh*(OCP_D/C95 - 1) | F95: =E_sh*(OCP_E/D95 - 1) | G95: =(preF_FD + E95 + F95 - preF_opts + J94 + K94 + F_primary/B95)/(1-B70) | H95: =MAX(0, B70*G95 - preF_opts) | I95: =preF_FD + E95 + F95 + H95 | J95: =NA_P/MIN(NA_cap/(I95+K94), (1-NA_disc)*B95) | K95: =NB_P/MIN(NB_cap/(I95+J95), (1-NB_disc)*B95) | L95: =F_primary/B95 | M95: =I95+J95+K95 | N95: =D70/M95 | O95: =IF(Y94*L95 > F_primary, 1, 0) | P95: =IF(Y94*(E_sh + F95) > E_inv, 1, 0) | Q95: =IF(Y94*(D_sh + E95) > D_inv, 1, 0) | R95: =IF(Y94*C_sh > C_inv, 1, 0) | S95: =IF(Y94*B_sh > B_inv, 1, 0) | T95: =IF(Y94*A_sh > A_inv, 1, 0) | U95: =IF(Y94*seed_sh > seed_inv, 1, 0) | V95: =(1-O95)*F_primary+(1-P95)*E_inv+(1-Q95)*D_inv+(1-R95)*C_inv+(1-S95)*B_inv+(1-T95)*A_inv+(1-U95)*seed_inv | W95: =MAX(0, sens_exit - V95) | X95: =F1_sh+F2_sh+F3_sh+RSA_sh+J95+K95+O95*L95+P95*(E_sh + F95)+Q95*(D_sh + E95)+R95*C_sh+S95*B_sh+T95*A_sh+U95*seed_sh | Y95: =(W95 + preF_opts_iss*opt_strike)/(X95 + preF_opts_iss)
B96: =N95 | C96: =OCP_D*(preF_FD + F_primary/OCP_D)/(preF_FD + F_primary/B96) | D96: =OCP_E*(preF_FD + F_primary/OCP_E)/(preF_FD + F_primary/B96) | E96: =D_sh*(OCP_D/C96 - 1) | F96: =E_sh*(OCP_E/D96 - 1) | G96: =(preF_FD + E96 + F96 - preF_opts + J95 + K95 + F_primary/B96)/(1-B70) | H96: =MAX(0, B70*G96 - preF_opts) | I96: =preF_FD + E96 + F96 + H96 | J96: =NA_P/MIN(NA_cap/(I96+K95), (1-NA_disc)*B96) | K96: =NB_P/MIN(NB_cap/(I96+J96), (1-NB_disc)*B96) | L96: =F_primary/B96 | M96: =I96+J96+K96 | N96: =D70/M96 | O96: =IF(Y95*L96 > F_primary, 1, 0) | P96: =IF(Y95*(E_sh + F96) > E_inv, 1, 0) | Q96: =IF(Y95*(D_sh + E96) > D_inv, 1, 0) | R96: =IF(Y95*C_sh > C_inv, 1, 0) | S96: =IF(Y95*B_sh > B_inv, 1, 0) | T96: =IF(Y95*A_sh > A_inv, 1, 0) | U96: =IF(Y95*seed_sh > seed_inv, 1, 0) | V96: =(1-O96)*F_primary+(1-P96)*E_inv+(1-Q96)*D_inv+(1-R96)*C_inv+(1-S96)*B_inv+(1-T96)*A_inv+(1-U96)*seed_inv | W96: =MAX(0, sens_exit - V96) | X96: =F1_sh+F2_sh+F3_sh+RSA_sh+J96+K96+O96*L96+P96*(E_sh + F96)+Q96*(D_sh + E96)+R96*C_sh+S96*B_sh+T96*A_sh+U96*seed_sh | Y96: =(W96 + preF_opts_iss*opt_strike)/(X96 + preF_opts_iss)
B97: =N96 | C97: =OCP_D*(preF_FD + F_primary/OCP_D)/(preF_FD + F_primary/B97) | D97: =OCP_E*(preF_FD + F_primary/OCP_E)/(preF_FD + F_primary/B97) | E97: =D_sh*(OCP_D/C97 - 1) | F97: =E_sh*(OCP_E/D97 - 1) | G97: =(preF_FD + E97 + F97 - preF_opts + J96 + K96 + F_primary/B97)/(1-B70) | H97: =MAX(0, B70*G97 - preF_opts) | I97: =preF_FD + E97 + F97 + H97 | J97: =NA_P/MIN(NA_cap/(I97+K96), (1-NA_disc)*B97) | K97: =NB_P/MIN(NB_cap/(I97+J97), (1-NB_disc)*B97) | L97: =F_primary/B97 | M97: =I97+J97+K97 | N97: =D70/M97 | O97: =IF(Y96*L97 > F_primary, 1, 0) | P97: =IF(Y96*(E_sh + F97) > E_inv, 1, 0) | Q97: =IF(Y96*(D_sh + E97) > D_inv, 1, 0) | R97: =IF(Y96*C_sh > C_inv, 1, 0) | S97: =IF(Y96*B_sh > B_inv, 1, 0) | T97: =IF(Y96*A_sh > A_inv, 1, 0) | U97: =IF(Y96*seed_sh > seed_inv, 1, 0) | V97: =(1-O97)*F_primary+(1-P97)*E_inv+(1-Q97)*D_inv+(1-R97)*C_inv+(1-S97)*B_inv+(1-T97)*A_inv+(1-U97)*seed_inv | W97: =MAX(0, sens_exit - V97) | X97: =F1_sh+F2_sh+F3_sh+RSA_sh+J97+K97+O97*L97+P97*(E_sh + F97)+Q97*(D_sh + E97)+R97*C_sh+S97*B_sh+T97*A_sh+U97*seed_sh | Y97: =(W97 + preF_opts_iss*opt_strike)/(X97 + preF_opts_iss)
B98: =N97 | C98: =OCP_D*(preF_FD + F_primary/OCP_D)/(preF_FD + F_primary/B98) | D98: =OCP_E*(preF_FD + F_primary/OCP_E)/(preF_FD + F_primary/B98) | E98: =D_sh*(OCP_D/C98 - 1) | F98: =E_sh*(OCP_E/D98 - 1) | G98: =(preF_FD + E98 + F98 - preF_opts + J97 + K97 + F_primary/B98)/(1-B70) | H98: =MAX(0, B70*G98 - preF_opts) | I98: =preF_FD + E98 + F98 + H98 | J98: =NA_P/MIN(NA_cap/(I98+K97), (1-NA_disc)*B98) | K98: =NB_P/MIN(NB_cap/(I98+J98), (1-NB_disc)*B98) | L98: =F_primary/B98 | M98: =I98+J98+K98 | N98: =D70/M98 | O98: =IF(Y97*L98 > F_primary, 1, 0) | P98: =IF(Y97*(E_sh + F98) > E_inv, 1, 0) | Q98: =IF(Y97*(D_sh + E98) > D_inv, 1, 0) | R98: =IF(Y97*C_sh > C_inv, 1, 0) | S98: =IF(Y97*B_sh > B_inv, 1, 0) | T98: =IF(Y97*A_sh > A_inv, 1, 0) | U98: =IF(Y97*seed_sh > seed_inv, 1, 0) | V98: =(1-O98)*F_primary+(1-P98)*E_inv+(1-Q98)*D_inv+(1-R98)*C_inv+(1-S98)*B_inv+(1-T98)*A_inv+(1-U98)*seed_inv | W98: =MAX(0, sens_exit - V98) | X98: =F1_sh+F2_sh+F3_sh+RSA_sh+J98+K98+O98*L98+P98*(E_sh + F98)+Q98*(D_sh + E98)+R98*C_sh+S98*B_sh+T98*A_sh+U98*seed_sh | Y98: =(W98 + preF_opts_iss*opt_strike)/(X98 + preF_opts_iss)
B99: =N98 | C99: =OCP_D*(preF_FD + F_primary/OCP_D)/(preF_FD + F_primary/B99) | D99: =OCP_E*(preF_FD + F_primary/OCP_E)/(preF_FD + F_primary/B99) | E99: =D_sh*(OCP_D/C99 - 1) | F99: =E_sh*(OCP_E/D99 - 1) | G99: =(preF_FD + E99 + F99 - preF_opts + J98 + K98 + F_primary/B99)/(1-B70) | H99: =MAX(0, B70*G99 - preF_opts) | I99: =preF_FD + E99 + F99 + H99 | J99: =NA_P/MIN(NA_cap/(I99+K98), (1-NA_disc)*B99) | K99: =NB_P/MIN(NB_cap/(I99+J99), (1-NB_disc)*B99) | L99: =F_primary/B99 | M99: =I99+J99+K99 | N99: =D70/M99 | O99: =IF(Y98*L99 > F_primary, 1, 0) | P99: =IF(Y98*(E_sh + F99) > E_inv, 1, 0) | Q99: =IF(Y98*(D_sh + E99) > D_inv, 1, 0) | R99: =IF(Y98*C_sh > C_inv, 1, 0) | S99: =IF(Y98*B_sh > B_inv, 1, 0) | T99: =IF(Y98*A_sh > A_inv, 1, 0) | U99: =IF(Y98*seed_sh > seed_inv, 1, 0) | V99: =(1-O99)*F_primary+(1-P99)*E_inv+(1-Q99)*D_inv+(1-R99)*C_inv+(1-S99)*B_inv+(1-T99)*A_inv+(1-U99)*seed_inv | W99: =MAX(0, sens_exit - V99) | X99: =F1_sh+F2_sh+F3_sh+RSA_sh+J99+K99+O99*L99+P99*(E_sh + F99)+Q99*(D_sh + E99)+R99*C_sh+S99*B_sh+T99*A_sh+U99*seed_sh | Y99: =(W99 + preF_opts_iss*opt_strike)/(X99 + preF_opts_iss)
B100: =N99 | C100: =OCP_D*(preF_FD + F_primary/OCP_D)/(preF_FD + F_primary/B100) | D100: =OCP_E*(preF_FD + F_primary/OCP_E)/(preF_FD + F_primary/B100) | E100: =D_sh*(OCP_D/C100 - 1) | F100: =E_sh*(OCP_E/D100 - 1) | G100: =(preF_FD + E100 + F100 - preF_opts + J99 + K99 + F_primary/B100)/(1-B70) | H100: =MAX(0, B70*G100 - preF_opts) | I100: =preF_FD + E100 + F100 + H100 | J100: =NA_P/MIN(NA_cap/(I100+K99), (1-NA_disc)*B100) | K100: =NB_P/MIN(NB_cap/(I100+J100), (1-NB_disc)*B100) | L100: =F_primary/B100 | M100: =I100+J100+K100 | N100: =D70/M100 | O100: =IF(Y99*L100 > F_primary, 1, 0) | P100: =IF(Y99*(E_sh + F100) > E_inv, 1, 0) | Q100: =IF(Y99*(D_sh + E100) > D_inv, 1, 0) | R100: =IF(Y99*C_sh > C_inv, 1, 0) | S100: =IF(Y99*B_sh > B_inv, 1, 0) | T100: =IF(Y99*A_sh > A_inv, 1, 0) | U100: =IF(Y99*seed_sh > seed_inv, 1, 0) | V100: =(1-O100)*F_primary+(1-P100)*E_inv+(1-Q100)*D_inv+(1-R100)*C_inv+(1-S100)*B_inv+(1-T100)*A_inv+(1-U100)*seed_inv | W100: =MAX(0, sens_exit - V100) | X100: =F1_sh+F2_sh+F3_sh+RSA_sh+J100+K100+O100*L100+P100*(E_sh + F100)+Q100*(D_sh + E100)+R100*C_sh+S100*B_sh+T100*A_sh+U100*seed_sh | Y100: =(W100 + preF_opts_iss*opt_strike)/(X100 + preF_opts_iss)
B101: =N100 | C101: =OCP_D*(preF_FD + F_primary/OCP_D)/(preF_FD + F_primary/B101) | D101: =OCP_E*(preF_FD + F_primary/OCP_E)/(preF_FD + F_primary/B101) | E101: =D_sh*(OCP_D/C101 - 1) | F101: =E_sh*(OCP_E/D101 - 1) | G101: =(preF_FD + E101 + F101 - preF_opts + J100 + K100 + F_primary/B101)/(1-B70) | H101: =MAX(0, B70*G101 - preF_opts) | I101: =preF_FD + E101 + F101 + H101 | J101: =NA_P/MIN(NA_cap/(I101+K100), (1-NA_disc)*B101) | K101: =NB_P/MIN(NB_cap/(I101+J101), (1-NB_disc)*B101) | L101: =F_primary/B101 | M101: =I101+J101+K101 | N101: =D70/M101 | O101: =IF(Y100*L101 > F_primary, 1, 0) | P101: =IF(Y100*(E_sh + F101) > E_inv, 1, 0) | Q101: =IF(Y100*(D_sh + E101) > D_inv, 1, 0) | R101: =IF(Y100*C_sh > C_inv, 1, 0) | S101: =IF(Y100*B_sh > B_inv, 1, 0) | T101: =IF(Y100*A_sh > A_inv, 1, 0) | U101: =IF(Y100*seed_sh > seed_inv, 1, 0) | V101: =(1-O101)*F_primary+(1-P101)*E_inv+(1-Q101)*D_inv+(1-R101)*C_inv+(1-S101)*B_inv+(1-T101)*A_inv+(1-U101)*seed_inv | W101: =MAX(0, sens_exit - V101) | X101: =F1_sh+F2_sh+F3_sh+RSA_sh+J101+K101+O101*L101+P101*(E_sh + F101)+Q101*(D_sh + E101)+R101*C_sh+S101*B_sh+T101*A_sh+U101*seed_sh | Y101: =(W101 + preF_opts_iss*opt_strike)/(X101 + preF_opts_iss)
B102: =N101 | C102: =OCP_D*(preF_FD + F_primary/OCP_D)/(preF_FD + F_primary/B102) | D102: =OCP_E*(preF_FD + F_primary/OCP_E)/(preF_FD + F_primary/B102) | E102: =D_sh*(OCP_D/C102 - 1) | F102: =E_sh*(OCP_E/D102 - 1) | G102: =(preF_FD + E102 + F102 - preF_opts + J101 + K101 + F_primary/B102)/(1-B70) | H102: =MAX(0, B70*G102 - preF_opts) | I102: =preF_FD + E102 + F102 + H102 | J102: =NA_P/MIN(NA_cap/(I102+K101), (1-NA_disc)*B102) | K102: =NB_P/MIN(NB_cap/(I102+J102), (1-NB_disc)*B102) | L102: =F_primary/B102 | M102: =I102+J102+K102 | N102: =D70/M102 | O102: =IF(Y101*L102 > F_primary, 1, 0) | P102: =IF(Y101*(E_sh + F102) > E_inv, 1, 0) | Q102: =IF(Y101*(D_sh + E102) > D_inv, 1, 0) | R102: =IF(Y101*C_sh > C_inv, 1, 0) | S102: =IF(Y101*B_sh > B_inv, 1, 0) | T102: =IF(Y101*A_sh > A_inv, 1, 0) | U102: =IF(Y101*seed_sh > seed_inv, 1, 0) | V102: =(1-O102)*F_primary+(1-P102)*E_inv+(1-Q102)*D_inv+(1-R102)*C_inv+(1-S102)*B_inv+(1-T102)*A_inv+(1-U102)*seed_inv | W102: =MAX(0, sens_exit - V102) | X102: =F1_sh+F2_sh+F3_sh+RSA_sh+J102+K102+O102*L102+P102*(E_sh + F102)+Q102*(D_sh + E102)+R102*C_sh+S102*B_sh+T102*A_sh+U102*seed_sh | Y102: =(W102 + preF_opts_iss*opt_strike)/(X102 + preF_opts_iss)
B103: =N102 | C103: =OCP_D*(preF_FD + F_primary/OCP_D)/(preF_FD + F_primary/B103) | D103: =OCP_E*(preF_FD + F_primary/OCP_E)/(preF_FD + F_primary/B103) | E103: =D_sh*(OCP_D/C103 - 1) | F103: =E_sh*(OCP_E/D103 - 1) | G103: =(preF_FD + E103 + F103 - preF_opts + J102 + K102 + F_primary/B103)/(1-B70) | H103: =MAX(0, B70*G103 - preF_opts) | I103: =preF_FD + E103 + F103 + H103 | J103: =NA_P/MIN(NA_cap/(I103+K102), (1-NA_disc)*B103) | K103: =NB_P/MIN(NB_cap/(I103+J103), (1-NB_disc)*B103) | L103: =F_primary/B103 | M103: =I103+J103+K103 | N103: =D70/M103 | O103: =IF(Y102*L103 > F_primary, 1, 0) | P103: =IF(Y102*(E_sh + F103) > E_inv, 1, 0) | Q103: =IF(Y102*(D_sh + E103) > D_inv, 1, 0) | R103: =IF(Y102*C_sh > C_inv, 1, 0) | S103: =IF(Y102*B_sh > B_inv, 1, 0) | T103: =IF(Y102*A_sh > A_inv, 1, 0) | U103: =IF(Y102*seed_sh > seed_inv, 1, 0) | V103: =(1-O103)*F_primary+(1-P103)*E_inv+(1-Q103)*D_inv+(1-R103)*C_inv+(1-S103)*B_inv+(1-T103)*A_inv+(1-U103)*seed_inv | W103: =MAX(0, sens_exit - V103) | X103: =F1_sh+F2_sh+F3_sh+RSA_sh+J103+K103+O103*L103+P103*(E_sh + F103)+Q103*(D_sh + E103)+R103*C_sh+S103*B_sh+T103*A_sh+U103*seed_sh | Y103: =(W103 + preF_opts_iss*opt_strike)/(X103 + preF_opts_iss)
B104: =N103 | C104: =OCP_D*(preF_FD + F_primary/OCP_D)/(preF_FD + F_primary/B104) | D104: =OCP_E*(preF_FD + F_primary/OCP_E)/(preF_FD + F_primary/B104) | E104: =D_sh*(OCP_D/C104 - 1) | F104: =E_sh*(OCP_E/D104 - 1) | G104: =(preF_FD + E104 + F104 - preF_opts + J103 + K103 + F_primary/B104)/(1-B70) | H104: =MAX(0, B70*G104 - preF_opts) | I104: =preF_FD + E104 + F104 + H104 | J104: =NA_P/MIN(NA_cap/(I104+K103), (1-NA_disc)*B104) | K104: =NB_P/MIN(NB_cap/(I104+J104), (1-NB_disc)*B104) | L104: =F_primary/B104 | M104: =I104+J104+K104 | N104: =D70/M104 | O104: =IF(Y103*L104 > F_primary, 1, 0) | P104: =IF(Y103*(E_sh + F104) > E_inv, 1, 0) | Q104: =IF(Y103*(D_sh + E104) > D_inv, 1, 0) | R104: =IF(Y103*C_sh > C_inv, 1, 0) | S104: =IF(Y103*B_sh > B_inv, 1, 0) | T104: =IF(Y103*A_sh > A_inv, 1, 0) | U104: =IF(Y103*seed_sh > seed_inv, 1, 0) | V104: =(1-O104)*F_primary+(1-P104)*E_inv+(1-Q104)*D_inv+(1-R104)*C_inv+(1-S104)*B_inv+(1-T104)*A_inv+(1-U104)*seed_inv | W104: =MAX(0, sens_exit - V104) | X104: =F1_sh+F2_sh+F3_sh+RSA_sh+J104+K104+O104*L104+P104*(E_sh + F104)+Q104*(D_sh + E104)+R104*C_sh+S104*B_sh+T104*A_sh+U104*seed_sh | Y104: =(W104 + preF_opts_iss*opt_strike)/(X104 + preF_opts_iss)
B105: =N104 | C105: =OCP_D*(preF_FD + F_primary/OCP_D)/(preF_FD + F_primary/B105) | D105: =OCP_E*(preF_FD + F_primary/OCP_E)/(preF_FD + F_primary/B105) | E105: =D_sh*(OCP_D/C105 - 1) | F105: =E_sh*(OCP_E/D105 - 1) | G105: =(preF_FD + E105 + F105 - preF_opts + J104 + K104 + F_primary/B105)/(1-B70) | H105: =MAX(0, B70*G105 - preF_opts) | I105: =preF_FD + E105 + F105 + H105 | J105: =NA_P/MIN(NA_cap/(I105+K104), (1-NA_disc)*B105) | K105: =NB_P/MIN(NB_cap/(I105+J105), (1-NB_disc)*B105) | L105: =F_primary/B105 | M105: =I105+J105+K105 | N105: =D70/M105 | O105: =IF(Y104*L105 > F_primary, 1, 0) | P105: =IF(Y104*(E_sh + F105) > E_inv, 1, 0) | Q105: =IF(Y104*(D_sh + E105) > D_inv, 1, 0) | R105: =IF(Y104*C_sh > C_inv, 1, 0) | S105: =IF(Y104*B_sh > B_inv, 1, 0) | T105: =IF(Y104*A_sh > A_inv, 1, 0) | U105: =IF(Y104*seed_sh > seed_inv, 1, 0) | V105: =(1-O105)*F_primary+(1-P105)*E_inv+(1-Q105)*D_inv+(1-R105)*C_inv+(1-S105)*B_inv+(1-T105)*A_inv+(1-U105)*seed_inv | W105: =MAX(0, sens_exit - V105) | X105: =F1_sh+F2_sh+F3_sh+RSA_sh+J105+K105+O105*L105+P105*(E_sh + F105)+Q105*(D_sh + E105)+R105*C_sh+S105*B_sh+T105*A_sh+U105*seed_sh | Y105: =(W105 + preF_opts_iss*opt_strike)/(X105 + preF_opts_iss)
B106: =N105 | C106: =OCP_D*(preF_FD + F_primary/OCP_D)/(preF_FD + F_primary/B106) | D106: =OCP_E*(preF_FD + F_primary/OCP_E)/(preF_FD + F_primary/B106) | E106: =D_sh*(OCP_D/C106 - 1) | F106: =E_sh*(OCP_E/D106 - 1) | G106: =(preF_FD + E106 + F106 - preF_opts + J105 + K105 + F_primary/B106)/(1-B70) | H106: =MAX(0, B70*G106 - preF_opts) | I106: =preF_FD + E106 + F106 + H106 | J106: =NA_P/MIN(NA_cap/(I106+K105), (1-NA_disc)*B106) | K106: =NB_P/MIN(NB_cap/(I106+J106), (1-NB_disc)*B106) | L106: =F_primary/B106 | M106: =I106+J106+K106 | N106: =D70/M106 | O106: =IF(Y105*L106 > F_primary, 1, 0) | P106: =IF(Y105*(E_sh + F106) > E_inv, 1, 0) | Q106: =IF(Y105*(D_sh + E106) > D_inv, 1, 0) | R106: =IF(Y105*C_sh > C_inv, 1, 0) | S106: =IF(Y105*B_sh > B_inv, 1, 0) | T106: =IF(Y105*A_sh > A_inv, 1, 0) | U106: =IF(Y105*seed_sh > seed_inv, 1, 0) | V106: =(1-O106)*F_primary+(1-P106)*E_inv+(1-Q106)*D_inv+(1-R106)*C_inv+(1-S106)*B_inv+(1-T106)*A_inv+(1-U106)*seed_inv | W106: =MAX(0, sens_exit - V106) | X106: =F1_sh+F2_sh+F3_sh+RSA_sh+J106+K106+O106*L106+P106*(E_sh + F106)+Q106*(D_sh + E106)+R106*C_sh+S106*B_sh+T106*A_sh+U106*seed_sh | Y106: =(W106 + preF_opts_iss*opt_strike)/(X106 + preF_opts_iss)
B107: =N106 | C107: =OCP_D*(preF_FD + F_primary/OCP_D)/(preF_FD + F_primary/B107) | D107: =OCP_E*(preF_FD + F_primary/OCP_E)/(preF_FD + F_primary/B107) | E107: =D_sh*(OCP_D/C107 - 1) | F107: =E_sh*(OCP_E/D107 - 1) | G107: =(preF_FD + E107 + F107 - preF_opts + J106 + K106 + F_primary/B107)/(1-B70) | H107: =MAX(0, B70*G107 - preF_opts) | I107: =preF_FD + E107 + F107 + H107 | J107: =NA_P/MIN(NA_cap/(I107+K106), (1-NA_disc)*B107) | K107: =NB_P/MIN(NB_cap/(I107+J107), (1-NB_disc)*B107) | L107: =F_primary/B107 | M107: =I107+J107+K107 | N107: =D70/M107 | O107: =IF(Y106*L107 > F_primary, 1, 0) | P107: =IF(Y106*(E_sh + F107) > E_inv, 1, 0) | Q107: =IF(Y106*(D_sh + E107) > D_inv, 1, 0) | R107: =IF(Y106*C_sh > C_inv, 1, 0) | S107: =IF(Y106*B_sh > B_inv, 1, 0) | T107: =IF(Y106*A_sh > A_inv, 1, 0) | U107: =IF(Y106*seed_sh > seed_inv, 1, 0) | V107: =(1-O107)*F_primary+(1-P107)*E_inv+(1-Q107)*D_inv+(1-R107)*C_inv+(1-S107)*B_inv+(1-T107)*A_inv+(1-U107)*seed_inv | W107: =MAX(0, sens_exit - V107) | X107: =F1_sh+F2_sh+F3_sh+RSA_sh+J107+K107+O107*L107+P107*(E_sh + F107)+Q107*(D_sh + E107)+R107*C_sh+S107*B_sh+T107*A_sh+U107*seed_sh | Y107: =(W107 + preF_opts_iss*opt_strike)/(X107 + preF_opts_iss)
B108: =N107 | C108: =OCP_D*(preF_FD + F_primary/OCP_D)/(preF_FD + F_primary/B108) | D108: =OCP_E*(preF_FD + F_primary/OCP_E)/(preF_FD + F_primary/B108) | E108: =D_sh*(OCP_D/C108 - 1) | F108: =E_sh*(OCP_E/D108 - 1) | G108: =(preF_FD + E108 + F108 - preF_opts + J107 + K107 + F_primary/B108)/(1-B70) | H108: =MAX(0, B70*G108 - preF_opts) | I108: =preF_FD + E108 + F108 + H108 | J108: =NA_P/MIN(NA_cap/(I108+K107), (1-NA_disc)*B108) | K108: =NB_P/MIN(NB_cap/(I108+J108), (1-NB_disc)*B108) | L108: =F_primary/B108 | M108: =I108+J108+K108 | N108: =D70/M108 | O108: =IF(Y107*L108 > F_primary, 1, 0) | P108: =IF(Y107*(E_sh + F108) > E_inv, 1, 0) | Q108: =IF(Y107*(D_sh + E108) > D_inv, 1, 0) | R108: =IF(Y107*C_sh > C_inv, 1, 0) | S108: =IF(Y107*B_sh > B_inv, 1, 0) | T108: =IF(Y107*A_sh > A_inv, 1, 0) | U108: =IF(Y107*seed_sh > seed_inv, 1, 0) | V108: =(1-O108)*F_primary+(1-P108)*E_inv+(1-Q108)*D_inv+(1-R108)*C_inv+(1-S108)*B_inv+(1-T108)*A_inv+(1-U108)*seed_inv | W108: =MAX(0, sens_exit - V108) | X108: =F1_sh+F2_sh+F3_sh+RSA_sh+J108+K108+O108*L108+P108*(E_sh + F108)+Q108*(D_sh + E108)+R108*C_sh+S108*B_sh+T108*A_sh+U108*seed_sh | Y108: =(W108 + preF_opts_iss*opt_strike)/(X108 + preF_opts_iss)
A109: --- Scenario 3: ESOP=sens_e_lo, Pre-money=sens_p_hi ---
A110: ESOP | B110: =sens_e_lo | C110: Pre-money | D110: =sens_p_hi | E110: F_PPS | F110: =N148 | G110: T_F | H110: =I148+J148+K148+L148 | I110: NA_sh | J110: =J148 | K110: NB_sh | L110: =K148 | M110: NA_branch | N110: =IF(NA_cap/(I148+K148) < (1-NA_disc)*N148, "cap", "discount") | O110: NB_branch | P110: =IF(NB_cap/(I148+J148) < (1-NB_disc)*N148, "cap", "discount")
A111: our_sh | B111: =our_check/F110 | C111: own% | D111: =B111/H110 | E111: F_election | F111: =IF(Y148*L148 > F_primary, "convert", "preference") | G111: F_payout | H111: =IF(F111="convert", Y148*L148, F_primary) | I111: our_$ | J111: =H111*our_check/F_primary
A113: iter | B113: F_PPS_in | C113: NCP_D | D113: NCP_E | E113: extras_D | F113: extras_E | G113: T_F | H113: topup | I113: preFD_nn | J113: NA_sh | K113: NB_sh | L113: F_prim_sh | M113: T_pre | N113: F_PPS_out | O113: ic_F | P113: ic_E | Q113: ic_D | R113: ic_C | S113: ic_B | T113: ic_A | U113: ic_Seed | V113: prefs_paid | W113: residual | X113: cv_shares | Y113: PPS_2B
B114: =D110/preF_FD | C114: =OCP_D*(preF_FD + F_primary/OCP_D)/(preF_FD + F_primary/B114) | D114: =OCP_E*(preF_FD + F_primary/OCP_E)/(preF_FD + F_primary/B114) | E114: =D_sh*(OCP_D/C114 - 1) | F114: =E_sh*(OCP_E/D114 - 1) | G114: =(preF_FD + E114 + F114 - preF_opts + 0 + 0 + F_primary/B114)/(1-B110) | H114: =MAX(0, B110*G114 - preF_opts) | I114: =preF_FD + E114 + F114 + H114 | J114: =NA_P/MIN(NA_cap/(I114+0), (1-NA_disc)*B114) | K114: =NB_P/MIN(NB_cap/(I114+J114), (1-NB_disc)*B114) | L114: =F_primary/B114 | M114: =I114+J114+K114 | N114: =D110/M114 | O114: =IF(0*L114 > F_primary, 1, 0) | P114: =IF(0*(E_sh + F114) > E_inv, 1, 0) | Q114: =IF(0*(D_sh + E114) > D_inv, 1, 0) | R114: =IF(0*C_sh > C_inv, 1, 0) | S114: =IF(0*B_sh > B_inv, 1, 0) | T114: =IF(0*A_sh > A_inv, 1, 0) | U114: =IF(0*seed_sh > seed_inv, 1, 0) | V114: =(1-O114)*F_primary+(1-P114)*E_inv+(1-Q114)*D_inv+(1-R114)*C_inv+(1-S114)*B_inv+(1-T114)*A_inv+(1-U114)*seed_inv | W114: =MAX(0, sens_exit - V114) | X114: =F1_sh+F2_sh+F3_sh+RSA_sh+J114+K114+O114*L114+P114*(E_sh + F114)+Q114*(D_sh + E114)+R114*C_sh+S114*B_sh+T114*A_sh+U114*seed_sh | Y114: =(W114 + preF_opts_iss*opt_strike)/(X114 + preF_opts_iss)
B115: =N114 | C115: =OCP_D*(preF_FD + F_primary/OCP_D)/(preF_FD + F_primary/B115) | D115: =OCP_E*(preF_FD + F_primary/OCP_E)/(preF_FD + F_primary/B115) | E115: =D_sh*(OCP_D/C115 - 1) | F115: =E_sh*(OCP_E/D115 - 1) | G115: =(preF_FD + E115 + F115 - preF_opts + J114 + K114 + F_primary/B115)/(1-B110) | H115: =MAX(0, B110*G115 - preF_opts) | I115: =preF_FD + E115 + F115 + H115 | J115: =NA_P/MIN(NA_cap/(I115+K114), (1-NA_disc)*B115) | K115: =NB_P/MIN(NB_cap/(I115+J115), (1-NB_disc)*B115) | L115: =F_primary/B115 | M115: =I115+J115+K115 | N115: =D110/M115 | O115: =IF(Y114*L115 > F_primary, 1, 0) | P115: =IF(Y114*(E_sh + F115) > E_inv, 1, 0) | Q115: =IF(Y114*(D_sh + E115) > D_inv, 1, 0) | R115: =IF(Y114*C_sh > C_inv, 1, 0) | S115: =IF(Y114*B_sh > B_inv, 1, 0) | T115: =IF(Y114*A_sh > A_inv, 1, 0) | U115: =IF(Y114*seed_sh > seed_inv, 1, 0) | V115: =(1-O115)*F_primary+(1-P115)*E_inv+(1-Q115)*D_inv+(1-R115)*C_inv+(1-S115)*B_inv+(1-T115)*A_inv+(1-U115)*seed_inv | W115: =MAX(0, sens_exit - V115) | X115: =F1_sh+F2_sh+F3_sh+RSA_sh+J115+K115+O115*L115+P115*(E_sh + F115)+Q115*(D_sh + E115)+R115*C_sh+S115*B_sh+T115*A_sh+U115*seed_sh | Y115: =(W115 + preF_opts_iss*opt_strike)/(X115 + preF_opts_iss)
B116: =N115 | C116: =OCP_D*(preF_FD + F_primary/OCP_D)/(preF_FD + F_primary/B116) | D116: =OCP_E*(preF_FD + F_primary/OCP_E)/(preF_FD + F_primary/B116) | E116: =D_sh*(OCP_D/C116 - 1) | F116: =E_sh*(OCP_E/D116 - 1) | G116: =(preF_FD + E116 + F116 - preF_opts + J115 + K115 + F_primary/B116)/(1-B110) | H116: =MAX(0, B110*G116 - preF_opts) | I116: =preF_FD + E116 + F116 + H116 | J116: =NA_P/MIN(NA_cap/(I116+K115), (1-NA_disc)*B116) | K116: =NB_P/MIN(NB_cap/(I116+J116), (1-NB_disc)*B116) | L116: =F_primary/B116 | M116: =I116+J116+K116 | N116: =D110/M116 | O116: =IF(Y115*L116 > F_primary, 1, 0) | P116: =IF(Y115*(E_sh + F116) > E_inv, 1, 0) | Q116: =IF(Y115*(D_sh + E116) > D_inv, 1, 0) | R116: =IF(Y115*C_sh > C_inv, 1, 0) | S116: =IF(Y115*B_sh > B_inv, 1, 0) | T116: =IF(Y115*A_sh > A_inv, 1, 0) | U116: =IF(Y115*seed_sh > seed_inv, 1, 0) | V116: =(1-O116)*F_primary+(1-P116)*E_inv+(1-Q116)*D_inv+(1-R116)*C_inv+(1-S116)*B_inv+(1-T116)*A_inv+(1-U116)*seed_inv | W116: =MAX(0, sens_exit - V116) | X116: =F1_sh+F2_sh+F3_sh+RSA_sh+J116+K116+O116*L116+P116*(E_sh + F116)+Q116*(D_sh + E116)+R116*C_sh+S116*B_sh+T116*A_sh+U116*seed_sh | Y116: =(W116 + preF_opts_iss*opt_strike)/(X116 + preF_opts_iss)
B117: =N116 | C117: =OCP_D*(preF_FD + F_primary/OCP_D)/(preF_FD + F_primary/B117) | D117: =OCP_E*(preF_FD + F_primary/OCP_E)/(preF_FD + F_primary/B117) | E117: =D_sh*(OCP_D/C117 - 1) | F117: =E_sh*(OCP_E/D117 - 1) | G117: =(preF_FD + E117 + F117 - preF_opts + J116 + K116 + F_primary/B117)/(1-B110) | H117: =MAX(0, B110*G117 - preF_opts) | I117: =preF_FD + E117 + F117 + H117 | J117: =NA_P/MIN(NA_cap/(I117+K116), (1-NA_disc)*B117) | K117: =NB_P/MIN(NB_cap/(I117+J117), (1-NB_disc)*B117) | L117: =F_primary/B117 | M117: =I117+J117+K117 | N117: =D110/M117 | O117: =IF(Y116*L117 > F_primary, 1, 0) | P117: =IF(Y116*(E_sh + F117) > E_inv, 1, 0) | Q117: =IF(Y116*(D_sh + E117) > D_inv, 1, 0) | R117: =IF(Y116*C_sh > C_inv, 1, 0) | S117: =IF(Y116*B_sh > B_inv, 1, 0) | T117: =IF(Y116*A_sh > A_inv, 1, 0) | U117: =IF(Y116*seed_sh > seed_inv, 1, 0) | V117: =(1-O117)*F_primary+(1-P117)*E_inv+(1-Q117)*D_inv+(1-R117)*C_inv+(1-S117)*B_inv+(1-T117)*A_inv+(1-U117)*seed_inv | W117: =MAX(0, sens_exit - V117) | X117: =F1_sh+F2_sh+F3_sh+RSA_sh+J117+K117+O117*L117+P117*(E_sh + F117)+Q117*(D_sh + E117)+R117*C_sh+S117*B_sh+T117*A_sh+U117*seed_sh | Y117: =(W117 + preF_opts_iss*opt_strike)/(X117 + preF_opts_iss)
B118: =N117 | C118: =OCP_D*(preF_FD + F_primary/OCP_D)/(preF_FD + F_primary/B118) | D118: =OCP_E*(preF_FD + F_primary/OCP_E)/(preF_FD + F_primary/B118) | E118: =D_sh*(OCP_D/C118 - 1) | F118: =E_sh*(OCP_E/D118 - 1) | G118: =(preF_FD + E118 + F118 - preF_opts + J117 + K117 + F_primary/B118)/(1-B110) | H118: =MAX(0, B110*G118 - preF_opts) | I118: =preF_FD + E118 + F118 + H118 | J118: =NA_P/MIN(NA_cap/(I118+K117), (1-NA_disc)*B118) | K118: =NB_P/MIN(NB_cap/(I118+J118), (1-NB_disc)*B118) | L118: =F_primary/B118 | M118: =I118+J118+K118 | N118: =D110/M118 | O118: =IF(Y117*L118 > F_primary, 1, 0) | P118: =IF(Y117*(E_sh + F118) > E_inv, 1, 0) | Q118: =IF(Y117*(D_sh + E118) > D_inv, 1, 0) | R118: =IF(Y117*C_sh > C_inv, 1, 0) | S118: =IF(Y117*B_sh > B_inv, 1, 0) | T118: =IF(Y117*A_sh > A_inv, 1, 0) | U118: =IF(Y117*seed_sh > seed_inv, 1, 0) | V118: =(1-O118)*F_primary+(1-P118)*E_inv+(1-Q118)*D_inv+(1-R118)*C_inv+(1-S118)*B_inv+(1-T118)*A_inv+(1-U118)*seed_inv | W118: =MAX(0, sens_exit - V118) | X118: =F1_sh+F2_sh+F3_sh+RSA_sh+J118+K118+O118*L118+P118*(E_sh + F118)+Q118*(D_sh + E118)+R118*C_sh+S118*B_sh+T118*A_sh+U118*seed_sh | Y118: =(W118 + preF_opts_iss*opt_strike)/(X118 + preF_opts_iss)
B119: =N118 | C119: =OCP_D*(preF_FD + F_primary/OCP_D)/(preF_FD + F_primary/B119) | D119: =OCP_E*(preF_FD + F_primary/OCP_E)/(preF_FD + F_primary/B119) | E119: =D_sh*(OCP_D/C119 - 1) | F119: =E_sh*(OCP_E/D119 - 1) | G119: =(preF_FD + E119 + F119 - preF_opts + J118 + K118 + F_primary/B119)/(1-B110) | H119: =MAX(0, B110*G119 - preF_opts) | I119: =preF_FD + E119 + F119 + H119 | J119: =NA_P/MIN(NA_cap/(I119+K118), (1-NA_disc)*B119) | K119: =NB_P/MIN(NB_cap/(I119+J119), (1-NB_disc)*B119) | L119: =F_primary/B119 | M119: =I119+J119+K119 | N119: =D110/M119 | O119: =IF(Y118*L119 > F_primary, 1, 0) | P119: =IF(Y118*(E_sh + F119) > E_inv, 1, 0) | Q119: =IF(Y118*(D_sh + E119) > D_inv, 1, 0) | R119: =IF(Y118*C_sh > C_inv, 1, 0) | S119: =IF(Y118*B_sh > B_inv, 1, 0) | T119: =IF(Y118*A_sh > A_inv, 1, 0) | U119: =IF(Y118*seed_sh > seed_inv, 1, 0) | V119: =(1-O119)*F_primary+(1-P119)*E_inv+(1-Q119)*D_inv+(1-R119)*C_inv+(1-S119)*B_inv+(1-T119)*A_inv+(1-U119)*seed_inv | W119: =MAX(0, sens_exit - V119) | X119: =F1_sh+F2_sh+F3_sh+RSA_sh+J119+K119+O119*L119+P119*(E_sh + F119)+Q119*(D_sh + E119)+R119*C_sh+S119*B_sh+T119*A_sh+U119*seed_sh | Y119: =(W119 + preF_opts_iss*opt_strike)/(X119 + preF_opts_iss)
B120: =N119 | C120: =OCP_D*(preF_FD + F_primary/OCP_D)/(preF_FD + F_primary/B120) | D120: =OCP_E*(preF_FD + F_primary/OCP_E)/(preF_FD + F_primary/B120) | E120: =D_sh*(OCP_D/C120 - 1) | F120: =E_sh*(OCP_E/D120 - 1) | G120: =(preF_FD + E120 + F120 - preF_opts + J119 + K119 + F_primary/B120)/(1-B110) | H120: =MAX(0, B110*G120 - preF_opts) | I120: =preF_FD + E120 + F120 + H120 | J120: =NA_P/MIN(NA_cap/(I120+K119), (1-NA_disc)*B120) | K120: =NB_P/MIN(NB_cap/(I120+J120), (1-NB_disc)*B120) | L120: =F_primary/B120 | M120: =I120+J120+K120 | N120: =D110/M120 | O120: =IF(Y119*L120 > F_primary, 1, 0) | P120: =IF(Y119*(E_sh + F120) > E_inv, 1, 0) | Q120: =IF(Y119*(D_sh + E120) > D_inv, 1, 0) | R120: =IF(Y119*C_sh > C_inv, 1, 0) | S120: =IF(Y119*B_sh > B_inv, 1, 0) | T120: =IF(Y119*A_sh > A_inv, 1, 0) | U120: =IF(Y119*seed_sh > seed_inv, 1, 0) | V120: =(1-O120)*F_primary+(1-P120)*E_inv+(1-Q120)*D_inv+(1-R120)*C_inv+(1-S120)*B_inv+(1-T120)*A_inv+(1-U120)*seed_inv | W120: =MAX(0, sens_exit - V120) | X120: =F1_sh+F2_sh+F3_sh+RSA_sh+J120+K120+O120*L120+P120*(E_sh + F120)+Q120*(D_sh + E120)+R120*C_sh+S120*B_sh+T120*A_sh+U120*seed_sh | Y120: =(W120 + preF_opts_iss*opt_strike)/(X120 + preF_opts_iss)
B121: =N120 | C121: =OCP_D*(preF_FD + F_primary/OCP_D)/(preF_FD + F_primary/B121) | D121: =OCP_E*(preF_FD + F_primary/OCP_E)/(preF_FD + F_primary/B121) | E121: =D_sh*(OCP_D/C121 - 1) | F121: =E_sh*(OCP_E/D121 - 1) | G121: =(preF_FD + E121 + F121 - preF_opts + J120 + K120 + F_primary/B121)/(1-B110) | H121: =MAX(0, B110*G121 - preF_opts) | I121: =preF_FD + E121 + F121 + H121 | J121: =NA_P/MIN(NA_cap/(I121+K120), (1-NA_disc)*B121) | K121: =NB_P/MIN(NB_cap/(I121+J121), (1-NB_disc)*B121) | L121: =F_primary/B121 | M121: =I121+J121+K121 | N121: =D110/M121 | O121: =IF(Y120*L121 > F_primary, 1, 0) | P121: =IF(Y120*(E_sh + F121) > E_inv, 1, 0) | Q121: =IF(Y120*(D_sh + E121) > D_inv, 1, 0) | R121: =IF(Y120*C_sh > C_inv, 1, 0) | S121: =IF(Y120*B_sh > B_inv, 1, 0) | T121: =IF(Y120*A_sh > A_inv, 1, 0) | U121: =IF(Y120*seed_sh > seed_inv, 1, 0) | V121: =(1-O121)*F_primary+(1-P121)*E_inv+(1-Q121)*D_inv+(1-R121)*C_inv+(1-S121)*B_inv+(1-T121)*A_inv+(1-U121)*seed_inv | W121: =MAX(0, sens_exit - V121) | X121: =F1_sh+F2_sh+F3_sh+RSA_sh+J121+K121+O121*L121+P121*(E_sh + F121)+Q121*(D_sh + E121)+R121*C_sh+S121*B_sh+T121*A_sh+U121*seed_sh | Y121: =(W121 + preF_opts_iss*opt_strike)/(X121 + preF_opts_iss)
B122: =N121 | C122: =OCP_D*(preF_FD + F_primary/OCP_D)/(preF_FD + F_primary/B122) | D122: =OCP_E*(preF_FD + F_primary/OCP_E)/(preF_FD + F_primary/B122) | E122: =D_sh*(OCP_D/C122 - 1) | F122: =E_sh*(OCP_E/D122 - 1) | G122: =(preF_FD + E122 + F122 - preF_opts + J121 + K121 + F_primary/B122)/(1-B110) | H122: =MAX(0, B110*G122 - preF_opts) | I122: =preF_FD + E122 + F122 + H122 | J122: =NA_P/MIN(NA_cap/(I122+K121), (1-NA_disc)*B122) | K122: =NB_P/MIN(NB_cap/(I122+J122), (1-NB_disc)*B122) | L122: =F_primary/B122 | M122: =I122+J122+K122 | N122: =D110/M122 | O122: =IF(Y121*L122 > F_primary, 1, 0) | P122: =IF(Y121*(E_sh + F122) > E_inv, 1, 0) | Q122: =IF(Y121*(D_sh + E122) > D_inv, 1, 0) | R122: =IF(Y121*C_sh > C_inv, 1, 0) | S122: =IF(Y121*B_sh > B_inv, 1, 0) | T122: =IF(Y121*A_sh > A_inv, 1, 0) | U122: =IF(Y121*seed_sh > seed_inv, 1, 0) | V122: =(1-O122)*F_primary+(1-P122)*E_inv+(1-Q122)*D_inv+(1-R122)*C_inv+(1-S122)*B_inv+(1-T122)*A_inv+(1-U122)*seed_inv | W122: =MAX(0, sens_exit - V122) | X122: =F1_sh+F2_sh+F3_sh+RSA_sh+J122+K122+O122*L122+P122*(E_sh + F122)+Q122*(D_sh + E122)+R122*C_sh+S122*B_sh+T122*A_sh+U122*seed_sh | Y122: =(W122 + preF_opts_iss*opt_strike)/(X122 + preF_opts_iss)
B123: =N122 | C123: =OCP_D*(preF_FD + F_primary/OCP_D)/(preF_FD + F_primary/B123) | D123: =OCP_E*(preF_FD + F_primary/OCP_E)/(preF_FD + F_primary/B123) | E123: =D_sh*(OCP_D/C123 - 1) | F123: =E_sh*(OCP_E/D123 - 1) | G123: =(preF_FD + E123 + F123 - preF_opts + J122 + K122 + F_primary/B123)/(1-B110) | H123: =MAX(0, B110*G123 - preF_opts) | I123: =preF_FD + E123 + F123 + H123 | J123: =NA_P/MIN(NA_cap/(I123+K122), (1-NA_disc)*B123) | K123: =NB_P/MIN(NB_cap/(I123+J123), (1-NB_disc)*B123) | L123: =F_primary/B123 | M123: =I123+J123+K123 | N123: =D110/M123 | O123: =IF(Y122*L123 > F_primary, 1, 0) | P123: =IF(Y122*(E_sh + F123) > E_inv, 1, 0) | Q123: =IF(Y122*(D_sh + E123) > D_inv, 1, 0) | R123: =IF(Y122*C_sh > C_inv, 1, 0) | S123: =IF(Y122*B_sh > B_inv, 1, 0) | T123: =IF(Y122*A_sh > A_inv, 1, 0) | U123: =IF(Y122*seed_sh > seed_inv, 1, 0) | V123: =(1-O123)*F_primary+(1-P123)*E_inv+(1-Q123)*D_inv+(1-R123)*C_inv+(1-S123)*B_inv+(1-T123)*A_inv+(1-U123)*seed_inv | W123: =MAX(0, sens_exit - V123) | X123: =F1_sh+F2_sh+F3_sh+RSA_sh+J123+K123+O123*L123+P123*(E_sh + F123)+Q123*(D_sh + E123)+R123*C_sh+S123*B_sh+T123*A_sh+U123*seed_sh | Y123: =(W123 + preF_opts_iss*opt_strike)/(X123 + preF_opts_iss)
B124: =N123 | C124: =OCP_D*(preF_FD + F_primary/OCP_D)/(preF_FD + F_primary/B124) | D124: =OCP_E*(preF_FD + F_primary/OCP_E)/(preF_FD + F_primary/B124) | E124: =D_sh*(OCP_D/C124 - 1) | F124: =E_sh*(OCP_E/D124 - 1) | G124: =(preF_FD + E124 + F124 - preF_opts + J123 + K123 + F_primary/B124)/(1-B110) | H124: =MAX(0, B110*G124 - preF_opts) | I124: =preF_FD + E124 + F124 + H124 | J124: =NA_P/MIN(NA_cap/(I124+K123), (1-NA_disc)*B124) | K124: =NB_P/MIN(NB_cap/(I124+J124), (1-NB_disc)*B124) | L124: =F_primary/B124 | M124: =I124+J124+K124 | N124: =D110/M124 | O124: =IF(Y123*L124 > F_primary, 1, 0) | P124: =IF(Y123*(E_sh + F124) > E_inv, 1, 0) | Q124: =IF(Y123*(D_sh + E124) > D_inv, 1, 0) | R124: =IF(Y123*C_sh > C_inv, 1, 0) | S124: =IF(Y123*B_sh > B_inv, 1, 0) | T124: =IF(Y123*A_sh > A_inv, 1, 0) | U124: =IF(Y123*seed_sh > seed_inv, 1, 0) | V124: =(1-O124)*F_primary+(1-P124)*E_inv+(1-Q124)*D_inv+(1-R124)*C_inv+(1-S124)*B_inv+(1-T124)*A_inv+(1-U124)*seed_inv | W124: =MAX(0, sens_exit - V124) | X124: =F1_sh+F2_sh+F3_sh+RSA_sh+J124+K124+O124*L124+P124*(E_sh + F124)+Q124*(D_sh + E124)+R124*C_sh+S124*B_sh+T124*A_sh+U124*seed_sh | Y124: =(W124 + preF_opts_iss*opt_strike)/(X124 + preF_opts_iss)
...

Sheet Return-Solver
A1: Return-Solver — Series F Ownership % Required
A3: For each exit, what % of post-F FD must our $10M check own to return 3× ($30M) and 4× ($40M)?
A4: Under base-case ESOP (13%) and full waterfall (incl. F's own election).
A5: Flagged INFEASIBLE if required ownership ≤ 0% or > 100%.
A7: Exit | B7: F election | C7: F class total payout | D7: Per-share to our shares | E7: Required own% for 3× | F7: 3× flag | G7: Required own% for 4× | H7: 4× flag
A8: =exit_v1 | B8: =Waterfall!B10 | C8: =Waterfall!B18 | D8: =C8 / F_prim_sh | E8: =ret_3x*our_check/(T_F * D8) | F8: =IF(OR(E8<=0, E8>1), "INFEASIBLE", "feasible") | G8: =ret_4x*our_check/(T_F * D8) | H8: =IF(OR(G8<=0, G8>1), "INFEASIBLE", "feasible")
A9: =exit_v2 | B9: =Waterfall!C10 | C9: =Waterfall!C18 | D9: =C9 / F_prim_sh | E9: =ret_3x*our_check/(T_F * D9) | F9: =IF(OR(E9<=0, E9>1), "INFEASIBLE", "feasible") | G9: =ret_4x*our_check/(T_F * D9) | H9: =IF(OR(G9<=0, G9>1), "INFEASIBLE", "feasible")
A10: =exit_v3 | B10: =Waterfall!D10 | C10: =Waterfall!D18 | D10: =C10 / F_prim_sh | E10: =ret_3x*our_check/(T_F * D10) | F10: =IF(OR(E10<=0, E10>1), "INFEASIBLE", "feasible") | G10: =ret_4x*our_check/(T_F * D10) | H10: =IF(OR(G10<=0, G10>1), "INFEASIBLE", "feasible")
A11: =exit_v4 | B11: =Waterfall!E10 | C11: =Waterfall!E18 | D11: =C11 / F_prim_sh | E11: =ret_3x*our_check/(T_F * D11) | F11: =IF(OR(E11<=0, E11>1), "INFEASIBLE", "feasible") | G11: =ret_4x*our_check/(T_F * D11) | H11: =IF(OR(G11<=0, G11>1), "INFEASIBLE", "feasible")
A12: =exit_v5 | B12: =Waterfall!F10 | C12: =Waterfall!F18 | D12: =C12 / F_prim_sh | E12: =ret_3x*our_check/(T_F * D12) | F12: =IF(OR(E12<=0, E12>1), "INFEASIBLE", "feasible") | G12: =ret_4x*our_check/(T_F * D12) | H12: =IF(OR(G12<=0, G12>1), "INFEASIBLE", "feasible")
