Workbook

Sheet Assumptions
B2: Kelvin Dynamics — Series F Assumptions
B3: $ in actual dollars; shares in actual count
B5: Round Terms
B6: Series F pre-money (USD) | C6: 1400000000
B7: Series F primary raise (USD) | C7: 30000000
B8: Series F secondary raise (USD) | C8: 15000000
B9: Tender PPS multiplier | C9: 0.85
B10: ESOP refresh target (% post-F FD) | C10: 0.13
B11: Our fund check (USD) | C11: 10000000
B12: F_LEAD primary check (USD) | C12: 20000000
B13: Option strike (USD) | C13: 1
B15: Pre-F Cap Table (shares)
B16: Founder F1 (CEO) common | C16: 4000000
B17: Founder F2 (CTO) common | C17: 2500000
B18: Founder F3 (Chief Sci) common | C18: 1500000
B19: Employee RSAs (10 holders) | C19: 1000000
B20: Seed preferred shares | C20: 5000000
B21: Series A preferred shares | C21: 5000000
B22: Series B preferred shares | C22: 3000000
B23: Series C preferred shares | C23: 2400000
B24: Series D preferred shares (post-AD v3) | C24: 1720627
B25: Series E preferred shares | C25: 6102667
B26: Pre-F options issued | C26: 2500000
B27: Pre-F options unissued | C27: 1894667
B28: Pre-F FD total | C28: =SUM(C16:C27) -> 36617961
B30: Original Conversion Prices (OCP)
B31: Seed OCP | C31: 1
B32: Series A OCP | C32: 3
B33: Series B OCP | C33: 10
B34: Series C OCP | C34: 25
B35: Series D OCP (post-E NCP, compound v3·v4) | C35: 58.118347
B36: Series E OCP | C36: 49.158311
B38: Liquidation Preferences (1x)
B39: Seed invested USD | C39: 5000000
B40: Series A invested USD | C40: 15000000
B41: Series B invested USD | C41: 30000000
B42: Series C invested USD | C42: 60000000
B43: Series D invested USD | C43: 100000000
B44: Series E invested USD | C44: 300000000
B45: Series F invested USD (= primary raise) | C45: =C7 -> 30000000
B47: Convertible Notes
B48: Note A principal (USD) | C48: 5000000
B49: Note A cap (USD) | C49: 1000000000
B50: Note A discount | C50: 0.2
B51: Note B principal (USD) | C51: 3000000
B52: Note B cap (USD) | C52: 1600000000
B53: Note B discount | C53: 0.15
B55: Existing pre-F option pool (issued + unissued) | C55: =C26+C27 -> 4394667
B57: Exit Scenarios (USD)
B58: Exit 1 | C58: 700000000
B59: Exit 2 | C59: 1200000000
B60: Exit 3 (sensitivity ref) | C60: 2000000000
B61: Exit 4 | C61: 4000000000
B62: Exit 5 | C62: 8000000000
B64: Sensitivity Axes
B65: ESOP refresh - low | C65: 0.11
B66: ESOP refresh - base | C66: 0.13
B67: ESOP refresh - high | C67: 0.15
B68: Pre-money - low (USD) | C68: 1200000000
B69: Pre-money - base (USD) | C69: 1400000000
B70: Pre-money - high (USD) | C70: 1800000000
B72: Return Targets
B73: Multiple - 3x | C73: 3
B74: Multiple - 4x | C74: 4
B76: Founder Ownership of Founder Common
B77: F1 % of founder common | C77: =C16/(C16+C17+C18) -> 0.5
B78: F2 % of founder common | C78: =C17/(C16+C17+C18) -> 0.3125
B79: F3 % of founder common | C79: =C18/(C16+C17+C18) -> 0.1875

Sheet Pro-Forma
B2: Pro-Forma Series F Cap Table
B3: Solves F PPS, AD, notes, ESOP simultaneously via fixed-point iteration
B5: Solved Round Mechanics
B6: Series F PPS (USD) | C6: =Solver!R28 -> 37.299761
B7: AD-adjusted NCP, Series D | C7: =Solver!I28 -> 57.670905
B8: AD-adjusted NCP, Series E | C8: =Solver!J28 -> 48.903442
B9: AD trigger test (Seed) | C9: =IF(C6<Assumptions!C31,"trigger","dormant") -> dormant
B10: AD trigger test (Series A) | C10: =IF(C6<Assumptions!C32,"trigger","dormant") -> dormant
B11: AD trigger test (Series B) | C11: =IF(C6<Assumptions!C33,"trigger","dormant") -> dormant
B12: AD trigger test (Series C) | C12: =IF(C6<Assumptions!C34,"trigger","dormant") -> dormant
B13: AD trigger test (Series D) | C13: =IF(C6<Assumptions!C35,"trigger","dormant") -> trigger
B14: AD trigger test (Series E) | C14: =IF(C6<Assumptions!C36,"trigger","dormant") -> trigger
B15: AD ratio (Series D, new/old) | C15: =Assumptions!C35/Solver!I28 -> 1.0077585
B16: AD ratio (Series E, new/old) | C16: =Assumptions!C36/Solver!J28 -> 1.0052117
B17: AD extra shares — Series D | C17: =Solver!K28 -> 13349.544
B18: AD extra shares — Series E | C18: =Solver!L28 -> 31805.124
B19: ESOP top-up shares | C19: =Solver!O28 -> 589279.18
B20: Note A shares converted | C20: =Solver!M28 -> 186735.09
B21: Note B shares converted | C21: =Solver!N28 -> 94622.906
B22: F primary shares | C22: =Assumptions!C7/C6 -> 804294.7
B23: Tender shares (founders → F_LEAD) | C23: =Assumptions!C8/(Assumptions!C9*C6) -> 473114.53
B24: Pre-money FD (denominator for F_PPS) | C24: =Solver!P28 -> 37533753
B25: Total post-F FD (T_F) | C25: =Solver!Q28 -> 38338048
B27: Note Conversion Branches
B28: Note A: cap-implied PPS | C28: =Assumptions!C49/(Assumptions!C28+Solver!O28+Solver!K28+Solver!L28+Solver!N28) -> 26.7759
B29: Note A: discount-implied PPS | C29: =C6*(1-Assumptions!C50) -> 29.839809
B30: Note A: branch (cap | discount) | C30: =IF(C28<C29,"cap","discount") -> cap
B31: Note A: conversion PPS | C31: =MIN(C28,C29) -> 26.7759
B32: Note A: shares | C32: =Assumptions!C48/C31 -> 186735.09
B33: Note B: cap-implied PPS | C33: =Assumptions!C52/(Assumptions!C28+Solver!O28+Solver!K28+Solver!L28+Solver!M28) -> 42.736036
B34: Note B: discount-implied PPS | C34: =C6*(1-Assumptions!C53) -> 31.704797
B35: Note B: branch | C35: =IF(C33<C34,"cap","discount") -> discount
B36: Note B: conversion PPS | C36: =MIN(C33,C34) -> 31.704797
B37: Note B: shares | C37: =Assumptions!C51/C36 -> 94622.906
B39: Anti-Dilution Block (broad-based WA)
B40: Class | C40: OCP | D40: Trigger | E40: New CP | F40: Ratio (new/old)
B41: Seed | C41: =Assumptions!C31 -> 1 | D41: =IF(C6<Assumptions!C31,"trigger","dormant") -> dormant | E41: =IF(D41="dormant",C41,Assumptions!C31*(Assumptions!C28+Assumptions!C7/Assumptions!C31)/(Assumptions!C28+Assumptions!C7/C6)) -> 1 | F41: =C41/E41 -> 1
B42: Series A | C42: =Assumptions!C32 -> 3 | D42: =IF(C6<Assumptions!C32,"trigger","dormant") -> dormant | E42: =IF(D42="dormant",C42,Assumptions!C32*(Assumptions!C28+Assumptions!C7/Assumptions!C32)/(Assumptions!C28+Assumptions!C7/C6)) -> 3 | F42: =C42/E42 -> 1
B43: Series B | C43: =Assumptions!C33 -> 10 | D43: =IF(C6<Assumptions!C33,"trigger","dormant") -> dormant | E43: =IF(D43="dormant",C43,Assumptions!C33*(Assumptions!C28+Assumptions!C7/Assumptions!C33)/(Assumptions!C28+Assumptions!C7/C6)) -> 10 | F43: =C43/E43 -> 1
B44: Series C | C44: =Assumptions!C34 -> 25 | D44: =IF(C6<Assumptions!C34,"trigger","dormant") -> dormant | E44: =IF(D44="dormant",C44,Assumptions!C34*(Assumptions!C28+Assumptions!C7/Assumptions!C34)/(Assumptions!C28+Assumptions!C7/C6)) -> 25 | F44: =C44/E44 -> 1
B45: Series D | C45: =Assumptions!C35 -> 58.118347 | D45: =IF(C6<Assumptions!C35,"trigger","dormant") -> trigger | E45: =Solver!I28 -> 57.670905 | F45: =C45/E45 -> 1.0077585
B46: Series E | C46: =Assumptions!C36 -> 49.158311 | D46: =IF(C6<Assumptions!C36,"trigger","dormant") -> trigger | E46: =Solver!J28 -> 48.903442 | F46: =C46/E46 -> 1.0052117
B49: Tender Block (Secondary)
B50: Secondary raise (USD) | C50: =Assumptions!C8 -> 15000000
B51: Tender PPS (= 0.85 × F_PPS) | C51: =Assumptions!C9*C6 -> 31.704797
B52: Tender shares total | C52: =C23 -> 473114.53
B53: F1 tender shares (founder pro rata) | C53: =C52*Assumptions!C77 -> 236557.27
B54: F2 tender shares | C54: =C52*Assumptions!C78 -> 147848.29
B55: F3 tender shares | C55: =C52*Assumptions!C79 -> 88708.975
B56: F_LEAD secondary common holding | C56: =C52 -> 473114.53
B59: Post-F Cap Table by Stakeholder
B60: Stakeholder | C60: Security Class | D60: Shares | E60: % of FD | F60: Notes
B61: Founder F1 (CEO) | C61: Common | D61: =Assumptions!C16-C53 -> 3763442.7 | E61: =D61/C25 -> 0.098164695 | F61: post-tender
B62: Founder F2 (CTO) | C62: Common | D62: =Assumptions!C17-C54 -> 2352151.7 | E62: =D62/C25 -> 0.061352934
B63: Founder F3 (Chief Sci) | C63: Common | D63: =Assumptions!C18-C55 -> 1411291 | E63: =D63/C25 -> 0.036811761
B64: Employee RSAs | C64: Common (RSA) | D64: =Assumptions!C19 -> 1000000 | E64: =D64/C25 -> 0.026083749
B65: Seed LP | C65: Series Seed | D65: =Assumptions!C20 -> 5000000 | E65: =D65/C25 -> 0.13041874
B66: Series A LP | C66: Series A | D66: =Assumptions!C21 -> 5000000 | E66: =D66/C25 -> 0.13041874
B67: Series B LP | C67: Series B | D67: =Assumptions!C22 -> 3000000 | E67: =D67/C25 -> 0.078251246
B68: Series C LP | C68: Series C | D68: =Assumptions!C23 -> 2400000 | E68: =D68/C25 -> 0.062600997
B69: Series D LP | C69: Series D | D69: =Assumptions!C24+C17 -> 1733976.5 | E69: =D69/C25 -> 0.045228609 | F69: incl. AD top-up
B70: Series E LPs (10 holders) | C70: Series E | D70: =Assumptions!C25+C18 -> 6134472.1 | E70: =D70/C25 -> 0.16001003 | F70: incl. AD top-up
B71: Note A holder | C71: Common-equiv | D71: =C32 -> 186735.09 | E71: =D71/C25 -> 0.0048707511
B72: Note B holder | C72: Common-equiv | D72: =C37 -> 94622.906 | E72: =D72/C25 -> 0.0024681201
B73: F_LEAD (primary) | C73: Series F | D73: =Assumptions!C12/C6 -> 536196.47 | E73: =D73/C25 -> 0.013986014
B74: F_LEAD (secondary common) | C74: Common | D74: =C56 -> 473114.53 | E74: =D74/C25 -> 0.012340601
B75: Our fund (Series F primary) | C75: Series F | D75: =Assumptions!C11/C6 -> 268098.23 | E75: =D75/C25 -> 0.006993007
B76: Pre-F options issued | C76: Options (issued) | D76: =Assumptions!C26 -> 2500000 | E76: =D76/C25 -> 0.065209372
B77: Option pool (unissued + top-up) | C77: Options (unissued) | D77: =Assumptions!C27+C19 -> 2483946.2 | E77: =D77/C25 -> 0.064790628
B78: Total | D78: =SUM(D61:D77) -> 38338048 | E78: =SUM(E61:E77) -> 1
B79: Check | D79: =ROUND(D78-C25,2) -> 0 | E79: =ROUND(E78-1,4) -> 0

Sheet Return-Solver
B2: Return-Solver — Required F Ownership for 3x and 4x
B3: Per exit, solve for company % needed by our $10M check to hit target multiples
B5: Reference Mechanics (base case)
B6: F PPS | C6: ='Pro-Forma'!C6 -> 37.299761
B7: Total post-F FD (T_F) | C7: ='Pro-Forma'!C25 -> 38338048
B8: F primary shares | C8: ='Pro-Forma'!C22 -> 804294.7
B9: F preference (1x) | C9: =Assumptions!C45 -> 30000000
B10: Our check | C10: =Assumptions!C11 -> 10000000
B12: Exit Scenarios
B13: Exit value | C13: ='Waterfall'!C24 -> 700000000 | D13: ='Waterfall'!D24 -> 1200000000 | E13: ='Waterfall'!E24 -> 2000000000 | F13: ='Waterfall'!F24 -> 4000000000 | G13: ='Waterfall'!G24 -> 8000000000
B14: F election | C14: =IF('Waterfall'!C59,"convert","preference") -> preference | D14: =IF('Waterfall'!D59,"convert","preference") -> preference | E14: =IF('Waterfall'!E59,"convert","preference") -> convert | F14: =IF('Waterfall'!F59,"convert","preference") -> convert | G14: =IF('Waterfall'!G59,"convert","preference") -> convert
B15: Common per-share value at exit | C15: ='Waterfall'!C85 -> 8.3787246 | D15: ='Waterfall'!D85 -> 28.420214 | E15: ='Waterfall'!E85 -> 55.758882 | F15: ='Waterfall'!F85 -> 111.63297 | G15: ='Waterfall'!G85 -> 223.19622
B16: Per-F-share proceeds (pref vs convert) | C16: =IF('Waterfall'!C59,C15,$C$6) -> 37.299761 | D16: =IF('Waterfall'!D59,D15,$C$6) -> 37.299761 | E16: =IF('Waterfall'!E59,E15,$C$6) -> 55.758882 | F16: =IF('Waterfall'!F59,F15,$C$6) -> 111.63297 | G16: =IF('Waterfall'!G59,G15,$C$6) -> 223.19622
B17: F class total proceeds | C17: =$C$8*C16 -> 30000000 | D17: =$C$8*D16 -> 30000000 | E17: =$C$8*E16 -> 44846573 | F17: =$C$8*F16 -> 89785811 | G17: =$C$8*G16 -> 1.7951554e+08
B19: Required Company Ownership % to hit target
B20: Target 3x ($30M) | C20: =IF(OR(($C$10*Assumptions!C73)>C17,(($C$10*Assumptions!C73)/($C$7*C16))>1),NA(),(($C$10*Assumptions!C73)/($C$7*C16))) -> 0.020979021 | D20: =IF(OR(($C$10*Assumptions!C73)>D17,(($C$10*Assumptions!C73)/($C$7*D16))>1),NA(),(($C$10*Assumptions!C73)/($C$7*D16))) -> 0.020979021 | E20: =IF(OR(($C$10*Assumptions!C73)>E17,(($C$10*Assumptions!C73)/($C$7*E16))>1),NA(),(($C$10*Assumptions!C73)/($C$7*E16))) -> 0.014033862 | F20: =IF(OR(($C$10*Assumptions!C73)>F17,(($C$10*Assumptions!C73)/($C$7*F16))>1),NA(),(($C$10*Assumptions!C73)/($C$7*F16))) -> 0.0070096892 | G20: =IF(OR(($C$10*Assumptions!C73)>G17,(($C$10*Assumptions!C73)/($C$7*G16))>1),NA(),(($C$10*Assumptions!C73)/($C$7*G16))) -> 0.0035059395
B21: Status (3x) | C21: =IF(OR(($C$10*Assumptions!C73)>C17,(($C$10*Assumptions!C73)/($C$7*C16))>1),"infeasible","feasible") -> feasible | D21: =IF(OR(($C$10*Assumptions!C73)>D17,(($C$10*Assumptions!C73)/($C$7*D16))>1),"infeasible","feasible") -> feasible | E21: =IF(OR(($C$10*Assumptions!C73)>E17,(($C$10*Assumptions!C73)/($C$7*E16))>1),"infeasible","feasible") -> feasible | F21: =IF(OR(($C$10*Assumptions!C73)>F17,(($C$10*Assumptions!C73)/($C$7*F16))>1),"infeasible","feasible") -> feasible | G21: =IF(OR(($C$10*Assumptions!C73)>G17,(($C$10*Assumptions!C73)/($C$7*G16))>1),"infeasible","feasible") -> feasible
B23: Target 4x ($40M) | C23: =IF(OR(($C$10*Assumptions!C74)>C17,(($C$10*Assumptions!C74)/($C$7*C16))>1),NA(),(($C$10*Assumptions!C74)/($C$7*C16))) -> #N/A | D23: =IF(OR(($C$10*Assumptions!C74)>D17,(($C$10*Assumptions!C74)/($C$7*D16))>1),NA(),(($C$10*Assumptions!C74)/($C$7*D16))) -> #N/A | E23: =IF(OR(($C$10*Assumptions!C74)>E17,(($C$10*Assumptions!C74)/($C$7*E16))>1),NA(),(($C$10*Assumptions!C74)/($C$7*E16))) -> 0.018711816 | F23: =IF(OR(($C$10*Assumptions!C74)>F17,(($C$10*Assumptions!C74)/($C$7*F16))>1),NA(),(($C$10*Assumptions!C74)/($C$7*F16))) -> 0.0093462523 | G23: =IF(OR(($C$10*Assumptions!C74)>G17,(($C$10*Assumptions!C74)/($C$7*G16))>1),NA(),(($C$10*Assumptions!C74)/($C$7*G16))) -> 0.0046745861
B24: Status (4x) | C24: =IF(OR(($C$10*Assumptions!C74)>C17,(($C$10*Assumptions!C74)/($C$7*C16))>1),"infeasible","feasible") -> infeasible | D24: =IF(OR(($C$10*Assumptions!C74)>D17,(($C$10*Assumptions!C74)/($C$7*D16))>1),"infeasible","feasible") -> infeasible | E24: =IF(OR(($C$10*Assumptions!C74)>E17,(($C$10*Assumptions!C74)/($C$7*E16))>1),"infeasible","feasible") -> feasible | F24: =IF(OR(($C$10*Assumptions!C74)>F17,(($C$10*Assumptions!C74)/($C$7*F16))>1),"infeasible","feasible") -> feasible | G24: =IF(OR(($C$10*Assumptions!C74)>G17,(($C$10*Assumptions!C74)/($C$7*G16))>1),"infeasible","feasible") -> feasible
B26: Implied Required $ Check
B27: Required check for 3x ($) | C27: =IF(($C$10*Assumptions!C73)>C17,NA(),($C$10*Assumptions!C73)*$C$6/C16) -> 30000000 | D27: =IF(($C$10*Assumptions!C73)>D17,NA(),($C$10*Assumptions!C73)*$C$6/D16) -> 30000000 | E27: =IF(($C$10*Assumptions!C73)>E17,NA(),($C$10*Assumptions!C73)*$C$6/E16) -> 20068423 | F27: =IF(($C$10*Assumptions!C73)>F17,NA(),($C$10*Assumptions!C73)*$C$6/F16) -> 10023856 | G27: =IF(($C$10*Assumptions!C73)>G17,NA(),($C$10*Assumptions!C73)*$C$6/G16) -> 5013493.5
B28: Required check for 4x ($) | C28: =IF(($C$10*Assumptions!C74)>C17,NA(),($C$10*Assumptions!C74)*$C$6/C16) -> #N/A | D28: =IF(($C$10*Assumptions!C74)>D17,NA(),($C$10*Assumptions!C74)*$C$6/D16) -> #N/A | E28: =IF(($C$10*Assumptions!C74)>E17,NA(),($C$10*Assumptions!C74)*$C$6/E16) -> 26757897 | F28: =IF(($C$10*Assumptions!C74)>F17,NA(),($C$10*Assumptions!C74)*$C$6/F16) -> 13365141 | G28: =IF(($C$10*Assumptions!C74)>G17,NA(),($C$10*Assumptions!C74)*$C$6/G16) -> 6684658.1
B30: Methodology: Required ownership % = target proceeds ÷ (T_F × per-F-share proceeds at exit).
B31: F-converts case: per-F-share = common per-share value (Waterfall row 85). F-prefers case: per-F-share = F PPS (1x preference).
B32: Infeasible if target exceeds F class total proceeds or required ownership > 100%.

Sheet Sens-Helper
B2: Sensitivity Helpers — 9 Scenario Solvers
B3: Each solver re-solves F PPS, AD, notes, ESOP for one (pre, esop) cell
B5: Scenario 1: ESOP=11%, Pre=$1.2B
B6: ESOP target | C6: =Assumptions!C65 -> 0.11 | D6: Pre-money | E6: =Assumptions!C68 -> 1200000000
C8: iter | D8: F_PPS | E8: NCP_D | F8: NCP_E | G8: AD_D | H8: AD_E | I8: n_A | J8: n_B | K8: ESOP_top | L8: FD_pre | M8: T_F | N8: F_PPS_new
C9: 0 | D9: =$E$6/Assumptions!C28 -> 32.770803 | E9: =IF(D9<Assumptions!C35,Assumptions!C35*(Assumptions!C28+Assumptions!C7/Assumptions!C35)/(Assumptions!C28+Assumptions!C7/D9),Assumptions!C35) -> 57.500114 | F9: =IF(D9<Assumptions!C36,Assumptions!C36*(Assumptions!C28+Assumptions!C7/Assumptions!C36)/(Assumptions!C28+Assumptions!C7/D9),Assumptions!C36) -> 48.758616 | G9: =Assumptions!C24*(Assumptions!C35/E9-1) -> 18499.928 | H9: =Assumptions!C25*(Assumptions!C36/F9-1) -> 50026.182 | I9: =Assumptions!C48/MIN((Assumptions!C49/(Assumptions!C28+0+G9+H9+0)),(D9*(1-Assumptions!C50))) -> 190718.55 | J9: =Assumptions!C51/MIN((Assumptions!C52/(Assumptions!C28+0+G9+H9+I9)),(D9*(1-Assumptions!C53))) -> 107699.89 | K9: =MAX(0,($C$6*(Assumptions!C28+G9+H9+I9+J9+Assumptions!C7/D9)-Assumptions!C55)/(1-$C$6)) -> 0 | L9: =Assumptions!C28+K9+G9+H9+I9+J9 -> 36984906 | M9: =L9+Assumptions!C7/D9 -> 37900355 | N9: =$E$6/L9 -> 32.445669
C10: 1 | D10: =N9 -> 32.445669 | E10: =IF(D10<Assumptions!C35,Assumptions!C35*(Assumptions!C28+Assumptions!C7/Assumptions!C35)/(Assumptions!C28+Assumptions!C7/D10),Assumptions!C35) -> 57.486064 | F10: =IF(D10<Assumptions!C36,Assumptions!C36*(Assumptions!C28+Assumptions!C7/Assumptions!C36)/(Assumptions!C28+Assumptions!C7/D10),Assumptions!C36) -> 48.746701 | G10: =Assumptions!C24*(Assumptions!C35/E10-1) -> 18924.992 | H10: =Assumptions!C25*(Assumptions!C36/F10-1) -> 51529.973 | I10: =Assumptions!C48/MIN((Assumptions!C49/(Assumptions!C28+K9+G10+H10+J9)),(D10*(1-Assumptions!C50))) -> 192629.72 | J10: =Assumptions!C51/MIN((Assumptions!C52/(Assumptions!C28+K9+G10+H10+I10)),(D10*(1-Assumptions!C53))) -> 108779.13 | K10: =MAX(0,($C$6*(Assumptions!C28+G10+H10+I10+J10+Assumptions!C7/D10)-Assumptions!C55)/(1-$C$6)) -> 0 | L10: =Assumptions!C28+K10+G10+H10+I10+J10 -> 36989825 | M10: =L10+Assumptions!C7/D10 -> 37914447 | N10: =$E$6/L10 -> 32.441354
C11: 2 | D11: =N10 -> 32.441354 | E11: =IF(D11<Assumptions!C35,Assumptions!C35*(Assumptions!C28+Assumptions!C7/Assumptions!C35)/(Assumptions!C28+Assumptions!C7/D11),Assumptions!C35) -> 57.485876 | F11: =IF(D11<Assumptions!C36,Assumptions!C36*(Assumptions!C28+Assumptions!C7/Assumptions!C36)/(Assumptions!C28+Assumptions!C7/D11),Assumptions!C36) -> 48.746542 | G11: =Assumptions!C24*(Assumptions!C35/E11-1) -> 18930.69 | H11: =Assumptions!C25*(Assumptions!C36/F11-1) -> 51550.133 | I11: =Assumptions!C48/MIN((Assumptions!C49/(Assumptions!C28+K10+G11+H11+J10)),(D11*(1-Assumptions!C50))) -> 192655.34 | J11: =Assumptions!C51/MIN((Assumptions!C52/(Assumptions!C28+K10+G11+H11+I11)),(D11*(1-Assumptions!C53))) -> 108793.6 | K11: =MAX(0,($C$6*(Assumptions!C28+G11+H11+I11+J11+Assumptions!C7/D11)-Assumptions!C55)/(1-$C$6)) -> 0 | L11: =Assumptions!C28+K11+G11+H11+I11+J11 -> 36989891 | M11: =L11+Assumptions!C7/D11 -> 37914636 | N11: =$E$6/L11 -> 32.441296
C12: 3 | D12: =N11 -> 32.441296 | E12: =IF(D12<Assumptions!C35,Assumptions!C35*(Assumptions!C28+Assumptions!C7/Assumptions!C35)/(Assumptions!C28+Assumptions!C7/D12),Assumptions!C35) -> 57.485873 | F12: =IF(D12<Assumptions!C36,Assumptions!C36*(Assumptions!C28+Assumptions!C7/Assumptions!C36)/(Assumptions!C28+Assumptions!C7/D12),Assumptions!C36) -> 48.74654 | G12: =Assumptions!C24*(Assumptions!C35/E12-1) -> 18930.767 | H12: =Assumptions!C25*(Assumptions!C36/F12-1) -> 51550.403 | I12: =Assumptions!C48/MIN((Assumptions!C49/(Assumptions!C28+K11+G12+H12+J11)),(D12*(1-Assumptions!C50))) -> 192655.68 | J12: =Assumptions!C51/MIN((Assumptions!C52/(Assumptions!C28+K11+G12+H12+I12)),(D12*(1-Assumptions!C53))) -> 108793.8 | K12: =MAX(0,($C$6*(Assumptions!C28+G12+H12+I12+J12+Assumptions!C7/D12)-Assumptions!C55)/(1-$C$6)) -> 0 | L12: =Assumptions!C28+K12+G12+H12+I12+J12 -> 36989892 | M12: =L12+Assumptions!C7/D12 -> 37914639 | N12: =$E$6/L12 -> 32.441295
C13: 4 | D13: =N12 -> 32.441295 | E13: =IF(D13<Assumptions!C35,Assumptions!C35*(Assumptions!C28+Assumptions!C7/Assumptions!C35)/(Assumptions!C28+Assumptions!C7/D13),Assumptions!C35) -> 57.485873 | F13: =IF(D13<Assumptions!C36,Assumptions!C36*(Assumptions!C28+Assumptions!C7/Assumptions!C36)/(Assumptions!C28+Assumptions!C7/D13),Assumptions!C36) -> 48.74654 | G13: =Assumptions!C24*(Assumptions!C35/E13-1) -> 18930.768 | H13: =Assumptions!C25*(Assumptions!C36/F13-1) -> 51550.407 | I13: =Assumptions!C48/MIN((Assumptions!C49/(Assumptions!C28+K12+G13+H13+J12)),(D13*(1-Assumptions!C50))) -> 192655.69 | J13: =Assumptions!C51/MIN((Assumptions!C52/(Assumptions!C28+K12+G13+H13+I13)),(D13*(1-Assumptions!C53))) -> 108793.8 | K13: =MAX(0,($C$6*(Assumptions!C28+G13+H13+I13+J13+Assumptions!C7/D13)-Assumptions!C55)/(1-$C$6)) -> 0 | L13: =Assumptions!C28+K13+G13+H13+I13+J13 -> 36989892 | M13: =L13+Assumptions!C7/D13 -> 37914639 | N13: =$E$6/L13 -> 32.441295
C14: 5 | D14: =N13 -> 32.441295 | E14: =IF(D14<Assumptions!C35,Assumptions!C35*(Assumptions!C28+Assumptions!C7/Assumptions!C35)/(Assumptions!C28+Assumptions!C7/D14),Assumptions!C35) -> 57.485873 | F14: =IF(D14<Assumptions!C36,Assumptions!C36*(Assumptions!C28+Assumptions!C7/Assumptions!C36)/(Assumptions!C28+Assumptions!C7/D14),Assumptions!C36) -> 48.74654 | G14: =Assumptions!C24*(Assumptions!C35/E14-1) -> 18930.768 | H14: =Assumptions!C25*(Assumptions!C36/F14-1) -> 51550.407 | I14: =Assumptions!C48/MIN((Assumptions!C49/(Assumptions!C28+K13+G14+H14+J13)),(D14*(1-Assumptions!C50))) -> 192655.69 | J14: =Assumptions!C51/MIN((Assumptions!C52/(Assumptions!C28+K13+G14+H14+I14)),(D14*(1-Assumptions!C53))) -> 108793.8 | K14: =MAX(0,($C$6*(Assumptions!C28+G14+H14+I14+J14+Assumptions!C7/D14)-Assumptions!C55)/(1-$C$6)) -> 0 | L14: =Assumptions!C28+K14+G14+H14+I14+J14 -> 36989892 | M14: =L14+Assumptions!C7/D14 -> 37914639 | N14: =$E$6/L14 -> 32.441295
C15: 6 | D15: =N14 -> 32.441295 | E15: =IF(D15<Assumptions!C35,Assumptions!C35*(Assumptions!C28+Assumptions!C7/Assumptions!C35)/(Assumptions!C28+Assumptions!C7/D15),Assumptions!C35) -> 57.485873 | F15: =IF(D15<Assumptions!C36,Assumptions!C36*(Assumptions!C28+Assumptions!C7/Assumptions!C36)/(Assumptions!C28+Assumptions!C7/D15),Assumptions!C36) -> 48.74654 | G15: =Assumptions!C24*(Assumptions!C35/E15-1) -> 18930.768 | H15: =Assumptions!C25*(Assumptions!C36/F15-1) -> 51550.407 | I15: =Assumptions!C48/MIN((Assumptions!C49/(Assumptions!C28+K14+G15+H15+J14)),(D15*(1-Assumptions!C50))) -> 192655.69 | J15: =Assumptions!C51/MIN((Assumptions!C52/(Assumptions!C28+K14+G15+H15+I15)),(D15*(1-Assumptions!C53))) -> 108793.8 | K15: =MAX(0,($C$6*(Assumptions!C28+G15+H15+I15+J15+Assumptions!C7/D15)-Assumptions!C55)/(1-$C$6)) -> 0 | L15: =Assumptions!C28+K15+G15+H15+I15+J15 -> 36989892 | M15: =L15+Assumptions!C7/D15 -> 37914639 | N15: =$E$6/L15 -> 32.441295
C16: 7 | D16: =N15 -> 32.441295 | E16: =IF(D16<Assumptions!C35,Assumptions!C35*(Assumptions!C28+Assumptions!C7/Assumptions!C35)/(Assumptions!C28+Assumptions!C7/D16),Assumptions!C35) -> 57.485873 | F16: =IF(D16<Assumptions!C36,Assumptions!C36*(Assumptions!C28+Assumptions!C7/Assumptions!C36)/(Assumptions!C28+Assumptions!C7/D16),Assumptions!C36) -> 48.74654 | G16: =Assumptions!C24*(Assumptions!C35/E16-1) -> 18930.768 | H16: =Assumptions!C25*(Assumptions!C36/F16-1) -> 51550.407 | I16: =Assumptions!C48/MIN((Assumptions!C49/(Assumptions!C28+K15+G16+H16+J15)),(D16*(1-Assumptions!C50))) -> 192655.69 | J16: =Assumptions!C51/MIN((Assumptions!C52/(Assumptions!C28+K15+G16+H16+I16)),(D16*(1-Assumptions!C53))) -> 108793.8 | K16: =MAX(0,($C$6*(Assumptions!C28+G16+H16+I16+J16+Assumptions!C7/D16)-Assumptions!C55)/(1-$C$6)) -> 0 | L16: =Assumptions!C28+K16+G16+H16+I16+J16 -> 36989892 | M16: =L16+Assumptions!C7/D16 -> 37914639 | N16: =$E$6/L16 -> 32.441295
C17: 8 | D17: =N16 -> 32.441295 | E17: =IF(D17<Assumptions!C35,Assumptions!C35*(Assumptions!C28+Assumptions!C7/Assumptions!C35)/(Assumptions!C28+Assumptions!C7/D17),Assumptions!C35) -> 57.485873 | F17: =IF(D17<Assumptions!C36,Assumptions!C36*(Assumptions!C28+Assumptions!C7/Assumptions!C36)/(Assumptions!C28+Assumptions!C7/D17),Assumptions!C36) -> 48.74654 | G17: =Assumptions!C24*(Assumptions!C35/E17-1) -> 18930.768 | H17: =Assumptions!C25*(Assumptions!C36/F17-1) -> 51550.407 | I17: =Assumptions!C48/MIN((Assumptions!C49/(Assumptions!C28+K16+G17+H17+J16)),(D17*(1-Assumptions!C50))) -> 192655.69 | J17: =Assumptions!C51/MIN((Assumptions!C52/(Assumptions!C28+K16+G17+H17+I17)),(D17*(1-Assumptions!C53))) -> 108793.8 | K17: =MAX(0,($C$6*(Assumptions!C28+G17+H17+I17+J17+Assumptions!C7/D17)-Assumptions!C55)/(1-$C$6)) -> 0 | L17: =Assumptions!C28+K17+G17+H17+I17+J17 -> 36989892 | M17: =L17+Assumptions!C7/D17 -> 37914639 | N17: =$E$6/L17 -> 32.441295
C18: 9 | D18: =N17 -> 32.441295 | E18: =IF(D18<Assumptions!C35,Assumptions!C35*(Assumptions!C28+Assumptions!C7/Assumptions!C35)/(Assumptions!C28+Assumptions!C7/D18),Assumptions!C35) -> 57.485873 | F18: =IF(D18<Assumptions!C36,Assumptions!C36*(Assumptions!C28+Assumptions!C7/Assumptions!C36)/(Assumptions!C28+Assumptions!C7/D18),Assumptions!C36) -> 48.74654 | G18: =Assumptions!C24*(Assumptions!C35/E18-1) -> 18930.768 | H18: =Assumptions!C25*(Assumptions!C36/F18-1) -> 51550.407 | I18: =Assumptions!C48/MIN((Assumptions!C49/(Assumptions!C28+K17+G18+H18+J17)),(D18*(1-Assumptions!C50))) -> 192655.69 | J18: =Assumptions!C51/MIN((Assumptions!C52/(Assumptions!C28+K17+G18+H18+I18)),(D18*(1-Assumptions!C53))) -> 108793.8 | K18: =MAX(0,($C$6*(Assumptions!C28+G18+H18+I18+J18+Assumptions!C7/D18)-Assumptions!C55)/(1-$C$6)) -> 0 | L18: =Assumptions!C28+K18+G18+H18+I18+J18 -> 36989892 | M18: =L18+Assumptions!C7/D18 -> 37914639 | N18: =$E$6/L18 -> 32.441295
C19: 10 | D19: =N18 -> 32.441295 | E19: =IF(D19<Assumptions!C35,Assumptions!C35*(Assumptions!C28+Assumptions!C7/Assumptions!C35)/(Assumptions!C28+Assumptions!C7/D19),Assumptions!C35) -> 57.485873 | F19: =IF(D19<Assumptions!C36,Assumptions!C36*(Assumptions!C28+Assumptions!C7/Assumptions!C36)/(Assumptions!C28+Assumptions!C7/D19),Assumptions!C36) -> 48.74654 | G19: =Assumptions!C24*(Assumptions!C35/E19-1) -> 18930.768 | H19: =Assumptions!C25*(Assumptions!C36/F19-1) -> 51550.407 | I19: =Assumptions!C48/MIN((Assumptions!C49/(Assumptions!C28+K18+G19+H19+J18)),(D19*(1-Assumptions!C50))) -> 192655.69 | J19: =Assumptions!C51/MIN((Assumptions!C52/(Assumptions!C28+K18+G19+H19+I19)),(D19*(1-Assumptions!C53))) -> 108793.8 | K19: =MAX(0,($C$6*(Assumptions!C28+G19+H19+I19+J19+Assumptions!C7/D19)-Assumptions!C55)/(1-$C$6)) -> 0 | L19: =Assumptions!C28+K19+G19+H19+I19+J19 -> 36989892 | M19: =L19+Assumptions!C7/D19 -> 37914639 | N19: =$E$6/L19 -> 32.441295
C20: 11 | D20: =N19 -> 32.441295 | E20: =IF(D20<Assumptions!C35,Assumptions!C35*(Assumptions!C28+Assumptions!C7/Assumptions!C35)/(Assumptions!C28+Assumptions!C7/D20),Assumptions!C35) -> 57.485873 | F20: =IF(D20<Assumptions!C36,Assumptions!C36*(Assumptions!C28+Assumptions!C7/Assumptions!C36)/(Assumptions!C28+Assumptions!C7/D20),Assumptions!C36) -> 48.74654 | G20: =Assumptions!C24*(Assumptions!C35/E20-1) -> 18930.768 | H20: =Assumptions!C25*(Assumptions!C36/F20-1) -> 51550.407 | I20: =Assumptions!C48/MIN((Assumptions!C49/(Assumptions!C28+K19+G20+H20+J19)),(D20*(1-Assumptions!C50))) -> 192655.69 | J20: =Assumptions!C51/MIN((Assumptions!C52/(Assumptions!C28+K19+G20+H20+I20)),(D20*(1-Assumptions!C53))) -> 108793.8 | K20: =MAX(0,($C$6*(Assumptions!C28+G20+H20+I20+J20+Assumptions!C7/D20)-Assumptions!C55)/(1-$C$6)) -> 0 | L20: =Assumptions!C28+K20+G20+H20+I20+J20 -> 36989892 | M20: =L20+Assumptions!C7/D20 -> 37914639 | N20: =$E$6/L20 -> 32.441295
C21: 12 | D21: =N20 -> 32.441295 | E21: =IF(D21<Assumptions!C35,Assumptions!C35*(Assumptions!C28+Assumptions!C7/Assumptions!C35)/(Assumptions!C28+Assumptions!C7/D21),Assumptions!C35) -> 57.485873 | F21: =IF(D21<Assumptions!C36,Assumptions!C36*(Assumptions!C28+Assumptions!C7/Assumptions!C36)/(Assumptions!C28+Assumptions!C7/D21),Assumptions!C36) -> 48.74654 | G21: =Assumptions!C24*(Assumptions!C35/E21-1) -> 18930.768 | H21: =Assumptions!C25*(Assumptions!C36/F21-1) -> 51550.407 | I21: =Assumptions!C48/MIN((Assumptions!C49/(Assumptions!C28+K20+G21+H21+J20)),(D21*(1-Assumptions!C50))) -> 192655.69 | J21: =Assumptions!C51/MIN((Assumptions!C52/(Assumptions!C28+K20+G21+H21+I21)),(D21*(1-Assumptions!C53))) -> 108793.8 | K21: =MAX(0,($C$6*(Assumptions!C28+G21+H21+I21+J21+Assumptions!C7/D21)-Assumptions!C55)/(1-$C$6)) -> 0 | L21: =Assumptions!C28+K21+G21+H21+I21+J21 -> 36989892 | M21: =L21+Assumptions!C7/D21 -> 37914639 | N21: =$E$6/L21 -> 32.441295
C22: 13 | D22: =N21 -> 32.441295 | E22: =IF(D22<Assumptions!C35,Assumptions!C35*(Assumptions!C28+Assumptions!C7/Assumptions!C35)/(Assumptions!C28+Assumptions!C7/D22),Assumptions!C35) -> 57.485873 | F22: =IF(D22<Assumptions!C36,Assumptions!C36*(Assumptions!C28+Assumptions!C7/Assumptions!C36)/(Assumptions!C28+Assumptions!C7/D22),Assumptions!C36) -> 48.74654 | G22: =Assumptions!C24*(Assumptions!C35/E22-1) -> 18930.768 | H22: =Assumptions!C25*(Assumptions!C36/F22-1) -> 51550.407 | I22: =Assumptions!C48/MIN((Assumptions!C49/(Assumptions!C28+K21+G22+H22+J21)),(D22*(1-Assumptions!C50))) -> 192655.69 | J22: =Assumptions!C51/MIN((Assumptions!C52/(Assumptions!C28+K21+G22+H22+I22)),(D22*(1-Assumptions!C53))) -> 108793.8 | K22: =MAX(0,($C$6*(Assumptions!C28+G22+H22+I22+J22+Assumptions!C7/D22)-Assumptions!C55)/(1-$C$6)) -> 0 | L22: =Assumptions!C28+K22+G22+H22+I22+J22 -> 36989892 | M22: =L22+Assumptions!C7/D22 -> 37914639 | N22: =$E$6/L22 -> 32.441295
C23: 14 | D23: =N22 -> 32.441295 | E23: =IF(D23<Assumptions!C35,Assumptions!C35*(Assumptions!C28+Assumptions!C7/Assumptions!C35)/(Assumptions!C28+Assumptions!C7/D23),Assumptions!C35) -> 57.485873 | F23: =IF(D23<Assumptions!C36,Assumptions!C36*(Assumptions!C28+Assumptions!C7/Assumptions!C36)/(Assumptions!C28+Assumptions!C7/D23),Assumptions!C36) -> 48.74654 | G23: =Assumptions!C24*(Assumptions!C35/E23-1) -> 18930.768 | H23: =Assumptions!C25*(Assumptions!C36/F23-1) -> 51550.407 | I23: =Assumptions!C48/MIN((Assumptions!C49/(Assumptions!C28+K22+G23+H23+J22)),(D23*(1-Assumptions!C50))) -> 192655.69 | J23: =Assumptions!C51/MIN((Assumptions!C52/(Assumptions!C28+K22+G23+H23+I23)),(D23*(1-Assumptions!C53))) -> 108793.8 | K23: =MAX(0,($C$6*(Assumptions!C28+G23+H23+I23+J23+Assumptions!C7/D23)-Assumptions!C55)/(1-$C$6)) -> 0 | L23: =Assumptions!C28+K23+G23+H23+I23+J23 -> 36989892 | M23: =L23+Assumptions!C7/D23 -> 37914639 | N23: =$E$6/L23 -> 32.441295
B24: F PPS | C24: =N23 -> 32.441295 | D24: T_F | E24: =M23 -> 37914639 | F24: Note A branch | G24: =IF((Assumptions!C49/(Assumptions!C28+K23+G23+H23+J23))<(N23*(1-Assumptions!C50)),"cap","discount") -> discount | H24: Note B branch | I24: =IF((Assumptions!C52/(Assumptions!C28+K23+G23+H23+I23))<(N23*(1-Assumptions!C53)),"cap","discount") -> discount
B25: Scenario 2: ESOP=11%, Pre=$1.4B
B26: ESOP target | C26: =Assumptions!C65 -> 0.11 | D26: Pre-money | E26: =Assumptions!C69 -> 1400000000
C28: iter | D28: F_PPS | E28: NCP_D | F28: NCP_E | G28: AD_D | H28: AD_E | I28: n_A | J28: n_B | K28: ESOP_top | L28: FD_pre | M28: T_F | N28: F_PPS_new
C29: 0 | D29: =$E$26/Assumptions!C28 -> 38.232604 | E29: =IF(D29<Assumptions!C35,Assumptions!C35*(Assumptions!C28+Assumptions!C7/Assumptions!C35)/(Assumptions!C28+Assumptions!C7/D29),Assumptions!C35) -> 57.701164 | F29: =IF(D29<Assumptions!C36,Assumptions!C36*(Assumptions!C28+Assumptions!C7/Assumptions!C36)/(Assumptions!C28+Assumptions!C7/D29),Assumptions!C36) -> 48.9291 | G29: =Assumptions!C24*(Assumptions!C35/E29-1) -> 12440.253 | H29: =Assumptions!C25*(Assumptions!C36/F29-1) -> 28588.226 | I29: =Assumptions!C48/MIN((Assumptions!C49/(Assumptions!C28+0+G29+H29+0)),(D29*(1-Assumptions!C50))) -> 183294.95 | J29: =Assumptions!C51/MIN((Assumptions!C52/(Assumptions!C28+0+G29+H29+I29)),(D29*(1-Assumptions!C53))) -> 92314.187 | K29: =MAX(0,($C$26*(Assumptions!C28+G29+H29+I29+J29+Assumptions!C7/D29)-Assumptions!C55)/(1-$C$26)) -> 0 | L29: =Assumptions!C28+K29+G29+H29+I29+J29 -> 36934599 | M29: =L29+Assumptions!C7/D29 -> 37719269 | N29: =$E$26/L29 -> 37.904839
C30: 1 | D30: =N29 -> 37.904839 | E30: =IF(D30<Assumptions!C35,Assumptions!C35*(Assumptions!C28+Assumptions!C7/Assumptions!C35)/(Assumptions!C28+Assumptions!C7/D30),Assumptions!C35) -> 57.690698 | F30: =IF(D30<Assumptions!C36,Assumptions!C36*(Assumptions!C28+Assumptions!C7/Assumptions!C36)/(Assumptions!C28+Assumptions!C7/D30),Assumptions!C36) -> 48.920226 | G30: =Assumptions!C24*(Assumptions!C35/E30-1) -> 12754.643 | H30: =Assumptions!C25*(Assumptions!C36/F30-1) -> 29700.478 | I30: =Assumptions!C48/MIN((Assumptions!C49/(Assumptions!C28+K29+G30+H30+J29)),(D30*(1-Assumptions!C50))) -> 183763.65 | J30: =Assumptions!C51/MIN((Assumptions!C52/(Assumptions!C28+K29+G30+H30+I30)),(D30*(1-Assumptions!C53))) -> 93112.433 | K30: =MAX(0,($C$26*(Assumptions!C28+G30+H30+I30+J30+Assumptions!C7/D30)-Assumptions!C55)/(1-$C$26)) -> 0 | L30: =Assumptions!C28+K30+G30+H30+I30+J30 -> 36937292 | M30: =L30+Assumptions!C7/D30 -> 37728748 | N30: =$E$26/L30 -> 37.902074
C31: 2 | D31: =N30 -> 37.902074 | E31: =IF(D31<Assumptions!C35,Assumptions!C35*(Assumptions!C28+Assumptions!C7/Assumptions!C35)/(Assumptions!C28+Assumptions!C7/D31),Assumptions!C35) -> 57.690609 | F31: =IF(D31<Assumptions!C36,Assumptions!C36*(Assumptions!C28+Assumptions!C7/Assumptions!C36)/(Assumptions!C28+Assumptions!C7/D31),Assumptions!C36) -> 48.92015 | G31: =Assumptions!C24*(Assumptions!C35/E31-1) -> 12757.317 | H31: =Assumptions!C25*(Assumptions!C36/F31-1) -> 29709.939 | I31: =Assumptions!C48/MIN((Assumptions!C49/(Assumptions!C28+K30+G31+H31+J30)),(D31*(1-Assumptions!C50))) -> 183767.7 | J31: =Assumptions!C51/MIN((Assumptions!C52/(Assumptions!C28+K30+G31+H31+I31)),(D31*(1-Assumptions!C53))) -> 93119.224 | K31: =MAX(0,($C$26*(Assumptions!C28+G31+H31+I31+J31+Assumptions!C7/D31)-Assumptions!C55)/(1-$C$26)) -> 0 | L31: =Assumptions!C28+K31+G31+H31+I31+J31 -> 36937315 | M31: =L31+Assumptions!C7/D31 -> 37728829 | N31: =$E$26/L31 -> 37.902051
C32: 3 | D32: =N31 -> 37.902051 | E32: =IF(D32<Assumptions!C35,Assumptions!C35*(Assumptions!C28+Assumptions!C7/Assumptions!C35)/(Assumptions!C28+Assumptions!C7/D32),Assumptions!C35) -> 57.690608 | F32: =IF(D32<Assumptions!C36,Assumptions!C36*(Assumptions!C28+Assumptions!C7/Assumptions!C36)/(Assumptions!C28+Assumptions!C7/D32),Assumptions!C36) -> 48.92015 | G32: =Assumptions!C24*(Assumptions!C35/E32-1) -> 12757.34 | H32: =Assumptions!C25*(Assumptions!C36/F32-1) -> 29710.02 | I32: =Assumptions!C48/MIN((Assumptions!C49/(Assumptions!C28+K31+G32+H32+J31)),(D32*(1-Assumptions!C50))) -> 183767.74 | J32: =Assumptions!C51/MIN((Assumptions!C52/(Assumptions!C28+K31+G32+H32+I32)),(D32*(1-Assumptions!C53))) -> 93119.282 | K32: =MAX(0,($C$26*(Assumptions!C28+G32+H32+I32+J32+Assumptions!C7/D32)-Assumptions!C55)/(1-$C$26)) -> 0 | L32: =Assumptions!C28+K32+G32+H32+I32+J32 -> 36937315 | M32: =L32+Assumptions!C7/D32 -> 37728829 | N32: =$E$26/L32 -> 37.902051
C33: 4 | D33: =N32 -> 37.902051 | E33: =IF(D33<Assumptions!C35,Assumptions!C35*(Assumptions!C28+Assumptions!C7/Assumptions!C35)/(Assumptions!C28+Assumptions!C7/D33),Assumptions!C35) -> 57.690608 | F33: =IF(D33<Assumptions!C36,Assumptions!C36*(Assumptions!C28+Assumptions!C7/Assumptions!C36)/(Assumptions!C28+Assumptions!C7/D33),Assumptions!C36) -> 48.92015 | G33: =Assumptions!C24*(Assumptions!C35/E33-1) -> 12757.34 | H33: =Assumptions!C25*(Assumptions!C36/F33-1) -> 29710.021 | I33: =Assumptions!C48/MIN((Assumptions!C49/(Assumptions!C28+K32+G33+H33+J32)),(D33*(1-Assumptions!C50))) -> 183767.74 | J33: =Assumptions!C51/MIN((Assumptions!C52/(Assumptions!C28+K32+G33+H33+I33)),(D33*(1-Assumptions!C53))) -> 93119.282 | K33: =MAX(0,($C$26*(Assumptions!C28+G33+H33+I33+J33+Assumptions!C7/D33)-Assumptions!C55)/(1-$C$26)) -> 0 | L33: =Assumptions!C28+K33+G33+H33+I33+J33 -> 36937315 | M33: =L33+Assumptions!C7/D33 -> 37728829 | N33: =$E$26/L33 -> 37.902051
C34: 5 | D34: =N33 -> 37.902051 | E34: =IF(D34<Assumptions!C35,Assumptions!C35*(Assumptions!C28+Assumptions!C7/Assumptions!C35)/(Assumptions!C28+Assumptions!C7/D34),Assumptions!C35) -> 57.690608 | F34: =IF(D34<Assumptions!C36,Assumptions!C36*(Assumptions!C28+Assumptions!C7/Assumptions!C36)/(Assumptions!C28+Assumptions!C7/D34),Assumptions!C36) -> 48.92015 | G34: =Assumptions!C24*(Assumptions!C35/E34-1) -> 12757.34 | H34: =Assumptions!C25*(Assumptions!C36/F34-1) -> 29710.021 | I34: =Assumptions!C48/MIN((Assumptions!C49/(Assumptions!C28+K33+G34+H34+J33)),(D34*(1-Assumptions!C50))) -> 183767.74 | J34: =Assumptions!C51/MIN((Assumptions!C52/(Assumptions!C28+K33+G34+H34+I34)),(D34*(1-Assumptions!C53))) -> 93119.282 | K34: =MAX(0,($C$26*(Assumptions!C28+G34+H34+I34+J34+Assumptions!C7/D34)-Assumptions!C55)/(1-$C$26)) -> 0 | L34: =Assumptions!C28+K34+G34+H34+I34+J34 -> 36937315 | M34: =L34+Assumptions!C7/D34 -> 37728829 | N34: =$E$26/L34 -> 37.902051
C35: 6 | D35: =N34 -> 37.902051 | E35: =IF(D35<Assumptions!C35,Assumptions!C35*(Assumptions!C28+Assumptions!C7/Assumptions!C35)/(Assumptions!C28+Assumptions!C7/D35),Assumptions!C35) -> 57.690608 | F35: =IF(D35<Assumptions!C36,Assumptions!C36*(Assumptions!C28+Assumptions!C7/Assumptions!C36)/(Assumptions!C28+Assumptions!C7/D35),Assumptions!C36) -> 48.92015 | G35: =Assumptions!C24*(Assumptions!C35/E35-1) -> 12757.34 | H35: =Assumptions!C25*(Assumptions!C36/F35-1) -> 29710.021 | I35: =Assumptions!C48/MIN((Assumptions!C49/(Assumptions!C28+K34+G35+H35+J34)),(D35*(1-Assumptions!C50))) -> 183767.74 | J35: =Assumptions!C51/MIN((Assumptions!C52/(Assumptions!C28+K34+G35+H35+I35)),(D35*(1-Assumptions!C53))) -> 93119.282 | K35: =MAX(0,($C$26*(Assumptions!C28+G35+H35+I35+J35+Assumptions!C7/D35)-Assumptions!C55)/(1-$C$26)) -> 0 | L35: =Assumptions!C28+K35+G35+H35+I35+J35 -> 36937315 | M35: =L35+Assumptions!C7/D35 -> 37728829 | N35: =$E$26/L35 -> 37.902051
C36: 7 | D36: =N35 -> 37.902051 | E36: =IF(D36<Assumptions!C35,Assumptions!C35*(Assumptions!C28+Assumptions!C7/Assumptions!C35)/(Assumptions!C28+Assumptions!C7/D36),Assumptions!C35) -> 57.690608 | F36: =IF(D36<Assumptions!C36,Assumptions!C36*(Assumptions!C28+Assumptions!C7/Assumptions!C36)/(Assumptions!C28+Assumptions!C7/D36),Assumptions!C36) -> 48.92015 | G36: =Assumptions!C24*(Assumptions!C35/E36-1) -> 12757.34 | H36: =Assumptions!C25*(Assumptions!C36/F36-1) -> 29710.021 | I36: =Assumptions!C48/MIN((Assumptions!C49/(Assumptions!C28+K35+G36+H36+J35)),(D36*(1-Assumptions!C50))) -> 183767.74 | J36: =Assumptions!C51/MIN((Assumptions!C52/(Assumptions!C28+K35+G36+H36+I36)),(D36*(1-Assumptions!C53))) -> 93119.282 | K36: =MAX(0,($C$26*(Assumptions!C28+G36+H36+I36+J36+Assumptions!C7/D36)-Assumptions!C55)/(1-$C$26)) -> 0 | L36: =Assumptions!C28+K36+G36+H36+I36+J36 -> 36937315 | M36: =L36+Assumptions!C7/D36 -> 37728829 | N36: =$E$26/L36 -> 37.902051
C37: 8 | D37: =N36 -> 37.902051 | E37: =IF(D37<Assumptions!C35,Assumptions!C35*(Assumptions!C28+Assumptions!C7/Assumptions!C35)/(Assumptions!C28+Assumptions!C7/D37),Assumptions!C35) -> 57.690608 | F37: =IF(D37<Assumptions!C36,Assumptions!C36*(Assumptions!C28+Assumptions!C7/Assumptions!C36)/(Assumptions!C28+Assumptions!C7/D37),Assumptions!C36) -> 48.92015 | G37: =Assumptions!C24*(Assumptions!C35/E37-1) -> 12757.34 | H37: =Assumptions!C25*(Assumptions!C36/F37-1) -> 29710.021 | I37: =Assumptions!C48/MIN((Assumptions!C49/(Assumptions!C28+K36+G37+H37+J36)),(D37*(1-Assumptions!C50))) -> 183767.74 | J37: =Assumptions!C51/MIN((Assumptions!C52/(Assumptions!C28+K36+G37+H37+I37)),(D37*(1-Assumptions!C53))) -> 93119.282 | K37: =MAX(0,($C$26*(Assumptions!C28+G37+H37+I37+J37+Assumptions!C7/D37)-Assumptions!C55)/(1-$C$26)) -> 0 | L37: =Assumptions!C28+K37+G37+H37+I37+J37 -> 36937315 | M37: =L37+Assumptions!C7/D37 -> 37728829 | N37: =$E$26/L37 -> 37.902051
C38: 9 | D38: =N37 -> 37.902051 | E38: =IF(D38<Assumptions!C35,Assumptions!C35*(Assumptions!C28+Assumptions!C7/Assumptions!C35)/(Assumptions!C28+Assumptions!C7/D38),Assumptions!C35) -> 57.690608 | F38: =IF(D38<Assumptions!C36,Assumptions!C36*(Assumptions!C28+Assumptions!C7/Assumptions!C36)/(Assumptions!C28+Assumptions!C7/D38),Assumptions!C36) -> 48.92015 | G38: =Assumptions!C24*(Assumptions!C35/E38-1) -> 12757.34 | H38: =Assumptions!C25*(Assumptions!C36/F38-1) -> 29710.021 | I38: =Assumptions!C48/MIN((Assumptions!C49/(Assumptions!C28+K37+G38+H38+J37)),(D38*(1-Assumptions!C50))) -> 183767.74 | J38: =Assumptions!C51/MIN((Assumptions!C52/(Assumptions!C28+K37+G38+H38+I38)),(D38*(1-Assumptions!C53))) -> 93119.282 | K38: =MAX(0,($C$26*(Assumptions!C28+G38+H38+I38+J38+Assumptions!C7/D38)-Assumptions!C55)/(1-$C$26)) -> 0 | L38: =Assumptions!C28+K38+G38+H38+I38+J38 -> 36937315 | M38: =L38+Assumptions!C7/D38 -> 37728829 | N38: =$E$26/L38 -> 37.902051
C39: 10 | D39: =N38 -> 37.902051 | E39: =IF(D39<Assumptions!C35,Assumptions!C35*(Assumptions!C28+Assumptions!C7/Assumptions!C35)/(Assumptions!C28+Assumptions!C7/D39),Assumptions!C35) -> 57.690608 | F39: =IF(D39<Assumptions!C36,Assumptions!C36*(Assumptions!C28+Assumptions!C7/Assumptions!C36)/(Assumptions!C28+Assumptions!C7/D39),Assumptions!C36) -> 48.92015 | G39: =Assumptions!C24*(Assumptions!C35/E39-1) -> 12757.34 | H39: =Assumptions!C25*(Assumptions!C36/F39-1) -> 29710.021 | I39: =Assumptions!C48/MIN((Assumptions!C49/(Assumptions!C28+K38+G39+H39+J38)),(D39*(1-Assumptions!C50))) -> 183767.74 | J39: =Assumptions!C51/MIN((Assumptions!C52/(Assumptions!C28+K38+G39+H39+I39)),(D39*(1-Assumptions!C53))) -> 93119.282 | K39: =MAX(0,($C$26*(Assumptions!C28+G39+H39+I39+J39+Assumptions!C7/D39)-Assumptions!C55)/(1-$C$26)) -> 0 | L39: =Assumptions!C28+K39+G39+H39+I39+J39 -> 36937315 | M39: =L39+Assumptions!C7/D39 -> 37728829 | N39: =$E$26/L39 -> 37.902051
C40: 11 | D40: =N39 -> 37.902051 | E40: =IF(D40<Assumptions!C35,Assumptions!C35*(Assumptions!C28+Assumptions!C7/Assumptions!C35)/(Assumptions!C28+Assumptions!C7/D40),Assumptions!C35) -> 57.690608 | F40: =IF(D40<Assumptions!C36,Assumptions!C36*(Assumptions!C28+Assumptions!C7/Assumptions!C36)/(Assumptions!C28+Assumptions!C7/D40),Assumptions!C36) -> 48.92015 | G40: =Assumptions!C24*(Assumptions!C35/E40-1) -> 12757.34 | H40: =Assumptions!C25*(Assumptions!C36/F40-1) -> 29710.021 | I40: =Assumptions!C48/MIN((Assumptions!C49/(Assumptions!C28+K39+G40+H40+J39)),(D40*(1-Assumptions!C50))) -> 183767.74 | J40: =Assumptions!C51/MIN((Assumptions!C52/(Assumptions!C28+K39+G40+H40+I40)),(D40*(1-Assumptions!C53))) -> 93119.282 | K40: =MAX(0,($C$26*(Assumptions!C28+G40+H40+I40+J40+Assumptions!C7/D40)-Assumptions!C55)/(1-$C$26)) -> 0 | L40: =Assumptions!C28+K40+G40+H40+I40+J40 -> 36937315 | M40: =L40+Assumptions!C7/D40 -> 37728829 | N40: =$E$26/L40 -> 37.902051
C41: 12 | D41: =N40 -> 37.902051 | E41: =IF(D41<Assumptions!C35,Assumptions!C35*(Assumptions!C28+Assumptions!C7/Assumptions!C35)/(Assumptions!C28+Assumptions!C7/D41),Assumptions!C35) -> 57.690608 | F41: =IF(D41<Assumptions!C36,Assumptions!C36*(Assumptions!C28+Assumptions!C7/Assumptions!C36)/(Assumptions!C28+Assumptions!C7/D41),Assumptions!C36) -> 48.92015 | G41: =Assumptions!C24*(Assumptions!C35/E41-1) -> 12757.34 | H41: =Assumptions!C25*(Assumptions!C36/F41-1) -> 29710.021 | I41: =Assumptions!C48/MIN((Assumptions!C49/(Assumptions!C28+K40+G41+H41+J40)),(D41*(1-Assumptions!C50))) -> 183767.74 | J41: =Assumptions!C51/MIN((Assumptions!C52/(Assumptions!C28+K40+G41+H41+I41)),(D41*(1-Assumptions!C53))) -> 93119.282 | K41: =MAX(0,($C$26*(Assumptions!C28+G41+H41+I41+J41+Assumptions!C7/D41)-Assumptions!C55)/(1-$C$26)) -> 0 | L41: =Assumptions!C28+K41+G41+H41+I41+J41 -> 36937315 | M41: =L41+Assumptions!C7/D41 -> 37728829 | N41: =$E$26/L41 -> 37.902051
C42: 13 | D42: =N41 -> 37.902051 | E42: =IF(D42<Assumptions!C35,Assumptions!C35*(Assumptions!C28+Assumptions!C7/Assumptions!C35)/(Assumptions!C28+Assumptions!C7/D42),Assumptions!C35) -> 57.690608 | F42: =IF(D42<Assumptions!C36,Assumptions!C36*(Assumptions!C28+Assumptions!C7/Assumptions!C36)/(Assumptions!C28+Assumptions!C7/D42),Assumptions!C36) -> 48.92015 | G42: =Assumptions!C24*(Assumptions!C35/E42-1) -> 12757.34 | H42: =Assumptions!C25*(Assumptions!C36/F42-1) -> 29710.021 | I42: =Assumptions!C48/MIN((Assumptions!C49/(Assumptions!C28+K41+G42+H42+J41)),(D42*(1-Assumptions!C50))) -> 183767.74 | J42: =Assumptions!C51/MIN((Assumptions!C52/(Assumptions!C28+K41+G42+H42+I42)),(D42*(1-Assumptions!C53))) -> 93119.282 | K42: =MAX(0,($C$26*(Assumptions!C28+G42+H42+I42+J42+Assumptions!C7/D42)-Assumptions!C55)/(1-$C$26)) -> 0 | L42: =Assumptions!C28+K42+G42+H42+I42+J42 -> 36937315 | M42: =L42+Assumptions!C7/D42 -> 37728829 | N42: =$E$26/L42 -> 37.902051
C43: 14 | D43: =N42 -> 37.902051 | E43: =IF(D43<Assumptions!C35,Assumptions!C35*(Assumptions!C28+Assumptions!C7/Assumptions!C35)/(Assumptions!C28+Assumptions!C7/D43),Assumptions!C35) -> 57.690608 | F43: =IF(D43<Assumptions!C36,Assumptions!C36*(Assumptions!C28+Assumptions!C7/Assumptions!C36)/(Assumptions!C28+Assumptions!C7/D43),Assumptions!C36) -> 48.92015 | G43: =Assumptions!C24*(Assumptions!C35/E43-1) -> 12757.34 | H43: =Assumptions!C25*(Assumptions!C36/F43-1) -> 29710.021 | I43: =Assumptions!C48/MIN((Assumptions!C49/(Assumptions!C28+K42+G43+H43+J42)),(D43*(1-Assumptions!C50))) -> 183767.74 | J43: =Assumptions!C51/MIN((Assumptions!C52/(Assumptions!C28+K42+G43+H43+I43)),(D43*(1-Assumptions!C53))) -> 93119.282 | K43: =MAX(0,($C$26*(Assumptions!C28+G43+H43+I43+J43+Assumptions!C7/D43)-Assumptions!C55)/(1-$C$26)) -> 0 | L43: =Assumptions!C28+K43+G43+H43+I43+J43 -> 36937315 | M43: =L43+Assumptions!C7/D43 -> 37728829 | N43: =$E$26/L43 -> 37.902051
B44: F PPS | C44: =N43 -> 37.902051 | D44: T_F | E44: =M43 -> 37728829 | F44: Note A branch | G44: =IF((Assumptions!C49/(Assumptions!C28+K43+G43+H43+J43))<(N43*(1-Assumptions!C50)),"cap","discount") -> cap | H44: Note B branch | I44: =IF((Assumptions!C52/(Assumptions!C28+K43+G43+H43+I43))<(N43*(1-Assumptions!C53)),"cap","discount") -> discount
B45: Scenario 3: ESOP=11%, Pre=$1.8B
B46: ESOP target | C46: =Assumptions!C65 -> 0.11 | D46: Pre-money | E46: =Assumptions!C70 -> 1800000000
C48: iter | D48: F_PPS | E48: NCP_D | F48: NCP_E | G48: AD_D | H48: AD_E | I48: n_A | J48: n_B | K48: ESOP_top | L48: FD_pre | M48: T_F | N48: F_PPS_new
C49: 0 | D49: =$E$46/Assumptions!C28 -> 49.156205 | E49: =IF(D49<Assumptions!C35,Assumptions!C35*(Assumptions!C28+Assumptions!C7/Assumptions!C35)/(Assumptions!C28+Assumptions!C7/D49),Assumptions!C35) -> 57.971427 | F49: =IF(D49<Assumptions!C36,Assumptions!C36*(Assumptions!C28+Assumptions!C7/Assumptions!C36)/(Assumptions!C28+Assumptions!C7/D49),Assumptions!C36) -> 49.158276 | G49: =Assumptions!C24*(Assumptions!C35/E49-1) -> 4360.6851 | H49: =Assumptions!C25*(Assumptions!C36/F49-1) -> 4.2858605 | I49: =Assumptions!C48/MIN((Assumptions!C49/(Assumptions!C28+0+G49+H49+0)),(D49*(1-Assumptions!C50))) -> 183111.63 | J49: =Assumptions!C51/MIN((Assumptions!C52/(Assumptions!C28+0+G49+H49+I49)),(D49*(1-Assumptions!C53))) -> 71799.924 | K49: =MAX(0,($C$46*(Assumptions!C28+G49+H49+I49+J49+Assumptions!C7/D49)-Assumptions!C55)/(1-$C$46)) -> 0 | L49: =Assumptions!C28+K49+G49+H49+I49+J49 -> 36877238 | M49: =L49+Assumptions!C7/D49 -> 37487537 | N49: =$E$46/L49 -> 48.810598
C50: 1 | D50: =N49 -> 48.810598 | E50: =IF(D50<Assumptions!C35,Assumptions!C35*(Assumptions!C28+Assumptions!C7/Assumptions!C35)/(Assumptions!C28+Assumptions!C7/D50),Assumptions!C35) -> 57.964698 | F50: =IF(D50<Assumptions!C36,Assumptions!C36*(Assumptions!C28+Assumptions!C7/Assumptions!C36)/(Assumptions!C28+Assumptions!C7/D50),Assumptions!C36) -> 49.152571 | G50: =Assumptions!C24*(Assumptions!C35/E50-1) -> 4560.9133 | H50: =Assumptions!C25*(Assumptions!C36/F50-1) -> 712.65426 | I50: =Assumptions!C48/MIN((Assumptions!C49/(Assumptions!C28+K49+G50+H50+J49)),(D50*(1-Assumptions!C50))) -> 183475.17 | J50: =Assumptions!C51/MIN((Assumptions!C52/(Assumptions!C28+K49+G50+H50+I50)),(D50*(1-Assumptions!C53))) -> 72308.309 | K50: =MAX(0,($C$46*(Assumptions!C28+G50+H50+I50+J50+Assumptions!C7/D50)-Assumptions!C55)/(1-$C$46)) -> 0 | L50: =Assumptions!C28+K50+G50+H50+I50+J50 -> 36879018 | M50: =L50+Assumptions!C7/D50 -> 37493639 | N50: =$E$46/L50 -> 48.808241
C51: 2 | D51: =N50 -> 48.808241 | E51: =IF(D51<Assumptions!C35,Assumptions!C35*(Assumptions!C28+Assumptions!C7/Assumptions!C35)/(Assumptions!C28+Assumptions!C7/D51),Assumptions!C35) -> 57.964652 | F51: =IF(D51<Assumptions!C36,Assumptions!C36*(Assumptions!C28+Assumptions!C7/Assumptions!C36)/(Assumptions!C28+Assumptions!C7/D51),Assumptions!C36) -> 49.152532 | G51: =Assumptions!C24*(Assumptions!C35/E51-1) -> 4562.2883 | H51: =Assumptions!C25*(Assumptions!C36/F51-1) -> 717.51883 | I51: =Assumptions!C48/MIN((Assumptions!C49/(Assumptions!C28+K50+G51+H51+J50)),(D51*(1-Assumptions!C50))) -> 183477.75 | J51: =Assumptions!C51/MIN((Assumptions!C52/(Assumptions!C28+K50+G51+H51+I51)),(D51*(1-Assumptions!C53))) -> 72311.8 | K51: =MAX(0,($C$46*(Assumptions!C28+G51+H51+I51+J51+Assumptions!C7/D51)-Assumptions!C55)/(1-$C$46)) -> 0 | L51: =Assumptions!C28+K51+G51+H51+I51+J51 -> 36879030 | M51: =L51+Assumptions!C7/D51 -> 37493681 | N51: =$E$46/L51 -> 48.808225
C52: 3 | D52: =N51 -> 48.808225 | E52: =IF(D52<Assumptions!C35,Assumptions!C35*(Assumptions!C28+Assumptions!C7/Assumptions!C35)/(Assumptions!C28+Assumptions!C7/D52),Assumptions!C35) -> 57.964652 | F52: =IF(D52<Assumptions!C36,Assumptions!C36*(Assumptions!C28+Assumptions!C7/Assumptions!C36)/(Assumptions!C28+Assumptions!C7/D52),Assumptions!C36) -> 49.152532 | G52: =Assumptions!C24*(Assumptions!C35/E52-1) -> 4562.2978 | H52: =Assumptions!C25*(Assumptions!C36/F52-1) -> 717.55244 | I52: =Assumptions!C48/MIN((Assumptions!C49/(Assumptions!C28+K51+G52+H52+J51)),(D52*(1-Assumptions!C50))) -> 183477.76 | J52: =Assumptions!C51/MIN((Assumptions!C52/(Assumptions!C28+K51+G52+H52+I52)),(D52*(1-Assumptions!C53))) -> 72311.824 | K52: =MAX(0,($C$46*(Assumptions!C28+G52+H52+I52+J52+Assumptions!C7/D52)-Assumptions!C55)/(1-$C$46)) -> 0 | L52: =Assumptions!C28+K52+G52+H52+I52+J52 -> 36879030 | M52: =L52+Assumptions!C7/D52 -> 37493681 | N52: =$E$46/L52 -> 48.808225
C53: 4 | D53: =N52 -> 48.808225 | E53: =IF(D53<Assumptions!C35,Assumptions!C35*(Assumptions!C28+Assumptions!C7/Assumptions!C35)/(Assumptions!C28+Assumptions!C7/D53),Assumptions!C35) -> 57.964652 | F53: =IF(D53<Assumptions!C36,Assumptions!C36*(Assumptions!C28+Assumptions!C7/Assumptions!C36)/(Assumptions!C28+Assumptions!C7/D53),Assumptions!C36) -> 49.152532 | G53: =Assumptions!C24*(Assumptions!C35/E53-1) -> 4562.2979 | H53: =Assumptions!C25*(Assumptions!C36/F53-1) -> 717.55268 | I53: =Assumptions!C48/MIN((Assumptions!C49/(Assumptions!C28+K52+G53+H53+J52)),(D53*(1-Assumptions!C50))) -> 183477.76 | J53: =Assumptions!C51/MIN((Assumptions!C52/(Assumptions!C28+K52+G53+H53+I53)),(D53*(1-Assumptions!C53))) -> 72311.824 | K53: =MAX(0,($C$46*(Assumptions!C28+G53+H53+I53+J53+Assumptions!C7/D53)-Assumptions!C55)/(1-$C$46)) -> 0 | L53: =Assumptions!C28+K53+G53+H53+I53+J53 -> 36879030 | M53: =L53+Assumptions!C7/D53 -> 37493681 | N53: =$E$46/L53 -> 48.808225
C54: 5 | D54: =N53 -> 48.808225 | E54: =IF(D54<Assumptions!C35,Assumptions!C35*(Assumptions!C28+Assumptions!C7/Assumptions!C35)/(Assumptions!C28+Assumptions!C7/D54),Assumptions!C35) -> 57.964652 | F54: =IF(D54<Assumptions!C36,Assumptions!C36*(Assumptions!C28+Assumptions!C7/Assumptions!C36)/(Assumptions!C28+Assumptions!C7/D54),Assumptions!C36) -> 49.152532 | G54: =Assumptions!C24*(Assumptions!C35/E54-1) -> 4562.2979 | H54: =Assumptions!C25*(Assumptions!C36/F54-1) -> 717.55268 | I54: =Assumptions!C48/MIN((Assumptions!C49/(Assumptions!C28+K53+G54+H54+J53)),(D54*(1-Assumptions!C50))) -> 183477.76 | J54: =Assumptions!C51/MIN((Assumptions!C52/(Assumptions!C28+K53+G54+H54+I54)),(D54*(1-Assumptions!C53))) -> 72311.824 | K54: =MAX(0,($C$46*(Assumptions!C28+G54+H54+I54+J54+Assumptions!C7/D54)-Assumptions!C55)/(1-$C$46)) -> 0 | L54: =Assumptions!C28+K54+G54+H54+I54+J54 -> 36879030 | M54: =L54+Assumptions!C7/D54 -> 37493681 | N54: =$E$46/L54 -> 48.808225
C55: 6 | D55: =N54 -> 48.808225 | E55: =IF(D55<Assumptions!C35,Assumptions!C35*(Assumptions!C28+Assumptions!C7/Assumptions!C35)/(Assumptions!C28+Assumptions!C7/D55),Assumptions!C35) -> 57.964652 | F55: =IF(D55<Assumptions!C36,Assumptions!C36*(Assumptions!C28+Assumptions!C7/Assumptions!C36)/(Assumptions!C28+Assumptions!C7/D55),Assumptions!C36) -> 49.152532 | G55: =Assumptions!C24*(Assumptions!C35/E55-1) -> 4562.2979 | H55: =Assumptions!C25*(Assumptions!C36/F55-1) -> 717.55268 | I55: =Assumptions!C48/MIN((Assumptions!C49/(Assumptions!C28+K54+G55+H55+J54)),(D55*(1-Assumptions!C50))) -> 183477.76 | J55: =Assumptions!C51/MIN((Assumptions!C52/(Assumptions!C28+K54+G55+H55+I55)),(D55*(1-Assumptions!C53))) -> 72311.824 | K55: =MAX(0,($C$46*(Assumptions!C28+G55+H55+I55+J55+Assumptions!C7/D55)-Assumptions!C55)/(1-$C$46)) -> 0 | L55: =Assumptions!C28+K55+G55+H55+I55+J55 -> 36879030 | M55: =L55+Assumptions!C7/D55 -> 37493681 | N55: =$E$46/L55 -> 48.808225
C56: 7 | D56: =N55 -> 48.808225 | E56: =IF(D56<Assumptions!C35,Assumptions!C35*(Assumptions!C28+Assumptions!C7/Assumptions!C35)/(Assumptions!C28+Assumptions!C7/D56),Assumptions!C35) -> 57.964652 | F56: =IF(D56<Assumptions!C36,Assumptions!C36*(Assumptions!C28+Assumptions!C7/Assumptions!C36)/(Assumptions!C28+Assumptions!C7/D56),Assumptions!C36) -> 49.152532 | G56: =Assumptions!C24*(Assumptions!C35/E56-1) -> 4562.2979 | H56: =Assumptions!C25*(Assumptions!C36/F56-1) -> 717.55268 | I56: =Assumptions!C48/MIN((Assumptions!C49/(Assumptions!C28+K55+G56+H56+J55)),(D56*(1-Assumptions!C50))) -> 183477.76 | J56: =Assumptions!C51/MIN((Assumptions!C52/(Assumptions!C28+K55+G56+H56+I56)),(D56*(1-Assumptions!C53))) -> 72311.824 | K56: =MAX(0,($C$46*(Assumptions!C28+G56+H56+I56+J56+Assumptions!C7/D56)-Assumptions!C55)/(1-$C$46)) -> 0 | L56: =Assumptions!C28+K56+G56+H56+I56+J56 -> 36879030 | M56: =L56+Assumptions!C7/D56 -> 37493681 | N56: =$E$46/L56 -> 48.808225
C57: 8 | D57: =N56 -> 48.808225 | E57: =IF(D57<Assumptions!C35,Assumptions!C35*(Assumptions!C28+Assumptions!C7/Assumptions!C35)/(Assumptions!C28+Assumptions!C7/D57),Assumptions!C35) -> 57.964652 | F57: =IF(D57<Assumptions!C36,Assumptions!C36*(Assumptions!C28+Assumptions!C7/Assumptions!C36)/(Assumptions!C28+Assumptions!C7/D57),Assumptions!C36) -> 49.152532 | G57: =Assumptions!C24*(Assumptions!C35/E57-1) -> 4562.2979 | H57: =Assumptions!C25*(Assumptions!C36/F57-1) -> 717.55268 | I57: =Assumptions!C48/MIN((Assumptions!C49/(Assumptions!C28+K56+G57+H57+J56)),(D57*(1-Assumptions!C50))) -> 183477.76 | J57: =Assumptions!C51/MIN((Assumptions!C52/(Assumptions!C28+K56+G57+H57+I57)),(D57*(1-Assumptions!C53))) -> 72311.824 | K57: =MAX(0,($C$46*(Assumptions!C28+G57+H57+I57+J57+Assumptions!C7/D57)-Assumptions!C55)/(1-$C$46)) -> 0 | L57: =Assumptions!C28+K57+G57+H57+I57+J57 -> 36879030 | M57: =L57+Assumptions!C7/D57 -> 37493681 | N57: =$E$46/L57 -> 48.808225
C58: 9 | D58: =N57 -> 48.808225 | E58: =IF(D58<Assumptions!C35,Assumptions!C35*(Assumptions!C28+Assumptions!C7/Assumptions!C35)/(Assumptions!C28+Assumptions!C7/D58),Assumptions!C35) -> 57.964652 | F58: =IF(D58<Assumptions!C36,Assumptions!C36*(Assumptions!C28+Assumptions!C7/Assumptions!C36)/(Assumptions!C28+Assumptions!C7/D58),Assumptions!C36) -> 49.152532 | G58: =Assumptions!C24*(Assumptions!C35/E58-1) -> 4562.2979 | H58: =Assumptions!C25*(Assumptions!C36/F58-1) -> 717.55268 | I58: =Assumptions!C48/MIN((Assumptions!C49/(Assumptions!C28+K57+G58+H58+J57)),(D58*(1-Assumptions!C50))) -> 183477.76 | J58: =Assumptions!C51/MIN((Assumptions!C52/(Assumptions!C28+K57+G58+H58+I58)),(D58*(1-Assumptions!C53))) -> 72311.824 | K58: =MAX(0,($C$46*(Assumptions!C28+G58+H58+I58+J58+Assumptions!C7/D58)-Assumptions!C55)/(1-$C$46)) -> 0 | L58: =Assumptions!C28+K58+G58+H58+I58+J58 -> 36879030 | M58: =L58+Assumptions!C7/D58 -> 37493681 | N58: =$E$46/L58 -> 48.808225
C59: 10 | D59: =N58 -> 48.808225 | E59: =IF(D59<Assumptions!C35,Assumptions!C35*(Assumptions!C28+Assumptions!C7/Assumptions!C35)/(Assumptions!C28+Assumptions!C7/D59),Assumptions!C35) -> 57.964652 | F59: =IF(D59<Assumptions!C36,Assumptions!C36*(Assumptions!C28+Assumptions!C7/Assumptions!C36)/(Assumptions!C28+Assumptions!C7/D59),Assumptions!C36) -> 49.152532 | G59: =Assumptions!C24*(Assumptions!C35/E59-1) -> 4562.2979 | H59: =Assumptions!C25*(Assumptions!C36/F59-1) -> 717.55268 | I59: =Assumptions!C48/MIN((Assumptions!C49/(Assumptions!C28+K58+G59+H59+J58)),(D59*(1-Assumptions!C50))) -> 183477.76 | J59: =Assumptions!C51/MIN((Assumptions!C52/(Assumptions!C28+K58+G59+H59+I59)),(D59*(1-Assumptions!C53))) -> 72311.824 | K59: =MAX(0,($C$46*(Assumptions!C28+G59+H59+I59+J59+Assumptions!C7/D59)-Assumptions!C55)/(1-$C$46)) -> 0 | L59: =Assumptions!C28+K59+G59+H59+I59+J59 -> 36879030 | M59: =L59+Assumptions!C7/D59 -> 37493681 | N59: =$E$46/L59 -> 48.808225
C60: 11 | D60: =N59 -> 48.808225 | E60: =IF(D60<Assumptions!C35,Assumptions!C35*(Assumptions!C28+Assumptions!C7/Assumptions!C35)/(Assumptions!C28+Assumptions!C7/D60),Assumptions!C35) -> 57.964652 | F60: =IF(D60<Assumptions!C36,Assumptions!C36*(Assumptions!C28+Assumptions!C7/Assumptions!C36)/(Assumptions!C28+Assumptions!C7/D60),Assumptions!C36) -> 49.152532 | G60: =Assumptions!C24*(Assumptions!C35/E60-1) -> 4562.2979 | H60: =Assumptions!C25*(Assumptions!C36/F60-1) -> 717.55268 | I60: =Assumptions!C48/MIN((Assumptions!C49/(Assumptions!C28+K59+G60+H60+J59)),(D60*(1-Assumptions!C50))) -> 183477.76 | J60: =Assumptions!C51/MIN((Assumptions!C52/(Assumptions!C28+K59+G60+H60+I60)),(D60*(1-Assumptions!C53))) -> 72311.824 | K60: =MAX(0,($C$46*(Assumptions!C28+G60+H60+I60+J60+Assumptions!C7/D60)-Assumptions!C55)/(1-$C$46)) -> 0 | L60: =Assumptions!C28+K60+G60+H60+I60+J60 -> 36879030 | M60: =L60+Assumptions!C7/D60 -> 37493681 | N60: =$E$46/L60 -> 48.808225
C61: 12 | D61: =N60 -> 48.808225 | E61: =IF(D61<Assumptions!C35,Assumptions!C35*(Assumptions!C28+Assumptions!C7/Assumptions!C35)/(Assumptions!C28+Assumptions!C7/D61),Assumptions!C35) -> 57.964652 | F61: =IF(D61<Assumptions!C36,Assumptions!C36*(Assumptions!C28+Assumptions!C7/Assumptions!C36)/(Assumptions!C28+Assumptions!C7/D61),Assumptions!C36) -> 49.152532 | G61: =Assumptions!C24*(Assumptions!C35/E61-1) -> 4562.2979 | H61: =Assumptions!C25*(Assumptions!C36/F61-1) -> 717.55268 | I61: =Assumptions!C48/MIN((Assumptions!C49/(Assumptions!C28+K60+G61+H61+J60)),(D61*(1-Assumptions!C50))) -> 183477.76 | J61: =Assumptions!C51/MIN((Assumptions!C52/(Assumptions!C28+K60+G61+H61+I61)),(D61*(1-Assumptions!C53))) -> 72311.824 | K61: =MAX(0,($C$46*(Assumptions!C28+G61+H61+I61+J61+Assumptions!C7/D61)-Assumptions!C55)/(1-$C$46)) -> 0 | L61: =Assumptions!C28+K61+G61+H61+I61+J61 -> 36879030 | M61: =L61+Assumptions!C7/D61 -> 37493681 | N61: =$E$46/L61 -> 48.808225
C62: 13 | D62: =N61 -> 48.808225 | E62: =IF(D62<Assumptions!C35,Assumptions!C35*(Assumptions!C28+Assumptions!C7/Assumptions!C35)/(Assumptions!C28+Assumptions!C7/D62),Assumptions!C35) -> 57.964652 | F62: =IF(D62<Assumptions!C36,Assumptions!C36*(Assumptions!C28+Assumptions!C7/Assumptions!C36)/(Assumptions!C28+Assumptions!C7/D62),Assumptions!C36) -> 49.152532 | G62: =Assumptions!C24*(Assumptions!C35/E62-1) -> 4562.2979 | H62: =Assumptions!C25*(Assumptions!C36/F62-1) -> 717.55268 | I62: =Assumptions!C48/MIN((Assumptions!C49/(Assumptions!C28+K61+G62+H62+J61)),(D62*(1-Assumptions!C50))) -> 183477.76 | J62: =Assumptions!C51/MIN((Assumptions!C52/(Assumptions!C28+K61+G62+H62+I62)),(D62*(1-Assumptions!C53))) -> 72311.824 | K62: =MAX(0,($C$46*(Assumptions!C28+G62+H62+I62+J62+Assumptions!C7/D62)-Assumptions!C55)/(1-$C$46)) -> 0 | L62: =Assumptions!C28+K62+G62+H62+I62+J62 -> 36879030 | M62: =L62+Assumptions!C7/D62 -> 37493681 | N62: =$E$46/L62 -> 48.808225
C63: 14 | D63: =N62 -> 48.808225 | E63: =IF(D63<Assumptions!C35,Assumptions!C35*(Assumptions!C28+Assumptions!C7/Assumptions!C35)/(Assumptions!C28+Assumptions!C7/D63),Assumptions!C35) -> 57.964652 | F63: =IF(D63<Assumptions!C36,Assumptions!C36*(Assumptions!C28+Assumptions!C7/Assumptions!C36)/(Assumptions!C28+Assumptions!C7/D63),Assumptions!C36) -> 49.152532 | G63: =Assumptions!C24*(Assumptions!C35/E63-1) -> 4562.2979 | H63: =Assumptions!C25*(Assumptions!C36/F63-1) -> 717.55268 | I63: =Assumptions!C48/MIN((Assumptions!C49/(Assumptions!C28+K62+G63+H63+J62)),(D63*(1-Assumptions!C50))) -> 183477.76 | J63: =Assumptions!C51/MIN((Assumptions!C52/(Assumptions!C28+K62+G63+H63+I63)),(D63*(1-Assumptions!C53))) -> 72311.824 | K63: =MAX(0,($C$46*(Assumptions!C28+G63+H63+I63+J63+Assumptions!C7/D63)-Assumptions!C55)/(1-$C$46)) -> 0 | L63: =Assumptions!C28+K63+G63+H63+I63+J63 -> 36879030 | M63: =L63+Assumptions!C7/D63 -> 37493681 | N63: =$E$46/L63 -> 48.808225
B64: F PPS | C64: =N63 -> 48.808225 | D64: T_F | E64: =M63 -> 37493681 | F64: Note A branch | G64: =IF((Assumptions!C49/(Assumptions!C28+K63+G63+H63+J63))<(N63*(1-Assumptions!C50)),"cap","discount") -> cap | H64: Note B branch | I64: =IF((Assumptions!C52/(Assumptions!C28+K63+G63+H63+I63))<(N63*(1-Assumptions!C53)),"cap","discount") -> discount
B65: Scenario 4: ESOP=13%, Pre=$1.2B
B66: ESOP target | C66: =Assumptions!C66 -> 0.13 | D66: Pre-money | E66: =Assumptions!C68 -> 1200000000
C68: iter | D68: F_PPS | E68: NCP_D | F68: NCP_E | G68: AD_D | H68: AD_E | I68: n_A | J68: n_B | K68: ESOP_top | L68: FD_pre | M68: T_F | N68: F_PPS_new
C69: 0 | D69: =$E$66/Assumptions!C28 -> 32.770803 | E69: =IF(D69<Assumptions!C35,Assumptions!C35*(Assumptions!C28+Assumptions!C7/Assumptions!C35)/(Assumptions!C28+Assumptions!C7/D69),Assumptions!C35) -> 57.500114 | F69: =IF(D69<Assumptions!C36,Assumptions!C36*(Assumptions!C28+Assumptions!C7/Assumptions!C36)/(Assumptions!C28+Assumptions!C7/D69),Assumptions!C36) -> 48.758616 | G69: =Assumptions!C24*(Assumptions!C35/E69-1) -> 18499.928 | H69: =Assumptions!C25*(Assumptions!C36/F69-1) -> 50026.182 | I69: =Assumptions!C48/MIN((Assumptions!C49/(Assumptions!C28+0+G69+H69+0)),(D69*(1-Assumptions!C50))) -> 190718.55 | J69: =Assumptions!C51/MIN((Assumptions!C52/(Assumptions!C28+0+G69+H69+I69)),(D69*(1-Assumptions!C53))) -> 107699.89 | K69: =MAX(0,($C$66*(Assumptions!C28+G69+H69+I69+J69+Assumptions!C7/D69)-Assumptions!C55)/(1-$C$66)) -> 611929.99 | L69: =Assumptions!C28+K69+G69+H69+I69+J69 -> 37596836 | M69: =L69+Assumptions!C7/D69 -> 38512285 | N69: =$E$66/L69 -> 31.91758
C70: 1 | D70: =N69 -> 31.91758 | E70: =IF(D70<Assumptions!C35,Assumptions!C35*(Assumptions!C28+Assumptions!C7/Assumptions!C35)/(Assumptions!C28+Assumptions!C7/D70),Assumptions!C35) -> 57.462648 | F70: =IF(D70<Assumptions!C36,Assumptions!C36*(Assumptions!C28+Assumptions!C7/Assumptions!C36)/(Assumptions!C28+Assumptions!C7/D70),Assumptions!C36) -> 48.726846 | G70: =Assumptions!C24*(Assumptions!C35/E70-1) -> 19633.843 | H70: =Assumptions!C25*(Assumptions!C36/F70-1) -> 54037.751 | I70: =Assumptions!C48/MIN((Assumptions!C49/(Assumptions!C28+K69+G70+H70+J69)),(D70*(1-Assumptions!C50))) -> 195816.85 | J70: =Assumptions!C51/MIN((Assumptions!C52/(Assumptions!C28+K69+G70+H70+I70)),(D70*(1-Assumptions!C53))) -> 110578.93 | K70: =MAX(0,($C$66*(Assumptions!C28+G70+H70+I70+J70+Assumptions!C7/D70)-Assumptions!C55)/(1-$C$66)) -> 617547.59 | L70: =Assumptions!C28+K70+G70+H70+I70+J70 -> 37615576 | M70: =L70+Assumptions!C7/D70 -> 38555497 | N70: =$E$66/L70 -> 31.901678
C71: 2 | D71: =N70 -> 31.901678 | E71: =IF(D71<Assumptions!C35,Assumptions!C35*(Assumptions!C28+Assumptions!C7/Assumptions!C35)/(Assumptions!C28+Assumptions!C7/D71),Assumptions!C35) -> 57.461932 | F71: =IF(D71<Assumptions!C36,Assumptions!C36*(Assumptions!C28+Assumptions!C7/Assumptions!C36)/(Assumptions!C28+Assumptions!C7/D71),Assumptions!C36) -> 48.726238 | G71: =Assumptions!C24*(Assumptions!C35/E71-1) -> 19655.552 | H71: =Assumptions!C25*(Assumptions!C36/F71-1) -> 54114.552 | I71: =Assumptions!C48/MIN((Assumptions!C49/(Assumptions!C28+K70+G71+H71+J70)),(D71*(1-Assumptions!C50))) -> 195914.46 | J71: =Assumptions!C51/MIN((Assumptions!C52/(Assumptions!C28+K70+G71+H71+I71)),(D71*(1-Assumptions!C53))) -> 110634.05 | K71: =MAX(0,($C$66*(Assumptions!C28+G71+H71+I71+J71+Assumptions!C7/D71)-Assumptions!C55)/(1-$C$66)) -> 617655.14 | L71: =Assumptions!C28+K71+G71+H71+I71+J71 -> 37615935 | M71: =L71+Assumptions!C7/D71 -> 38556324 | N71: =$E$66/L71 -> 31.901374
C72: 3 | D72: =N71 -> 31.901374 | E72: =IF(D72<Assumptions!C35,Assumptions!C35*(Assumptions!C28+Assumptions!C7/Assumptions!C35)/(Assumptions!C28+Assumptions!C7/D72),Assumptions!C35) -> 57.461918 | F72: =IF(D72<Assumptions!C36,Assumptions!C36*(Assumptions!C28+Assumptions!C7/Assumptions!C36)/(Assumptions!C28+Assumptions!C7/D72),Assumptions!C36) -> 48.726226 | G72: =Assumptions!C24*(Assumptions!C35/E72-1) -> 19655.967 | H72: =Assumptions!C25*(Assumptions!C36/F72-1) -> 54116.022 | I72: =Assumptions!C48/MIN((Assumptions!C49/(Assumptions!C28+K71+G72+H72+J71)),(D72*(1-Assumptions!C50))) -> 195916.33 | J72: =Assumptions!C51/MIN((Assumptions!C52/(Assumptions!C28+K71+G72+H72+I72)),(D72*(1-Assumptions!C53))) -> 110635.1 | K72: =MAX(0,($C$66*(Assumptions!C28+G72+H72+I72+J72+Assumptions!C7/D72)-Assumptions!C55)/(1-$C$66)) -> 617657.2 | L72: =Assumptions!C28+K72+G72+H72+I72+J72 -> 37615942 | M72: =L72+Assumptions!C7/D72 -> 38556340 | N72: =$E$66/L72 -> 31.901368
C73: 4 | D73: =N72 -> 31.901368 | E73: =IF(D73<Assumptions!C35,Assumptions!C35*(Assumptions!C28+Assumptions!C7/Assumptions!C35)/(Assumptions!C28+Assumptions!C7/D73),Assumptions!C35) -> 57.461918 | F73: =IF(D73<Assumptions!C36,Assumptions!C36*(Assumptions!C28+Assumptions!C7/Assumptions!C36)/(Assumptions!C28+Assumptions!C7/D73),Assumptions!C36) -> 48.726226 | G73: =Assumptions!C24*(Assumptions!C35/E73-1) -> 19655.975 | H73: =Assumptions!C25*(Assumptions!C36/F73-1) -> 54116.05 | I73: =Assumptions!C48/MIN((Assumptions!C49/(Assumptions!C28+K72+G73+H73+J72)),(D73*(1-Assumptions!C50))) -> 195916.36 | J73: =Assumptions!C51/MIN((Assumptions!C52/(Assumptions!C28+K72+G73+H73+I73)),(D73*(1-Assumptions!C53))) -> 110635.12 | K73: =MAX(0,($C$66*(Assumptions!C28+G73+H73+I73+J73+Assumptions!C7/D73)-Assumptions!C55)/(1-$C$66)) -> 617657.24 | L73: =Assumptions!C28+K73+G73+H73+I73+J73 -> 37615942 | M73: =L73+Assumptions!C7/D73 -> 38556340 | N73: =$E$66/L73 -> 31.901368
C74: 5 | D74: =N73 -> 31.901368 | E74: =IF(D74<Assumptions!C35,Assumptions!C35*(Assumptions!C28+Assumptions!C7/Assumptions!C35)/(Assumptions!C28+Assumptions!C7/D74),Assumptions!C35) -> 57.461918 | F74: =IF(D74<Assumptions!C36,Assumptions!C36*(Assumptions!C28+Assumptions!C7/Assumptions!C36)/(Assumptions!C28+Assumptions!C7/D74),Assumptions!C36) -> 48.726226 | G74: =Assumptions!C24*(Assumptions!C35/E74-1) -> 19655.975 | H74: =Assumptions!C25*(Assumptions!C36/F74-1) -> 54116.051 | I74: =Assumptions!C48/MIN((Assumptions!C49/(Assumptions!C28+K73+G74+H74+J73)),(D74*(1-Assumptions!C50))) -> 195916.36 | J74: =Assumptions!C51/MIN((Assumptions!C52/(Assumptions!C28+K73+G74+H74+I74)),(D74*(1-Assumptions!C53))) -> 110635.12 | K74: =MAX(0,($C$66*(Assumptions!C28+G74+H74+I74+J74+Assumptions!C7/D74)-Assumptions!C55)/(1-$C$66)) -> 617657.24 | L74: =Assumptions!C28+K74+G74+H74+I74+J74 -> 37615942 | M74: =L74+Assumptions!C7/D74 -> 38556340 | N74: =$E$66/L74 -> 31.901368
C75: 6 | D75: =N74 -> 31.901368 | E75: =IF(D75<Assumptions!C35,Assumptions!C35*(Assumptions!C28+Assumptions!C7/Assumptions!C35)/(Assumptions!C28+Assumptions!C7/D75),Assumptions!C35) -> 57.461918 | F75: =IF(D75<Assumptions!C36,Assumptions!C36*(Assumptions!C28+Assumptions!C7/Assumptions!C36)/(Assumptions!C28+Assumptions!C7/D75),Assumptions!C36) -> 48.726226 | G75: =Assumptions!C24*(Assumptions!C35/E75-1) -> 19655.975 | H75: =Assumptions!C25*(Assumptions!C36/F75-1) -> 54116.051 | I75: =Assumptions!C48/MIN((Assumptions!C49/(Assumptions!C28+K74+G75+H75+J74)),(D75*(1-Assumptions!C50))) -> 195916.36 | J75: =Assumptions!C51/MIN((Assumptions!C52/(Assumptions!C28+K74+G75+H75+I75)),(D75*(1-Assumptions!C53))) -> 110635.12 | K75: =MAX(0,($C$66*(Assumptions!C28+G75+H75+I75+J75+Assumptions!C7/D75)-Assumptions!C55)/(1-$C$66)) -> 617657.24 | L75: =Assumptions!C28+K75+G75+H75+I75+J75 -> 37615942 | M75: =L75+Assumptions!C7/D75 -> 38556340 | N75: =$E$66/L75 -> 31.901368
C76: 7 | D76: =N75 -> 31.901368 | E76: =IF(D76<Assumptions!C35,Assumptions!C35*(Assumptions!C28+Assumptions!C7/Assumptions!C35)/(Assumptions!C28+Assumptions!C7/D76),Assumptions!C35) -> 57.461918 | F76: =IF(D76<Assumptions!C36,Assumptions!C36*(Assumptions!C28+Assumptions!C7/Assumptions!C36)/(Assumptions!C28+Assumptions!C7/D76),Assumptions!C36) -> 48.726226 | G76: =Assumptions!C24*(Assumptions!C35/E76-1) -> 19655.975 | H76: =Assumptions!C25*(Assumptions!C36/F76-1) -> 54116.051 | I76: =Assumptions!C48/MIN((Assumptions!C49/(Assumptions!C28+K75+G76+H76+J75)),(D76*(1-Assumptions!C50))) -> 195916.36 | J76: =Assumptions!C51/MIN((Assumptions!C52/(Assumptions!C28+K75+G76+H76+I76)),(D76*(1-Assumptions!C53))) -> 110635.12 | K76: =MAX(0,($C$66*(Assumptions!C28+G76+H76+I76+J76+Assumptions!C7/D76)-Assumptions!C55)/(1-$C$66)) -> 617657.24 | L76: =Assumptions!C28+K76+G76+H76+I76+J76 -> 37615942 | M76: =L76+Assumptions!C7/D76 -> 38556340 | N76: =$E$66/L76 -> 31.901368
C77: 8 | D77: =N76 -> 31.901368 | E77: =IF(D77<Assumptions!C35,Assumptions!C35*(Assumptions!C28+Assumptions!C7/Assumptions!C35)/(Assumptions!C28+Assumptions!C7/D77),Assumptions!C35) -> 57.461918 | F77: =IF(D77<Assumptions!C36,Assumptions!C36*(Assumptions!C28+Assumptions!C7/Assumptions!C36)/(Assumptions!C28+Assumptions!C7/D77),Assumptions!C36) -> 48.726226 | G77: =Assumptions!C24*(Assumptions!C35/E77-1) -> 19655.975 | H77: =Assumptions!C25*(Assumptions!C36/F77-1) -> 54116.051 | I77: =Assumptions!C48/MIN((Assumptions!C49/(Assumptions!C28+K76+G77+H77+J76)),(D77*(1-Assumptions!C50))) -> 195916.36 | J77: =Assumptions!C51/MIN((Assumptions!C52/(Assumptions!C28+K76+G77+H77+I77)),(D77*(1-Assumptions!C53))) -> 110635.12 | K77: =MAX(0,($C$66*(Assumptions!C28+G77+H77+I77+J77+Assumptions!C7/D77)-Assumptions!C55)/(1-$C$66)) -> 617657.24 | L77: =Assumptions!C28+K77+G77+H77+I77+J77 -> 37615942 | M77: =L77+Assumptions!C7/D77 -> 38556340 | N77: =$E$66/L77 -> 31.901368
C78: 9 | D78: =N77 -> 31.901368 | E78: =IF(D78<Assumptions!C35,Assumptions!C35*(Assumptions!C28+Assumptions!C7/Assumptions!C35)/(Assumptions!C28+Assumptions!C7/D78),Assumptions!C35) -> 57.461918 | F78: =IF(D78<Assumptions!C36,Assumptions!C36*(Assumptions!C28+Assumptions!C7/Assumptions!C36)/(Assumptions!C28+Assumptions!C7/D78),Assumptions!C36) -> 48.726226 | G78: =Assumptions!C24*(Assumptions!C35/E78-1) -> 19655.975 | H78: =Assumptions!C25*(Assumptions!C36/F78-1) -> 54116.051 | I78: =Assumptions!C48/MIN((Assumptions!C49/(Assumptions!C28+K77+G78+H78+J77)),(D78*(1-Assumptions!C50))) -> 195916.36 | J78: =Assumptions!C51/MIN((Assumptions!C52/(Assumptions!C28+K77+G78+H78+I78)),(D78*(1-Assumptions!C53))) -> 110635.12 | K78: =MAX(0,($C$66*(Assumptions!C28+G78+H78+I78+J78+Assumptions!C7/D78)-Assumptions!C55)/(1-$C$66)) -> 617657.24 | L78: =Assumptions!C28+K78+G78+H78+I78+J78 -> 37615942 | M78: =L78+Assumptions!C7/D78 -> 38556340 | N78: =$E$66/L78 -> 31.901368
C79: 10 | D79: =N78 -> 31.901368 | E79: =IF(D79<Assumptions!C35,Assumptions!C35*(Assumptions!C28+Assumptions!C7/Assumptions!C35)/(Assumptions!C28+Assumptions!C7/D79),Assumptions!C35) -> 57.461918 | F79: =IF(D79<Assumptions!C36,Assumptions!C36*(Assumptions!C28+Assumptions!C7/Assumptions!C36)/(Assumptions!C28+Assumptions!C7/D79),Assumptions!C36) -> 48.726226 | G79: =Assumptions!C24*(Assumptions!C35/E79-1) -> 19655.975 | H79: =Assumptions!C25*(Assumptions!C36/F79-1) -> 54116.051 | I79: =Assumptions!C48/MIN((Assumptions!C49/(Assumptions!C28+K78+G79+H79+J78)),(D79*(1-Assumptions!C50))) -> 195916.36 | J79: =Assumptions!C51/MIN((Assumptions!C52/(Assumptions!C28+K78+G79+H79+I79)),(D79*(1-Assumptions!C53))) -> 110635.12 | K79: =MAX(0,($C$66*(Assumptions!C28+G79+H79+I79+J79+Assumptions!C7/D79)-Assumptions!C55)/(1-$C$66)) -> 617657.24 | L79: =Assumptions!C28+K79+G79+H79+I79+J79 -> 37615942 | M79: =L79+Assumptions!C7/D79 -> 38556340 | N79: =$E$66/L79 -> 31.901368
C80: 11 | D80: =N79 -> 31.901368 | E80: =IF(D80<Assumptions!C35,Assumptions!C35*(Assumptions!C28+Assumptions!C7/Assumptions!C35)/(Assumptions!C28+Assumptions!C7/D80),Assumptions!C35) -> 57.461918 | F80: =IF(D80<Assumptions!C36,Assumptions!C36*(Assumptions!C28+Assumptions!C7/Assumptions!C36)/(Assumptions!C28+Assumptions!C7/D80),Assumptions!C36) -> 48.726226 | G80: =Assumptions!C24*(Assumptions!C35/E80-1) -> 19655.975 | H80: =Assumptions!C25*(Assumptions!C36/F80-1) -> 54116.051 | I80: =Assumptions!C48/MIN((Assumptions!C49/(Assumptions!C28+K79+G80+H80+J79)),(D80*(1-Assumptions!C50))) -> 195916.36 | J80: =Assumptions!C51/MIN((Assumptions!C52/(Assumptions!C28+K79+G80+H80+I80)),(D80*(1-Assumptions!C53))) -> 110635.12 | K80: =MAX(0,($C$66*(Assumptions!C28+G80+H80+I80+J80+Assumptions!C7/D80)-Assumptions!C55)/(1-$C$66)) -> 617657.24 | L80: =Assumptions!C28+K80+G80+H80+I80+J80 -> 37615942 | M80: =L80+Assumptions!C7/D80 -> 38556340 | N80: =$E$66/L80 -> 31.901368
C81: 12 | D81: =N80 -> 31.901368 | E81: =IF(D81<Assumptions!C35,Assumptions!C35*(Assumptions!C28+Assumptions!C7/Assumptions!C35)/(Assumptions!C28+Assumptions!C7/D81),Assumptions!C35) -> 57.461918 | F81: =IF(D81<Assumptions!C36,Assumptions!C36*(Assumptions!C28+Assumptions!C7/Assumptions!C36)/(Assumptions!C28+Assumptions!C7/D81),Assumptions!C36) -> 48.726226 | G81: =Assumptions!C24*(Assumptions!C35/E81-1) -> 19655.975 | H81: =Assumptions!C25*(Assumptions!C36/F81-1) -> 54116.051 | I81: =Assumptions!C48/MIN((Assumptions!C49/(Assumptions!C28+K80+G81+H81+J80)),(D81*(1-Assumptions!C50))) -> 195916.36 | J81: =Assumptions!C51/MIN((Assumptions!C52/(Assumptions!C28+K80+G81+H81+I81)),(D81*(1-Assumptions!C53))) -> 110635.12 | K81: =MAX(0,($C$66*(Assumptions!C28+G81+H81+I81+J81+Assumptions!C7/D81)-Assumptions!C55)/(1-$C$66)) -> 617657.24 | L81: =Assumptions!C28+K81+G81+H81+I81+J81 -> 37615942 | M81: =L81+Assumptions!C7/D81 -> 38556340 | N81: =$E$66/L81 -> 31.901368
C82: 13 | D82: =N81 -> 31.901368 | E82: =IF(D82<Assumptions!C35,Assumptions!C35*(Assumptions!C28+Assumptions!C7/Assumptions!C35)/(Assumptions!C28+Assumptions!C7/D82),Assumptions!C35) -> 57.461918 | F82: =IF(D82<Assumptions!C36,Assumptions!C36*(Assumptions!C28+Assumptions!C7/Assumptions!C36)/(Assumptions!C28+Assumptions!C7/D82),Assumptions!C36) -> 48.726226 | G82: =Assumptions!C24*(Assumptions!C35/E82-1) -> 19655.975 | H82: =Assumptions!C25*(Assumptions!C36/F82-1) -> 54116.051 | I82: =Assumptions!C48/MIN((Assumptions!C49/(Assumptions!C28+K81+G82+H82+J81)),(D82*(1-Assumptions!C50))) -> 195916.36 | J82: =Assumptions!C51/MIN((Assumptions!C52/(Assumptions!C28+K81+G82+H82+I82)),(D82*(1-Assumptions!C53))) -> 110635.12 | K82: =MAX(0,($C$66*(Assumptions!C28+G82+H82+I82+J82+Assumptions!C7/D82)-Assumptions!C55)/(1-$C$66)) -> 617657.24 | L82: =Assumptions!C28+K82+G82+H82+I82+J82 -> 37615942 | M82: =L82+Assumptions!C7/D82 -> 38556340 | N82: =$E$66/L82 -> 31.901368
C83: 14 | D83: =N82 -> 31.901368 | E83: =IF(D83<Assumptions!C35,Assumptions!C35*(Assumptions!C28+Assumptions!C7/Assumptions!C35)/(Assumptions!C28+Assumptions!C7/D83),Assumptions!C35) -> 57.461918 | F83: =IF(D83<Assumptions!C36,Assumptions!C36*(Assumptions!C28+Assumptions!C7/Assumptions!C36)/(Assumptions!C28+Assumptions!C7/D83),Assumptions!C36) -> 48.726226 | G83: =Assumptions!C24*(Assumptions!C35/E83-1) -> 19655.975 | H83: =Assumptions!C25*(Assumptions!C36/F83-1) -> 54116.051 | I83: =Assumptions!C48/MIN((Assumptions!C49/(Assumptions!C28+K82+G83+H83+J82)),(D83*(1-Assumptions!C50))) -> 195916.36 | J83: =Assumptions!C51/MIN((Assumptions!C52/(Assumptions!C28+K82+G83+H83+I83)),(D83*(1-Assumptions!C53))) -> 110635.12 | K83: =MAX(0,($C$66*(Assumptions!C28+G83+H83+I83+J83+Assumptions!C7/D83)-Assumptions!C55)/(1-$C$66)) -> 617657.24 | L83: =Assumptions!C28+K83+G83+H83+I83+J83 -> 37615942 | M83: =L83+Assumptions!C7/D83 -> 38556340 | N83: =$E$66/L83 -> 31.901368
B84: F PPS | C84: =N83 -> 31.901368 | D84: T_F | E84: =M83 -> 38556340 | F84: Note A branch | G84: =IF((Assumptions!C49/(Assumptions!C28+K83+G83+H83+J83))<(N83*(1-Assumptions!C50)),"cap","discount") -> discount | H84: Note B branch | I84: =IF((Assumptions!C52/(Assumptions!C28+K83+G83+H83+I83))<(N83*(1-Assumptions!C53)),"cap","discount") -> discount
B85: Scenario 5: ESOP=13%, Pre=$1.4B
B86: ESOP target | C86: =Assumptions!C66 -> 0.13 | D86: Pre-money | E86: =Assumptions!C69 -> 1400000000
C88: iter | D88: F_PPS | E88: NCP_D | F88: NCP_E | G88: AD_D | H88: AD_E | I88: n_A | J88: n_B | K88: ESOP_top | L88: FD_pre | M88: T_F | N88: F_PPS_new
C89: 0 | D89: =$E$86/Assumptions!C28 -> 38.232604 | E89: =IF(D89<Assumptions!C35,Assumptions!C35*(Assumptions!C28+Assumptions!C7/Assumptions!C35)/(Assumptions!C28+Assumptions!C7/D89),Assumptions!C35) -> 57.701164 | F89: =IF(D89<Assumptions!C36,Assumptions!C36*(Assumptions!C28+Assumptions!C7/Assumptions!C36)/(Assumptions!C28+Assumptions!C7/D89),Assumptions!C36) -> 48.9291 | G89: =Assumptions!C24*(Assumptions!C35/E89-1) -> 12440.253 | H89: =Assumptions!C25*(Assumptions!C36/F89-1) -> 28588.226 | I89: =Assumptions!C48/MIN((Assumptions!C49/(Assumptions!C28+0+G89+H89+0)),(D89*(1-Assumptions!C50))) -> 183294.95 | J89: =Assumptions!C51/MIN((Assumptions!C52/(Assumptions!C28+0+G89+H89+I89)),(D89*(1-Assumptions!C53))) -> 92314.187 | K89: =MAX(0,($C$86*(Assumptions!C28+G89+H89+I89+J89+Assumptions!C7/D89)-Assumptions!C55)/(1-$C$86)) -> 584871.26 | L89: =Assumptions!C28+K89+G89+H89+I89+J89 -> 37519470 | M89: =L89+Assumptions!C7/D89 -> 38304140 | N89: =$E$86/L89 -> 37.31396
C90: 1 | D90: =N89 -> 37.31396 | E90: =IF(D90<Assumptions!C35,Assumptions!C35*(Assumptions!C28+Assumptions!C7/Assumptions!C35)/(Assumptions!C28+Assumptions!C7/D90),Assumptions!C35) -> 57.671377 | F90: =IF(D90<Assumptions!C36,Assumptions!C36*(Assumptions!C28+Assumptions!C7/Assumptions!C36)/(Assumptions!C28+Assumptions!C7/D90),Assumptions!C36) -> 48.903842 | G90: =Assumptions!C24*(Assumptions!C35/E90-1) -> 13335.363 | H90: =Assumptions!C25*(Assumptions!C36/F90-1) -> 31754.952 | I90: =Assumptions!C48/MIN((Assumptions!C49/(Assumptions!C28+K89+G90+H90+J89)),(D90*(1-Assumptions!C50))) -> 186701.18 | J90: =Assumptions!C51/MIN((Assumptions!C52/(Assumptions!C28+K89+G90+H90+I90)),(D90*(1-Assumptions!C53))) -> 94586.899 | K90: =MAX(0,($C$86*(Assumptions!C28+G90+H90+I90+J90+Assumptions!C7/D90)-Assumptions!C55)/(1-$C$86)) -> 589213.38 | L90: =Assumptions!C28+K90+G90+H90+I90+J90 -> 37533553 | M90: =L90+Assumptions!C7/D90 -> 38337541 | N90: =$E$86/L90 -> 37.29996
C91: 2 | D91: =N90 -> 37.29996 | E91: =IF(D91<Assumptions!C35,Assumptions!C35*(Assumptions!C28+Assumptions!C7/Assumptions!C35)/(Assumptions!C28+Assumptions!C7/D91),Assumptions!C35) -> 57.670912 | F91: =IF(D91<Assumptions!C36,Assumptions!C36*(Assumptions!C28+Assumptions!C7/Assumptions!C36)/(Assumptions!C28+Assumptions!C7/D91),Assumptions!C36) -> 48.903448 | G91: =Assumptions!C24*(Assumptions!C35/E91-1) -> 13349.346 | H91: =Assumptions!C25*(Assumptions!C36/F91-1) -> 31804.421 | I91: =Assumptions!C48/MIN((Assumptions!C49/(Assumptions!C28+K90+G91+H91+J90)),(D91*(1-Assumptions!C50))) -> 186734.58 | J91: =Assumptions!C51/MIN((Assumptions!C52/(Assumptions!C28+K90+G91+H91+I91)),(D91*(1-Assumptions!C53))) -> 94622.402 | K91: =MAX(0,($C$86*(Assumptions!C28+G91+H91+I91+J91+Assumptions!C7/D91)-Assumptions!C55)/(1-$C$86)) -> 589278.25 | L91: =Assumptions!C28+K91+G91+H91+I91+J91 -> 37533750 | M91: =L91+Assumptions!C7/D91 -> 38338040 | N91: =$E$86/L91 -> 37.299764
C92: 3 | D92: =N91 -> 37.299764 | E92: =IF(D92<Assumptions!C35,Assumptions!C35*(Assumptions!C28+Assumptions!C7/Assumptions!C35)/(Assumptions!C28+Assumptions!C7/D92),Assumptions!C35) -> 57.670905 | F92: =IF(D92<Assumptions!C36,Assumptions!C36*(Assumptions!C28+Assumptions!C7/Assumptions!C36)/(Assumptions!C28+Assumptions!C7/D92),Assumptions!C36) -> 48.903442 | G92: =Assumptions!C24*(Assumptions!C35/E92-1) -> 13349.542 | H92: =Assumptions!C25*(Assumptions!C36/F92-1) -> 31805.114 | I92: =Assumptions!C48/MIN((Assumptions!C49/(Assumptions!C28+K91+G92+H92+J91)),(D92*(1-Assumptions!C50))) -> 186735.08 | J92: =Assumptions!C51/MIN((Assumptions!C52/(Assumptions!C28+K91+G92+H92+I92)),(D92*(1-Assumptions!C53))) -> 94622.899 | K92: =MAX(0,($C$86*(Assumptions!C28+G92+H92+I92+J92+Assumptions!C7/D92)-Assumptions!C55)/(1-$C$86)) -> 589279.17 | L92: =Assumptions!C28+K92+G92+H92+I92+J92 -> 37533753 | M92: =L92+Assumptions!C7/D92 -> 38338047 | N92: =$E$86/L92 -> 37.299761
C93: 4 | D93: =N92 -> 37.299761 | E93: =IF(D93<Assumptions!C35,Assumptions!C35*(Assumptions!C28+Assumptions!C7/Assumptions!C35)/(Assumptions!C28+Assumptions!C7/D93),Assumptions!C35) -> 57.670905 | F93: =IF(D93<Assumptions!C36,Assumptions!C36*(Assumptions!C28+Assumptions!C7/Assumptions!C36)/(Assumptions!C28+Assumptions!C7/D93),Assumptions!C36) -> 48.903442 | G93: =Assumptions!C24*(Assumptions!C35/E93-1) -> 13349.544 | H93: =Assumptions!C25*(Assumptions!C36/F93-1) -> 31805.124 | I93: =Assumptions!C48/MIN((Assumptions!C49/(Assumptions!C28+K92+G93+H93+J92)),(D93*(1-Assumptions!C50))) -> 186735.09 | J93: =Assumptions!C51/MIN((Assumptions!C52/(Assumptions!C28+K92+G93+H93+I93)),(D93*(1-Assumptions!C53))) -> 94622.906 | K93: =MAX(0,($C$86*(Assumptions!C28+G93+H93+I93+J93+Assumptions!C7/D93)-Assumptions!C55)/(1-$C$86)) -> 589279.18 | L93: =Assumptions!C28+K93+G93+H93+I93+J93 -> 37533753 | M93: =L93+Assumptions!C7/D93 -> 38338048 | N93: =$E$86/L93 -> 37.299761
C94: 5 | D94: =N93 -> 37.299761 | E94: =IF(D94<Assumptions!C35,Assumptions!C35*(Assumptions!C28+Assumptions!C7/Assumptions!C35)/(Assumptions!C28+Assumptions!C7/D94),Assumptions!C35) -> 57.670905 | F94: =IF(D94<Assumptions!C36,Assumptions!C36*(Assumptions!C28+Assumptions!C7/Assumptions!C36)/(Assumptions!C28+Assumptions!C7/D94),Assumptions!C36) -> 48.903442 | G94: =Assumptions!C24*(Assumptions!C35/E94-1) -> 13349.544 | H94: =Assumptions!C25*(Assumptions!C36/F94-1) -> 31805.124 | I94: =Assumptions!C48/MIN((Assumptions!C49/(Assumptions!C28+K93+G94+H94+J93)),(D94*(1-Assumptions!C50))) -> 186735.09 | J94: =Assumptions!C51/MIN((Assumptions!C52/(Assumptions!C28+K93+G94+H94+I94)),(D94*(1-Assumptions!C53))) -> 94622.906 | K94: =MAX(0,($C$86*(Assumptions!C28+G94+H94+I94+J94+Assumptions!C7/D94)-Assumptions!C55)/(1-$C$86)) -> 589279.18 | L94: =Assumptions!C28+K94+G94+H94+I94+J94 -> 37533753 | M94: =L94+Assumptions!C7/D94 -> 38338048 | N94: =$E$86/L94 -> 37.299761
C95: 6 | D95: =N94 -> 37.299761 | E95: =IF(D95<Assumptions!C35,Assumptions!C35*(Assumptions!C28+Assumptions!C7/Assumptions!C35)/(Assumptions!C28+Assumptions!C7/D95),Assumptions!C35) -> 57.670905 | F95: =IF(D95<Assumptions!C36,Assumptions!C36*(Assumptions!C28+Assumptions!C7/Assumptions!C36)/(Assumptions!C28+Assumptions!C7/D95),Assumptions!C36) -> 48.903442 | G95: =Assumptions!C24*(Assumptions!C35/E95-1) -> 13349.544 | H95: =Assumptions!C25*(Assumptions!C36/F95-1) -> 31805.124 | I95: =Assumptions!C48/MIN((Assumptions!C49/(Assumptions!C28+K94+G95+H95+J94)),(D95*(1-Assumptions!C50))) -> 186735.09 | J95: =Assumptions!C51/MIN((Assumptions!C52/(Assumptions!C28+K94+G95+H95+I95)),(D95*(1-Assumptions!C53))) -> 94622.906 | K95: =MAX(0,($C$86*(Assumptions!C28+G95+H95+I95+J95+Assumptions!C7/D95)-Assumptions!C55)/(1-$C$86)) -> 589279.18 | L95: =Assumptions!C28+K95+G95+H95+I95+J95 -> 37533753 | M95: =L95+Assumptions!C7/D95 -> 38338048 | N95: =$E$86/L95 -> 37.299761
C96: 7 | D96: =N95 -> 37.299761 | E96: =IF(D96<Assumptions!C35,Assumptions!C35*(Assumptions!C28+Assumptions!C7/Assumptions!C35)/(Assumptions!C28+Assumptions!C7/D96),Assumptions!C35) -> 57.670905 | F96: =IF(D96<Assumptions!C36,Assumptions!C36*(Assumptions!C28+Assumptions!C7/Assumptions!C36)/(Assumptions!C28+Assumptions!C7/D96),Assumptions!C36) -> 48.903442 | G96: =Assumptions!C24*(Assumptions!C35/E96-1) -> 13349.544 | H96: =Assumptions!C25*(Assumptions!C36/F96-1) -> 31805.124 | I96: =Assumptions!C48/MIN((Assumptions!C49/(Assumptions!C28+K95+G96+H96+J95)),(D96*(1-Assumptions!C50))) -> 186735.09 | J96: =Assumptions!C51/MIN((Assumptions!C52/(Assumptions!C28+K95+G96+H96+I96)),(D96*(1-Assumptions!C53))) -> 94622.906 | K96: =MAX(0,($C$86*(Assumptions!C28+G96+H96+I96+J96+Assumptions!C7/D96)-Assumptions!C55)/(1-$C$86)) -> 589279.18 | L96: =Assumptions!C28+K96+G96+H96+I96+J96 -> 37533753 | M96: =L96+Assumptions!C7/D96 -> 38338048 | N96: =$E$86/L96 -> 37.299761
C97: 8 | D97: =N96 -> 37.299761 | E97: =IF(D97<Assumptions!C35,Assumptions!C35*(Assumptions!C28+Assumptions!C7/Assumptions!C35)/(Assumptions!C28+Assumptions!C7/D97),Assumptions!C35) -> 57.670905 | F97: =IF(D97<Assumptions!C36,Assumptions!C36*(Assumptions!C28+Assumptions!C7/Assumptions!C36)/(Assumptions!C28+Assumptions!C7/D97),Assumptions!C36) -> 48.903442 | G97: =Assumptions!C24*(Assumptions!C35/E97-1) -> 13349.544 | H97: =Assumptions!C25*(Assumptions!C36/F97-1) -> 31805.124 | I97: =Assumptions!C48/MIN((Assumptions!C49/(Assumptions!C28+K96+G97+H97+J96)),(D97*(1-Assumptions!C50))) -> 186735.09 | J97: =Assumptions!C51/MIN((Assumptions!C52/(Assumptions!C28+K96+G97+H97+I97)),(D97*(1-Assumptions!C53))) -> 94622.906 | K97: =MAX(0,($C$86*(Assumptions!C28+G97+H97+I97+J97+Assumptions!C7/D97)-Assumptions!C55)/(1-$C$86)) -> 589279.18 | L97: =Assumptions!C28+K97+G97+H97+I97+J97 -> 37533753 | M97: =L97+Assumptions!C7/D97 -> 38338048 | N97: =$E$86/L97 -> 37.299761
C98: 9 | D98: =N97 -> 37.299761 | E98: =IF(D98<Assumptions!C35,Assumptions!C35*(Assumptions!C28+Assumptions!C7/Assumptions!C35)/(Assumptions!C28+Assumptions!C7/D98),Assumptions!C35) -> 57.670905 | F98: =IF(D98<Assumptions!C36,Assumptions!C36*(Assumptions!C28+Assumptions!C7/Assumptions!C36)/(Assumptions!C28+Assumptions!C7/D98),Assumptions!C36) -> 48.903442 | G98: =Assumptions!C24*(Assumptions!C35/E98-1) -> 13349.544 | H98: =Assumptions!C25*(Assumptions!C36/F98-1) -> 31805.124 | I98: =Assumptions!C48/MIN((Assumptions!C49/(Assumptions!C28+K97+G98+H98+J97)),(D98*(1-Assumptions!C50))) -> 186735.09 | J98: =Assumptions!C51/MIN((Assumptions!C52/(Assumptions!C28+K97+G98+H98+I98)),(D98*(1-Assumptions!C53))) -> 94622.906 | K98: =MAX(0,($C$86*(Assumptions!C28+G98+H98+I98+J98+Assumptions!C7/D98)-Assumptions!C55)/(1-$C$86)) -> 589279.18 | L98: =Assumptions!C28+K98+G98+H98+I98+J98 -> 37533753 | M98: =L98+Assumptions!C7/D98 -> 38338048 | N98: =$E$86/L98 -> 37.299761
C99: 10 | D99: =N98 -> 37.299761 | E99: =IF(D99<Assumptions!C35,Assumptions!C35*(Assumptions!C28+Assumptions!C7/Assumptions!C35)/(Assumptions!C28+Assumptions!C7/D99),Assumptions!C35) -> 57.670905 | F99: =IF(D99<Assumptions!C36,Assumptions!C36*(Assumptions!C28+Assumptions!C7/Assumptions!C36)/(Assumptions!C28+Assumptions!C7/D99),Assumptions!C36) -> 48.903442 | G99: =Assumptions!C24*(Assumptions!C35/E99-1) -> 13349.544 | H99: =Assumptions!C25*(Assumptions!C36/F99-1) -> 31805.124 | I99: =Assumptions!C48/MIN((Assumptions!C49/(Assumptions!C28+K98+G99+H99+J98)),(D99*(1-Assumptions!C50))) -> 186735.09 | J99: =Assumptions!C51/MIN((Assumptions!C52/(Assumptions!C28+K98+G99+H99+I99)),(D99*(1-Assumptions!C53))) -> 94622.906 | K99: =MAX(0,($C$86*(Assumptions!C28+G99+H99+I99+J99+Assumptions!C7/D99)-Assumptions!C55)/(1-$C$86)) -> 589279.18 | L99: =Assumptions!C28+K99+G99+H99+I99+J99 -> 37533753 | M99: =L99+Assumptions!C7/D99 -> 38338048 | N99: =$E$86/L99 -> 37.299761
C100: 11 | D100: =N99 -> 37.299761 | E100: =IF(D100<Assumptions!C35,Assumptions!C35*(Assumptions!C28+Assumptions!C7/Assumptions!C35)/(Assumptions!C28+Assumptions!C7/D100),Assumptions!C35) -> 57.670905 | F100: =IF(D100<Assumptions!C36,Assumptions!C36*(Assumptions!C28+Assumptions!C7/Assumptions!C36)/(Assumptions!C28+Assumptions!C7/D100),Assumptions!C36) -> 48.903442 | G100: =Assumptions!C24*(Assumptions!C35/E100-1) -> 13349.544 | H100: =Assumptions!C25*(Assumptions!C36/F100-1) -> 31805.124 | I100: =Assumptions!C48/MIN((Assumptions!C49/(Assumptions!C28+K99+G100+H100+J99)),(D100*(1-Assumptions!C50))) -> 186735.09 | J100: =Assumptions!C51/MIN((Assumptions!C52/(Assumptions!C28+K99+G100+H100+I100)),(D100*(1-Assumptions!C53))) -> 94622.906 | K100: =MAX(0,($C$86*(Assumptions!C28+G100+H100+I100+J100+Assumptions!C7/D100)-Assumptions!C55)/(1-$C$86)) -> 589279.18 | L100: =Assumptions!C28+K100+G100+H100+I100+J100 -> 37533753 | M100: =L100+Assumptions!C7/D100 -> 38338048 | N100: =$E$86/L100 -> 37.299761
C101: 12 | D101: =N100 -> 37.299761 | E101: =IF(D101<Assumptions!C35,Assumptions!C35*(Assumptions!C28+Assumptions!C7/Assumptions!C35)/(Assumptions!C28+Assumptions!C7/D101),Assumptions!C35) -> 57.670905 | F101: =IF(D101<Assumptions!C36,Assumptions!C36*(Assumptions!C28+Assumptions!C7/Assumptions!C36)/(Assumptions!C28+Assumptions!C7/D101),Assumptions!C36) -> 48.903442 | G101: =Assumptions!C24*(Assumptions!C35/E101-1) -> 13349.544 | H101: =Assumptions!C25*(Assumptions!C36/F101-1) -> 31805.124 | I101: =Assumptions!C48/MIN((Assumptions!C49/(Assumptions!C28+K100+G101+H101+J100)),(D101*(1-Assumptions!C50))) -> 186735.09 | J101: =Assumptions!C51/MIN((Assumptions!C52/(Assumptions!C28+K100+G101+H101+I101)),(D101*(1-Assumptions!C53))) -> 94622.906 | K101: =MAX(0,($C$86*(Assumptions!C28+G101+H101+I101+J101+Assumptions!C7/D101)-Assumptions!C55)/(1-$C$86)) -> 589279.18 | L101: =Assumptions!C28+K101+G101+H101+I101+J101 -> 37533753 | M101: =L101+Assumptions!C7/D101 -> 38338048 | N101: =$E$86/L101 -> 37.299761
C102: 13 | D102: =N101 -> 37.299761 | E102: =IF(D102<Assumptions!C35,Assumptions!C35*(Assumptions!C28+Assumptions!C7/Assumptions!C35)/(Assumptions!C28+Assumptions!C7/D102),Assumptions!C35) -> 57.670905 | F102: =IF(D102<Assumptions!C36,Assumptions!C36*(Assumptions!C28+Assumptions!C7/Assumptions!C36)/(Assumptions!C28+Assumptions!C7/D102),Assumptions!C36) -> 48.903442 | G102: =Assumptions!C24*(Assumptions!C35/E102-1) -> 13349.544 | H102: =Assumptions!C25*(Assumptions!C36/F102-1) -> 31805.124 | I102: =Assumptions!C48/MIN((Assumptions!C49/(Assumptions!C28+K101+G102+H102+J101)),(D102*(1-Assumptions!C50))) -> 186735.09 | J102: =Assumptions!C51/MIN((Assumptions!C52/(Assumptions!C28+K101+G102+H102+I102)),(D102*(1-Assumptions!C53))) -> 94622.906 | K102: =MAX(0,($C$86*(Assumptions!C28+G102+H102+I102+J102+Assumptions!C7/D102)-Assumptions!C55)/(1-$C$86)) -> 589279.18 | L102: =Assumptions!C28+K102+G102+H102+I102+J102 -> 37533753 | M102: =L102+Assumptions!C7/D102 -> 38338048 | N102: =$E$86/L102 -> 37.299761
C103: 14 | D103: =N102 -> 37.299761 | E103: =IF(D103<Assumptions!C35,Assumptions!C35*(Assumptions!C28+Assumptions!C7/Assumptions!C35)/(Assumptions!C28+Assumptions!C7/D103),Assumptions!C35) -> 57.670905 | F103: =IF(D103<Assumptions!C36,Assumptions!C36*(Assumptions!C28+Assumptions!C7/Assumptions!C36)/(Assumptions!C28+Assumptions!C7/D103),Assumptions!C36) -> 48.903442 | G103: =Assumptions!C24*(Assumptions!C35/E103-1) -> 13349.544 | H103: =Assumptions!C25*(Assumptions!C36/F103-1) -> 31805.124 | I103: =Assumptions!C48/MIN((Assumptions!C49/(Assumptions!C28+K102+G103+H103+J102)),(D103*(1-Assumptions!C50))) -> 186735.09 | J103: =Assumptions!C51/MIN((Assumptions!C52/(Assumptions!C28+K102+G103+H103+I103)),(D103*(1-Assumptions!C53))) -> 94622.906 | K103: =MAX(0,($C$86*(Assumptions!C28+G103+H103+I103+J103+Assumptions!C7/D103)-Assumptions!C55)/(1-$C$86)) -> 589279.18 | L103: =Assumptions!C28+K103+G103+H103+I103+J103 -> 37533753 | M103: =L103+Assumptions!C7/D103 -> 38338048 | N103: =$E$86/L103 -> 37.299761
B104: F PPS | C104: =N103 -> 37.299761 | D104: T_F | E104: =M103 -> 38338048 | F104: Note A branch | G104: =IF((Assumptions!C49/(Assumptions!C28+K103+G103+H103+J103))<(N103*(1-Assumptions!C50)),"cap","discount") -> cap | H104: Note B branch | I104: =IF((Assumptions!C52/(Assumptions!C28+K103+G103+H103+I103))<(N103*(1-Assumptions!C53)),"cap","discount") -> discount
B105: Scenario 6: ESOP=13%, Pre=$1.8B
B106: ESOP target | C106: =Assumptions!C66 -> 0.13 | D106: Pre-money | E106: =Assumptions!C70 -> 1800000000
C108: iter | D108: F_PPS | E108: NCP_D | F108: NCP_E | G108: AD_D | H108: AD_E | I108: n_A | J108: n_B | K108: ESOP_top | L108: FD_pre | M108: T_F | N108: F_PPS_new
...

Sheet Sensitivity
B2: Sensitivity — $10M Check at $2B Exit
B3: 3x3 grid: ESOP refresh × Series F pre-money | per-cell full re-solve
B5: Reference: Exit value | C5: =Assumptions!C60 -> 2000000000
B6: Reference: Our check | C6: =Assumptions!C11 -> 10000000
B9: Our $10M Post-F Ownership %
C11: Pre-money → | D11: =Assumptions!C68 -> 1200000000 | E11: =Assumptions!C69 -> 1400000000 | F11: =Assumptions!C70 -> 1800000000
B12: ESOP ↓
B13: =Assumptions!C65 -> 0.11 | D13: =(Assumptions!C11/'Sens-Helper'!N23)/'Sens-Helper'!M23 -> 0.0081300813 | E13: =(Assumptions!C11/'Sens-Helper'!N43)/'Sens-Helper'!M43 -> 0.006993007 | F13: =(Assumptions!C11/'Sens-Helper'!N63)/'Sens-Helper'!M63 -> 0.0054644809
B14: =Assumptions!C66 -> 0.13 | D14: =(Assumptions!C11/'Sens-Helper'!N83)/'Sens-Helper'!M83 -> 0.0081300813 | E14: =(Assumptions!C11/'Sens-Helper'!N103)/'Sens-Helper'!M103 -> 0.006993007 | F14: =(Assumptions!C11/'Sens-Helper'!N123)/'Sens-Helper'!M123 -> 0.0054644809
B15: =Assumptions!C67 -> 0.15 | D15: =(Assumptions!C11/'Sens-Helper'!N143)/'Sens-Helper'!M143 -> 0.0081300813 | E15: =(Assumptions!C11/'Sens-Helper'!N163)/'Sens-Helper'!M163 -> 0.006993007 | F15: =(Assumptions!C11/'Sens-Helper'!N183)/'Sens-Helper'!M183 -> 0.0054644809
B18: Our $10M Proceeds at $2B Exit ($M)
C20: Pre-money → | D20: =Assumptions!C68 -> 1200000000 | E20: =Assumptions!C69 -> 1400000000 | F20: =Assumptions!C70 -> 1800000000
B21: ESOP ↓
B22: =Assumptions!C65 -> 0.11 | D22: =(Assumptions!C11/'Sens-Helper'!N23)*IF(((Assumptions!C60-Assumptions!C43)/(((Assumptions!C16+Assumptions!C17+Assumptions!C18+Assumptions!C19)+'Sens-Helper'!I23+'Sens-Helper'!J23)+((Assumptions!C7/'Sens-Helper'!N23)+(Assumptions!C25+'Sens-Helper'!H23)+Assumptions!C23+Assumptions!C22+Assumptions!C21+Assumptions!C20)))>Assumptions!C13,((Assumptions!C60-Assumptions!C43)+Assumptions!C26*Assumptions!C13)/((((Assumptions!C16+Assumptions!C17+Assumptions!C18+Assumptions!C19)+'Sens-Helper'!I23+'Sens-Helper'!J23)+((Assumptions!C7/'Sens-Helper'!N23)+(Assumptions!C25+'Sens-Helper'!H23)+Assumptions!C23+Assumptions!C22+Assumptions!C21+Assumptions!C20))+Assumptions!C26),((Assumptions!C60-Assumptions!C43)/(((Assumptions!C16+Assumptions!C17+Assumptions!C18+Assumptions!C19)+'Sens-Helper'!I23+'Sens-Helper'!J23)+((Assumptions!C7/'Sens-Helper'!N23)+(Assumptions!C25+'Sens-Helper'!H23)+Assumptions!C23+Assumptions!C22+Assumptions!C21+Assumptions!C20)))) -> 17107259 | E22: =(Assumptions!C11/'Sens-Helper'!N43)*IF(((Assumptions!C60-Assumptions!C43)/(((Assumptions!C16+Assumptions!C17+Assumptions!C18+Assumptions!C19)+'Sens-Helper'!I43+'Sens-Helper'!J43)+((Assumptions!C7/'Sens-Helper'!N43)+(Assumptions!C25+'Sens-Helper'!H43)+Assumptions!C23+Assumptions!C22+Assumptions!C21+Assumptions!C20)))>Assumptions!C13,((Assumptions!C60-Assumptions!C43)+Assumptions!C26*Assumptions!C13)/((((Assumptions!C16+Assumptions!C17+Assumptions!C18+Assumptions!C19)+'Sens-Helper'!I43+'Sens-Helper'!J43)+((Assumptions!C7/'Sens-Helper'!N43)+(Assumptions!C25+'Sens-Helper'!H43)+Assumptions!C23+Assumptions!C22+Assumptions!C21+Assumptions!C20))+Assumptions!C26),((Assumptions!C60-Assumptions!C43)/(((Assumptions!C16+Assumptions!C17+Assumptions!C18+Assumptions!C19)+'Sens-Helper'!I43+'Sens-Helper'!J43)+((Assumptions!C7/'Sens-Helper'!N43)+(Assumptions!C25+'Sens-Helper'!H43)+Assumptions!C23+Assumptions!C22+Assumptions!C21+Assumptions!C20)))) -> 14719656 | F22: =(Assumptions!C11/'Sens-Helper'!N63)*IF(((Assumptions!C60-Assumptions!C43)/(((Assumptions!C16+Assumptions!C17+Assumptions!C18+Assumptions!C19)+'Sens-Helper'!I63+'Sens-Helper'!J63)+((Assumptions!C7/'Sens-Helper'!N63)+(Assumptions!C25+'Sens-Helper'!H63)+Assumptions!C23+Assumptions!C22+Assumptions!C21+Assumptions!C20)))>Assumptions!C13,((Assumptions!C60-Assumptions!C43)+Assumptions!C26*Assumptions!C13)/((((Assumptions!C16+Assumptions!C17+Assumptions!C18+Assumptions!C19)+'Sens-Helper'!I63+'Sens-Helper'!J63)+((Assumptions!C7/'Sens-Helper'!N63)+(Assumptions!C25+'Sens-Helper'!H63)+Assumptions!C23+Assumptions!C22+Assumptions!C21+Assumptions!C20))+Assumptions!C26),((Assumptions!C60-Assumptions!C43)/(((Assumptions!C16+Assumptions!C17+Assumptions!C18+Assumptions!C19)+'Sens-Helper'!I63+'Sens-Helper'!J63)+((Assumptions!C7/'Sens-Helper'!N63)+(Assumptions!C25+'Sens-Helper'!H63)+Assumptions!C23+Assumptions!C22+Assumptions!C21+Assumptions!C20)))) -> 11507141
B23: =Assumptions!C66 -> 0.13 | D23: =(Assumptions!C11/'Sens-Helper'!N83)*IF(((Assumptions!C60-Assumptions!C43)/(((Assumptions!C16+Assumptions!C17+Assumptions!C18+Assumptions!C19)+'Sens-Helper'!I83+'Sens-Helper'!J83)+((Assumptions!C7/'Sens-Helper'!N83)+(Assumptions!C25+'Sens-Helper'!H83)+Assumptions!C23+Assumptions!C22+Assumptions!C21+Assumptions!C20)))>Assumptions!C13,((Assumptions!C60-Assumptions!C43)+Assumptions!C26*Assumptions!C13)/((((Assumptions!C16+Assumptions!C17+Assumptions!C18+Assumptions!C19)+'Sens-Helper'!I83+'Sens-Helper'!J83)+((Assumptions!C7/'Sens-Helper'!N83)+(Assumptions!C25+'Sens-Helper'!H83)+Assumptions!C23+Assumptions!C22+Assumptions!C21+Assumptions!C20))+Assumptions!C26),((Assumptions!C60-Assumptions!C43)/(((Assumptions!C16+Assumptions!C17+Assumptions!C18+Assumptions!C19)+'Sens-Helper'!I83+'Sens-Helper'!J83)+((Assumptions!C7/'Sens-Helper'!N83)+(Assumptions!C25+'Sens-Helper'!H83)+Assumptions!C23+Assumptions!C22+Assumptions!C21+Assumptions!C20)))) -> 17384971 | E23: =(Assumptions!C11/'Sens-Helper'!N103)*IF(((Assumptions!C60-Assumptions!C43)/(((Assumptions!C16+Assumptions!C17+Assumptions!C18+Assumptions!C19)+'Sens-Helper'!I103+'Sens-Helper'!J103)+((Assumptions!C7/'Sens-Helper'!N103)+(Assumptions!C25+'Sens-Helper'!H103)+Assumptions!C23+Assumptions!C22+Assumptions!C21+Assumptions!C20)))>Assumptions!C13,((Assumptions!C60-Assumptions!C43)+Assumptions!C26*Assumptions!C13)/((((Assumptions!C16+Assumptions!C17+Assumptions!C18+Assumptions!C19)+'Sens-Helper'!I103+'Sens-Helper'!J103)+((Assumptions!C7/'Sens-Helper'!N103)+(Assumptions!C25+'Sens-Helper'!H103)+Assumptions!C23+Assumptions!C22+Assumptions!C21+Assumptions!C20))+Assumptions!C26),((Assumptions!C60-Assumptions!C43)/(((Assumptions!C16+Assumptions!C17+Assumptions!C18+Assumptions!C19)+'Sens-Helper'!I103+'Sens-Helper'!J103)+((Assumptions!C7/'Sens-Helper'!N103)+(Assumptions!C25+'Sens-Helper'!H103)+Assumptions!C23+Assumptions!C22+Assumptions!C21+Assumptions!C20)))) -> 14948858 | F23: =(Assumptions!C11/'Sens-Helper'!N123)*IF(((Assumptions!C60-Assumptions!C43)/(((Assumptions!C16+Assumptions!C17+Assumptions!C18+Assumptions!C19)+'Sens-Helper'!I123+'Sens-Helper'!J123)+((Assumptions!C7/'Sens-Helper'!N123)+(Assumptions!C25+'Sens-Helper'!H123)+Assumptions!C23+Assumptions!C22+Assumptions!C21+Assumptions!C20)))>Assumptions!C13,((Assumptions!C60-Assumptions!C43)+Assumptions!C26*Assumptions!C13)/((((Assumptions!C16+Assumptions!C17+Assumptions!C18+Assumptions!C19)+'Sens-Helper'!I123+'Sens-Helper'!J123)+((Assumptions!C7/'Sens-Helper'!N123)+(Assumptions!C25+'Sens-Helper'!H123)+Assumptions!C23+Assumptions!C22+Assumptions!C21+Assumptions!C20))+Assumptions!C26),((Assumptions!C60-Assumptions!C43)/(((Assumptions!C16+Assumptions!C17+Assumptions!C18+Assumptions!C19)+'Sens-Helper'!I123+'Sens-Helper'!J123)+((Assumptions!C7/'Sens-Helper'!N123)+(Assumptions!C25+'Sens-Helper'!H123)+Assumptions!C23+Assumptions!C22+Assumptions!C21+Assumptions!C20)))) -> 11676568
B24: =Assumptions!C67 -> 0.15 | D24: =(Assumptions!C11/'Sens-Helper'!N143)*IF(((Assumptions!C60-Assumptions!C43)/(((Assumptions!C16+Assumptions!C17+Assumptions!C18+Assumptions!C19)+'Sens-Helper'!I143+'Sens-Helper'!J143)+((Assumptions!C7/'Sens-Helper'!N143)+(Assumptions!C25+'Sens-Helper'!H143)+Assumptions!C23+Assumptions!C22+Assumptions!C21+Assumptions!C20)))>Assumptions!C13,((Assumptions!C60-Assumptions!C43)+Assumptions!C26*Assumptions!C13)/((((Assumptions!C16+Assumptions!C17+Assumptions!C18+Assumptions!C19)+'Sens-Helper'!I143+'Sens-Helper'!J143)+((Assumptions!C7/'Sens-Helper'!N143)+(Assumptions!C25+'Sens-Helper'!H143)+Assumptions!C23+Assumptions!C22+Assumptions!C21+Assumptions!C20))+Assumptions!C26),((Assumptions!C60-Assumptions!C43)/(((Assumptions!C16+Assumptions!C17+Assumptions!C18+Assumptions!C19)+'Sens-Helper'!I143+'Sens-Helper'!J143)+((Assumptions!C7/'Sens-Helper'!N143)+(Assumptions!C25+'Sens-Helper'!H143)+Assumptions!C23+Assumptions!C22+Assumptions!C21+Assumptions!C20)))) -> 17795002 | E24: =(Assumptions!C11/'Sens-Helper'!N163)*IF(((Assumptions!C60-Assumptions!C43)/(((Assumptions!C16+Assumptions!C17+Assumptions!C18+Assumptions!C19)+'Sens-Helper'!I163+'Sens-Helper'!J163)+((Assumptions!C7/'Sens-Helper'!N163)+(Assumptions!C25+'Sens-Helper'!H163)+Assumptions!C23+Assumptions!C22+Assumptions!C21+Assumptions!C20)))>Assumptions!C13,((Assumptions!C60-Assumptions!C43)+Assumptions!C26*Assumptions!C13)/((((Assumptions!C16+Assumptions!C17+Assumptions!C18+Assumptions!C19)+'Sens-Helper'!I163+'Sens-Helper'!J163)+((Assumptions!C7/'Sens-Helper'!N163)+(Assumptions!C25+'Sens-Helper'!H163)+Assumptions!C23+Assumptions!C22+Assumptions!C21+Assumptions!C20))+Assumptions!C26),((Assumptions!C60-Assumptions!C43)/(((Assumptions!C16+Assumptions!C17+Assumptions!C18+Assumptions!C19)+'Sens-Helper'!I163+'Sens-Helper'!J163)+((Assumptions!C7/'Sens-Helper'!N163)+(Assumptions!C25+'Sens-Helper'!H163)+Assumptions!C23+Assumptions!C22+Assumptions!C21+Assumptions!C20)))) -> 15301320 | F24: =(Assumptions!C11/'Sens-Helper'!N183)*IF(((Assumptions!C60-Assumptions!C43)/(((Assumptions!C16+Assumptions!C17+Assumptions!C18+Assumptions!C19)+'Sens-Helper'!I183+'Sens-Helper'!J183)+((Assumptions!C7/'Sens-Helper'!N183)+(Assumptions!C25+'Sens-Helper'!H183)+Assumptions!C23+Assumptions!C22+Assumptions!C21+Assumptions!C20)))>Assumptions!C13,((Assumptions!C60-Assumptions!C43)+Assumptions!C26*Assumptions!C13)/((((Assumptions!C16+Assumptions!C17+Assumptions!C18+Assumptions!C19)+'Sens-Helper'!I183+'Sens-Helper'!J183)+((Assumptions!C7/'Sens-Helper'!N183)+(Assumptions!C25+'Sens-Helper'!H183)+Assumptions!C23+Assumptions!C22+Assumptions!C21+Assumptions!C20))+Assumptions!C26),((Assumptions!C60-Assumptions!C43)/(((Assumptions!C16+Assumptions!C17+Assumptions!C18+Assumptions!C19)+'Sens-Helper'!I183+'Sens-Helper'!J183)+((Assumptions!C7/'Sens-Helper'!N183)+(Assumptions!C25+'Sens-Helper'!H183)+Assumptions!C23+Assumptions!C22+Assumptions!C21+Assumptions!C20)))) -> 11951762
B27: Each cell uses Sens-Helper scenarios 1-9 for F PPS, AD, notes, ESOP fixed point.
B28: At $2B exit: F=convert, E=convert, D=preference, C=convert, B=convert, A=convert, Seed=convert.

Sheet Solver
B2: Fixed-Point Solver — Base Case | G2: Fixed-Point Solver (F_PPS)
B3: Iterative refinement of F PPS, AD, notes, ESOP | G3: iter | H3: F_PPS | I3: NCP_D | J3: NCP_E | K3: AD_D | L3: AD_E | M3: n_A | N3: n_B | O3: ESOP_top | P3: FD_pre | Q3: T_F | R3: F_PPS_new
G4: 0 | H4: =Assumptions!C6/Assumptions!C28 -> 38.232604 | I4: =IF(H4<Assumptions!C35,Assumptions!C35*(Assumptions!C28+Assumptions!C7/Assumptions!C35)/(Assumptions!C28+Assumptions!C7/H4),Assumptions!C35) -> 57.701164 | J4: =IF(H4<Assumptions!C36,Assumptions!C36*(Assumptions!C28+Assumptions!C7/Assumptions!C36)/(Assumptions!C28+Assumptions!C7/H4),Assumptions!C36) -> 48.9291 | K4: =Assumptions!C24*(Assumptions!C35/I4-1) -> 12440.253 | L4: =Assumptions!C25*(Assumptions!C36/J4-1) -> 28588.226 | M4: =Assumptions!C48/MIN((Assumptions!C49/(Assumptions!C28+0+K4+L4+0)),(H4*(1-Assumptions!C50))) -> 183294.95 | N4: =Assumptions!C51/MIN((Assumptions!C52/(Assumptions!C28+0+K4+L4+M4)),(H4*(1-Assumptions!C53))) -> 92314.187 | O4: =MAX(0,(Assumptions!C10*(Assumptions!C28+K4+L4+M4+N4+Assumptions!C7/H4)-Assumptions!C55)/(1-Assumptions!C10)) -> 584871.26 | P4: =Assumptions!C28+O4+K4+L4+M4+N4 -> 37519470 | Q4: =P4+Assumptions!C7/H4 -> 38304140 | R4: =Assumptions!C6/P4 -> 37.31396
G5: 1 | H5: =R4 -> 37.31396 | I5: =IF(H5<Assumptions!C35,Assumptions!C35*(Assumptions!C28+Assumptions!C7/Assumptions!C35)/(Assumptions!C28+Assumptions!C7/H5),Assumptions!C35) -> 57.671377 | J5: =IF(H5<Assumptions!C36,Assumptions!C36*(Assumptions!C28+Assumptions!C7/Assumptions!C36)/(Assumptions!C28+Assumptions!C7/H5),Assumptions!C36) -> 48.903842 | K5: =Assumptions!C24*(Assumptions!C35/I5-1) -> 13335.363 | L5: =Assumptions!C25*(Assumptions!C36/J5-1) -> 31754.952 | M5: =Assumptions!C48/MIN((Assumptions!C49/(Assumptions!C28+O4+K5+L5+N4)),(H5*(1-Assumptions!C50))) -> 186701.18 | N5: =Assumptions!C51/MIN((Assumptions!C52/(Assumptions!C28+O4+K5+L5+M5)),(H5*(1-Assumptions!C53))) -> 94586.899 | O5: =MAX(0,(Assumptions!C10*(Assumptions!C28+K5+L5+M5+N5+Assumptions!C7/H5)-Assumptions!C55)/(1-Assumptions!C10)) -> 589213.38 | P5: =Assumptions!C28+O5+K5+L5+M5+N5 -> 37533553 | Q5: =P5+Assumptions!C7/H5 -> 38337541 | R5: =Assumptions!C6/P5 -> 37.29996
G6: 2 | H6: =R5 -> 37.29996 | I6: =IF(H6<Assumptions!C35,Assumptions!C35*(Assumptions!C28+Assumptions!C7/Assumptions!C35)/(Assumptions!C28+Assumptions!C7/H6),Assumptions!C35) -> 57.670912 | J6: =IF(H6<Assumptions!C36,Assumptions!C36*(Assumptions!C28+Assumptions!C7/Assumptions!C36)/(Assumptions!C28+Assumptions!C7/H6),Assumptions!C36) -> 48.903448 | K6: =Assumptions!C24*(Assumptions!C35/I6-1) -> 13349.346 | L6: =Assumptions!C25*(Assumptions!C36/J6-1) -> 31804.421 | M6: =Assumptions!C48/MIN((Assumptions!C49/(Assumptions!C28+O5+K6+L6+N5)),(H6*(1-Assumptions!C50))) -> 186734.58 | N6: =Assumptions!C51/MIN((Assumptions!C52/(Assumptions!C28+O5+K6+L6+M6)),(H6*(1-Assumptions!C53))) -> 94622.402 | O6: =MAX(0,(Assumptions!C10*(Assumptions!C28+K6+L6+M6+N6+Assumptions!C7/H6)-Assumptions!C55)/(1-Assumptions!C10)) -> 589278.25 | P6: =Assumptions!C28+O6+K6+L6+M6+N6 -> 37533750 | Q6: =P6+Assumptions!C7/H6 -> 38338040 | R6: =Assumptions!C6/P6 -> 37.299764
G7: 3 | H7: =R6 -> 37.299764 | I7: =IF(H7<Assumptions!C35,Assumptions!C35*(Assumptions!C28+Assumptions!C7/Assumptions!C35)/(Assumptions!C28+Assumptions!C7/H7),Assumptions!C35) -> 57.670905 | J7: =IF(H7<Assumptions!C36,Assumptions!C36*(Assumptions!C28+Assumptions!C7/Assumptions!C36)/(Assumptions!C28+Assumptions!C7/H7),Assumptions!C36) -> 48.903442 | K7: =Assumptions!C24*(Assumptions!C35/I7-1) -> 13349.542 | L7: =Assumptions!C25*(Assumptions!C36/J7-1) -> 31805.114 | M7: =Assumptions!C48/MIN((Assumptions!C49/(Assumptions!C28+O6+K7+L7+N6)),(H7*(1-Assumptions!C50))) -> 186735.08 | N7: =Assumptions!C51/MIN((Assumptions!C52/(Assumptions!C28+O6+K7+L7+M7)),(H7*(1-Assumptions!C53))) -> 94622.899 | O7: =MAX(0,(Assumptions!C10*(Assumptions!C28+K7+L7+M7+N7+Assumptions!C7/H7)-Assumptions!C55)/(1-Assumptions!C10)) -> 589279.17 | P7: =Assumptions!C28+O7+K7+L7+M7+N7 -> 37533753 | Q7: =P7+Assumptions!C7/H7 -> 38338047 | R7: =Assumptions!C6/P7 -> 37.299761
G8: 4 | H8: =R7 -> 37.299761 | I8: =IF(H8<Assumptions!C35,Assumptions!C35*(Assumptions!C28+Assumptions!C7/Assumptions!C35)/(Assumptions!C28+Assumptions!C7/H8),Assumptions!C35) -> 57.670905 | J8: =IF(H8<Assumptions!C36,Assumptions!C36*(Assumptions!C28+Assumptions!C7/Assumptions!C36)/(Assumptions!C28+Assumptions!C7/H8),Assumptions!C36) -> 48.903442 | K8: =Assumptions!C24*(Assumptions!C35/I8-1) -> 13349.544 | L8: =Assumptions!C25*(Assumptions!C36/J8-1) -> 31805.124 | M8: =Assumptions!C48/MIN((Assumptions!C49/(Assumptions!C28+O7+K8+L8+N7)),(H8*(1-Assumptions!C50))) -> 186735.09 | N8: =Assumptions!C51/MIN((Assumptions!C52/(Assumptions!C28+O7+K8+L8+M8)),(H8*(1-Assumptions!C53))) -> 94622.906 | O8: =MAX(0,(Assumptions!C10*(Assumptions!C28+K8+L8+M8+N8+Assumptions!C7/H8)-Assumptions!C55)/(1-Assumptions!C10)) -> 589279.18 | P8: =Assumptions!C28+O8+K8+L8+M8+N8 -> 37533753 | Q8: =P8+Assumptions!C7/H8 -> 38338048 | R8: =Assumptions!C6/P8 -> 37.299761
G9: 5 | H9: =R8 -> 37.299761 | I9: =IF(H9<Assumptions!C35,Assumptions!C35*(Assumptions!C28+Assumptions!C7/Assumptions!C35)/(Assumptions!C28+Assumptions!C7/H9),Assumptions!C35) -> 57.670905 | J9: =IF(H9<Assumptions!C36,Assumptions!C36*(Assumptions!C28+Assumptions!C7/Assumptions!C36)/(Assumptions!C28+Assumptions!C7/H9),Assumptions!C36) -> 48.903442 | K9: =Assumptions!C24*(Assumptions!C35/I9-1) -> 13349.544 | L9: =Assumptions!C25*(Assumptions!C36/J9-1) -> 31805.124 | M9: =Assumptions!C48/MIN((Assumptions!C49/(Assumptions!C28+O8+K9+L9+N8)),(H9*(1-Assumptions!C50))) -> 186735.09 | N9: =Assumptions!C51/MIN((Assumptions!C52/(Assumptions!C28+O8+K9+L9+M9)),(H9*(1-Assumptions!C53))) -> 94622.906 | O9: =MAX(0,(Assumptions!C10*(Assumptions!C28+K9+L9+M9+N9+Assumptions!C7/H9)-Assumptions!C55)/(1-Assumptions!C10)) -> 589279.18 | P9: =Assumptions!C28+O9+K9+L9+M9+N9 -> 37533753 | Q9: =P9+Assumptions!C7/H9 -> 38338048 | R9: =Assumptions!C6/P9 -> 37.299761
G10: 6 | H10: =R9 -> 37.299761 | I10: =IF(H10<Assumptions!C35,Assumptions!C35*(Assumptions!C28+Assumptions!C7/Assumptions!C35)/(Assumptions!C28+Assumptions!C7/H10),Assumptions!C35) -> 57.670905 | J10: =IF(H10<Assumptions!C36,Assumptions!C36*(Assumptions!C28+Assumptions!C7/Assumptions!C36)/(Assumptions!C28+Assumptions!C7/H10),Assumptions!C36) -> 48.903442 | K10: =Assumptions!C24*(Assumptions!C35/I10-1) -> 13349.544 | L10: =Assumptions!C25*(Assumptions!C36/J10-1) -> 31805.124 | M10: =Assumptions!C48/MIN((Assumptions!C49/(Assumptions!C28+O9+K10+L10+N9)),(H10*(1-Assumptions!C50))) -> 186735.09 | N10: =Assumptions!C51/MIN((Assumptions!C52/(Assumptions!C28+O9+K10+L10+M10)),(H10*(1-Assumptions!C53))) -> 94622.906 | O10: =MAX(0,(Assumptions!C10*(Assumptions!C28+K10+L10+M10+N10+Assumptions!C7/H10)-Assumptions!C55)/(1-Assumptions!C10)) -> 589279.18 | P10: =Assumptions!C28+O10+K10+L10+M10+N10 -> 37533753 | Q10: =P10+Assumptions!C7/H10 -> 38338048 | R10: =Assumptions!C6/P10 -> 37.299761
G11: 7 | H11: =R10 -> 37.299761 | I11: =IF(H11<Assumptions!C35,Assumptions!C35*(Assumptions!C28+Assumptions!C7/Assumptions!C35)/(Assumptions!C28+Assumptions!C7/H11),Assumptions!C35) -> 57.670905 | J11: =IF(H11<Assumptions!C36,Assumptions!C36*(Assumptions!C28+Assumptions!C7/Assumptions!C36)/(Assumptions!C28+Assumptions!C7/H11),Assumptions!C36) -> 48.903442 | K11: =Assumptions!C24*(Assumptions!C35/I11-1) -> 13349.544 | L11: =Assumptions!C25*(Assumptions!C36/J11-1) -> 31805.124 | M11: =Assumptions!C48/MIN((Assumptions!C49/(Assumptions!C28+O10+K11+L11+N10)),(H11*(1-Assumptions!C50))) -> 186735.09 | N11: =Assumptions!C51/MIN((Assumptions!C52/(Assumptions!C28+O10+K11+L11+M11)),(H11*(1-Assumptions!C53))) -> 94622.906 | O11: =MAX(0,(Assumptions!C10*(Assumptions!C28+K11+L11+M11+N11+Assumptions!C7/H11)-Assumptions!C55)/(1-Assumptions!C10)) -> 589279.18 | P11: =Assumptions!C28+O11+K11+L11+M11+N11 -> 37533753 | Q11: =P11+Assumptions!C7/H11 -> 38338048 | R11: =Assumptions!C6/P11 -> 37.299761
G12: 8 | H12: =R11 -> 37.299761 | I12: =IF(H12<Assumptions!C35,Assumptions!C35*(Assumptions!C28+Assumptions!C7/Assumptions!C35)/(Assumptions!C28+Assumptions!C7/H12),Assumptions!C35) -> 57.670905 | J12: =IF(H12<Assumptions!C36,Assumptions!C36*(Assumptions!C28+Assumptions!C7/Assumptions!C36)/(Assumptions!C28+Assumptions!C7/H12),Assumptions!C36) -> 48.903442 | K12: =Assumptions!C24*(Assumptions!C35/I12-1) -> 13349.544 | L12: =Assumptions!C25*(Assumptions!C36/J12-1) -> 31805.124 | M12: =Assumptions!C48/MIN((Assumptions!C49/(Assumptions!C28+O11+K12+L12+N11)),(H12*(1-Assumptions!C50))) -> 186735.09 | N12: =Assumptions!C51/MIN((Assumptions!C52/(Assumptions!C28+O11+K12+L12+M12)),(H12*(1-Assumptions!C53))) -> 94622.906 | O12: =MAX(0,(Assumptions!C10*(Assumptions!C28+K12+L12+M12+N12+Assumptions!C7/H12)-Assumptions!C55)/(1-Assumptions!C10)) -> 589279.18 | P12: =Assumptions!C28+O12+K12+L12+M12+N12 -> 37533753 | Q12: =P12+Assumptions!C7/H12 -> 38338048 | R12: =Assumptions!C6/P12 -> 37.299761
G13: 9 | H13: =R12 -> 37.299761 | I13: =IF(H13<Assumptions!C35,Assumptions!C35*(Assumptions!C28+Assumptions!C7/Assumptions!C35)/(Assumptions!C28+Assumptions!C7/H13),Assumptions!C35) -> 57.670905 | J13: =IF(H13<Assumptions!C36,Assumptions!C36*(Assumptions!C28+Assumptions!C7/Assumptions!C36)/(Assumptions!C28+Assumptions!C7/H13),Assumptions!C36) -> 48.903442 | K13: =Assumptions!C24*(Assumptions!C35/I13-1) -> 13349.544 | L13: =Assumptions!C25*(Assumptions!C36/J13-1) -> 31805.124 | M13: =Assumptions!C48/MIN((Assumptions!C49/(Assumptions!C28+O12+K13+L13+N12)),(H13*(1-Assumptions!C50))) -> 186735.09 | N13: =Assumptions!C51/MIN((Assumptions!C52/(Assumptions!C28+O12+K13+L13+M13)),(H13*(1-Assumptions!C53))) -> 94622.906 | O13: =MAX(0,(Assumptions!C10*(Assumptions!C28+K13+L13+M13+N13+Assumptions!C7/H13)-Assumptions!C55)/(1-Assumptions!C10)) -> 589279.18 | P13: =Assumptions!C28+O13+K13+L13+M13+N13 -> 37533753 | Q13: =P13+Assumptions!C7/H13 -> 38338048 | R13: =Assumptions!C6/P13 -> 37.299761
G14: 10 | H14: =R13 -> 37.299761 | I14: =IF(H14<Assumptions!C35,Assumptions!C35*(Assumptions!C28+Assumptions!C7/Assumptions!C35)/(Assumptions!C28+Assumptions!C7/H14),Assumptions!C35) -> 57.670905 | J14: =IF(H14<Assumptions!C36,Assumptions!C36*(Assumptions!C28+Assumptions!C7/Assumptions!C36)/(Assumptions!C28+Assumptions!C7/H14),Assumptions!C36) -> 48.903442 | K14: =Assumptions!C24*(Assumptions!C35/I14-1) -> 13349.544 | L14: =Assumptions!C25*(Assumptions!C36/J14-1) -> 31805.124 | M14: =Assumptions!C48/MIN((Assumptions!C49/(Assumptions!C28+O13+K14+L14+N13)),(H14*(1-Assumptions!C50))) -> 186735.09 | N14: =Assumptions!C51/MIN((Assumptions!C52/(Assumptions!C28+O13+K14+L14+M14)),(H14*(1-Assumptions!C53))) -> 94622.906 | O14: =MAX(0,(Assumptions!C10*(Assumptions!C28+K14+L14+M14+N14+Assumptions!C7/H14)-Assumptions!C55)/(1-Assumptions!C10)) -> 589279.18 | P14: =Assumptions!C28+O14+K14+L14+M14+N14 -> 37533753 | Q14: =P14+Assumptions!C7/H14 -> 38338048 | R14: =Assumptions!C6/P14 -> 37.299761
G15: 11 | H15: =R14 -> 37.299761 | I15: =IF(H15<Assumptions!C35,Assumptions!C35*(Assumptions!C28+Assumptions!C7/Assumptions!C35)/(Assumptions!C28+Assumptions!C7/H15),Assumptions!C35) -> 57.670905 | J15: =IF(H15<Assumptions!C36,Assumptions!C36*(Assumptions!C28+Assumptions!C7/Assumptions!C36)/(Assumptions!C28+Assumptions!C7/H15),Assumptions!C36) -> 48.903442 | K15: =Assumptions!C24*(Assumptions!C35/I15-1) -> 13349.544 | L15: =Assumptions!C25*(Assumptions!C36/J15-1) -> 31805.124 | M15: =Assumptions!C48/MIN((Assumptions!C49/(Assumptions!C28+O14+K15+L15+N14)),(H15*(1-Assumptions!C50))) -> 186735.09 | N15: =Assumptions!C51/MIN((Assumptions!C52/(Assumptions!C28+O14+K15+L15+M15)),(H15*(1-Assumptions!C53))) -> 94622.906 | O15: =MAX(0,(Assumptions!C10*(Assumptions!C28+K15+L15+M15+N15+Assumptions!C7/H15)-Assumptions!C55)/(1-Assumptions!C10)) -> 589279.18 | P15: =Assumptions!C28+O15+K15+L15+M15+N15 -> 37533753 | Q15: =P15+Assumptions!C7/H15 -> 38338048 | R15: =Assumptions!C6/P15 -> 37.299761
G16: 12 | H16: =R15 -> 37.299761 | I16: =IF(H16<Assumptions!C35,Assumptions!C35*(Assumptions!C28+Assumptions!C7/Assumptions!C35)/(Assumptions!C28+Assumptions!C7/H16),Assumptions!C35) -> 57.670905 | J16: =IF(H16<Assumptions!C36,Assumptions!C36*(Assumptions!C28+Assumptions!C7/Assumptions!C36)/(Assumptions!C28+Assumptions!C7/H16),Assumptions!C36) -> 48.903442 | K16: =Assumptions!C24*(Assumptions!C35/I16-1) -> 13349.544 | L16: =Assumptions!C25*(Assumptions!C36/J16-1) -> 31805.124 | M16: =Assumptions!C48/MIN((Assumptions!C49/(Assumptions!C28+O15+K16+L16+N15)),(H16*(1-Assumptions!C50))) -> 186735.09 | N16: =Assumptions!C51/MIN((Assumptions!C52/(Assumptions!C28+O15+K16+L16+M16)),(H16*(1-Assumptions!C53))) -> 94622.906 | O16: =MAX(0,(Assumptions!C10*(Assumptions!C28+K16+L16+M16+N16+Assumptions!C7/H16)-Assumptions!C55)/(1-Assumptions!C10)) -> 589279.18 | P16: =Assumptions!C28+O16+K16+L16+M16+N16 -> 37533753 | Q16: =P16+Assumptions!C7/H16 -> 38338048 | R16: =Assumptions!C6/P16 -> 37.299761
G17: 13 | H17: =R16 -> 37.299761 | I17: =IF(H17<Assumptions!C35,Assumptions!C35*(Assumptions!C28+Assumptions!C7/Assumptions!C35)/(Assumptions!C28+Assumptions!C7/H17),Assumptions!C35) -> 57.670905 | J17: =IF(H17<Assumptions!C36,Assumptions!C36*(Assumptions!C28+Assumptions!C7/Assumptions!C36)/(Assumptions!C28+Assumptions!C7/H17),Assumptions!C36) -> 48.903442 | K17: =Assumptions!C24*(Assumptions!C35/I17-1) -> 13349.544 | L17: =Assumptions!C25*(Assumptions!C36/J17-1) -> 31805.124 | M17: =Assumptions!C48/MIN((Assumptions!C49/(Assumptions!C28+O16+K17+L17+N16)),(H17*(1-Assumptions!C50))) -> 186735.09 | N17: =Assumptions!C51/MIN((Assumptions!C52/(Assumptions!C28+O16+K17+L17+M17)),(H17*(1-Assumptions!C53))) -> 94622.906 | O17: =MAX(0,(Assumptions!C10*(Assumptions!C28+K17+L17+M17+N17+Assumptions!C7/H17)-Assumptions!C55)/(1-Assumptions!C10)) -> 589279.18 | P17: =Assumptions!C28+O17+K17+L17+M17+N17 -> 37533753 | Q17: =P17+Assumptions!C7/H17 -> 38338048 | R17: =Assumptions!C6/P17 -> 37.299761
G18: 14 | H18: =R17 -> 37.299761 | I18: =IF(H18<Assumptions!C35,Assumptions!C35*(Assumptions!C28+Assumptions!C7/Assumptions!C35)/(Assumptions!C28+Assumptions!C7/H18),Assumptions!C35) -> 57.670905 | J18: =IF(H18<Assumptions!C36,Assumptions!C36*(Assumptions!C28+Assumptions!C7/Assumptions!C36)/(Assumptions!C28+Assumptions!C7/H18),Assumptions!C36) -> 48.903442 | K18: =Assumptions!C24*(Assumptions!C35/I18-1) -> 13349.544 | L18: =Assumptions!C25*(Assumptions!C36/J18-1) -> 31805.124 | M18: =Assumptions!C48/MIN((Assumptions!C49/(Assumptions!C28+O17+K18+L18+N17)),(H18*(1-Assumptions!C50))) -> 186735.09 | N18: =Assumptions!C51/MIN((Assumptions!C52/(Assumptions!C28+O17+K18+L18+M18)),(H18*(1-Assumptions!C53))) -> 94622.906 | O18: =MAX(0,(Assumptions!C10*(Assumptions!C28+K18+L18+M18+N18+Assumptions!C7/H18)-Assumptions!C55)/(1-Assumptions!C10)) -> 589279.18 | P18: =Assumptions!C28+O18+K18+L18+M18+N18 -> 37533753 | Q18: =P18+Assumptions!C7/H18 -> 38338048 | R18: =Assumptions!C6/P18 -> 37.299761
G19: 15 | H19: =R18 -> 37.299761 | I19: =IF(H19<Assumptions!C35,Assumptions!C35*(Assumptions!C28+Assumptions!C7/Assumptions!C35)/(Assumptions!C28+Assumptions!C7/H19),Assumptions!C35) -> 57.670905 | J19: =IF(H19<Assumptions!C36,Assumptions!C36*(Assumptions!C28+Assumptions!C7/Assumptions!C36)/(Assumptions!C28+Assumptions!C7/H19),Assumptions!C36) -> 48.903442 | K19: =Assumptions!C24*(Assumptions!C35/I19-1) -> 13349.544 | L19: =Assumptions!C25*(Assumptions!C36/J19-1) -> 31805.124 | M19: =Assumptions!C48/MIN((Assumptions!C49/(Assumptions!C28+O18+K19+L19+N18)),(H19*(1-Assumptions!C50))) -> 186735.09 | N19: =Assumptions!C51/MIN((Assumptions!C52/(Assumptions!C28+O18+K19+L19+M19)),(H19*(1-Assumptions!C53))) -> 94622.906 | O19: =MAX(0,(Assumptions!C10*(Assumptions!C28+K19+L19+M19+N19+Assumptions!C7/H19)-Assumptions!C55)/(1-Assumptions!C10)) -> 589279.18 | P19: =Assumptions!C28+O19+K19+L19+M19+N19 -> 37533753 | Q19: =P19+Assumptions!C7/H19 -> 38338048 | R19: =Assumptions!C6/P19 -> 37.299761
G20: 16 | H20: =R19 -> 37.299761 | I20: =IF(H20<Assumptions!C35,Assumptions!C35*(Assumptions!C28+Assumptions!C7/Assumptions!C35)/(Assumptions!C28+Assumptions!C7/H20),Assumptions!C35) -> 57.670905 | J20: =IF(H20<Assumptions!C36,Assumptions!C36*(Assumptions!C28+Assumptions!C7/Assumptions!C36)/(Assumptions!C28+Assumptions!C7/H20),Assumptions!C36) -> 48.903442 | K20: =Assumptions!C24*(Assumptions!C35/I20-1) -> 13349.544 | L20: =Assumptions!C25*(Assumptions!C36/J20-1) -> 31805.124 | M20: =Assumptions!C48/MIN((Assumptions!C49/(Assumptions!C28+O19+K20+L20+N19)),(H20*(1-Assumptions!C50))) -> 186735.09 | N20: =Assumptions!C51/MIN((Assumptions!C52/(Assumptions!C28+O19+K20+L20+M20)),(H20*(1-Assumptions!C53))) -> 94622.906 | O20: =MAX(0,(Assumptions!C10*(Assumptions!C28+K20+L20+M20+N20+Assumptions!C7/H20)-Assumptions!C55)/(1-Assumptions!C10)) -> 589279.18 | P20: =Assumptions!C28+O20+K20+L20+M20+N20 -> 37533753 | Q20: =P20+Assumptions!C7/H20 -> 38338048 | R20: =Assumptions!C6/P20 -> 37.299761
G21: 17 | H21: =R20 -> 37.299761 | I21: =IF(H21<Assumptions!C35,Assumptions!C35*(Assumptions!C28+Assumptions!C7/Assumptions!C35)/(Assumptions!C28+Assumptions!C7/H21),Assumptions!C35) -> 57.670905 | J21: =IF(H21<Assumptions!C36,Assumptions!C36*(Assumptions!C28+Assumptions!C7/Assumptions!C36)/(Assumptions!C28+Assumptions!C7/H21),Assumptions!C36) -> 48.903442 | K21: =Assumptions!C24*(Assumptions!C35/I21-1) -> 13349.544 | L21: =Assumptions!C25*(Assumptions!C36/J21-1) -> 31805.124 | M21: =Assumptions!C48/MIN((Assumptions!C49/(Assumptions!C28+O20+K21+L21+N20)),(H21*(1-Assumptions!C50))) -> 186735.09 | N21: =Assumptions!C51/MIN((Assumptions!C52/(Assumptions!C28+O20+K21+L21+M21)),(H21*(1-Assumptions!C53))) -> 94622.906 | O21: =MAX(0,(Assumptions!C10*(Assumptions!C28+K21+L21+M21+N21+Assumptions!C7/H21)-Assumptions!C55)/(1-Assumptions!C10)) -> 589279.18 | P21: =Assumptions!C28+O21+K21+L21+M21+N21 -> 37533753 | Q21: =P21+Assumptions!C7/H21 -> 38338048 | R21: =Assumptions!C6/P21 -> 37.299761
G22: 18 | H22: =R21 -> 37.299761 | I22: =IF(H22<Assumptions!C35,Assumptions!C35*(Assumptions!C28+Assumptions!C7/Assumptions!C35)/(Assumptions!C28+Assumptions!C7/H22),Assumptions!C35) -> 57.670905 | J22: =IF(H22<Assumptions!C36,Assumptions!C36*(Assumptions!C28+Assumptions!C7/Assumptions!C36)/(Assumptions!C28+Assumptions!C7/H22),Assumptions!C36) -> 48.903442 | K22: =Assumptions!C24*(Assumptions!C35/I22-1) -> 13349.544 | L22: =Assumptions!C25*(Assumptions!C36/J22-1) -> 31805.124 | M22: =Assumptions!C48/MIN((Assumptions!C49/(Assumptions!C28+O21+K22+L22+N21)),(H22*(1-Assumptions!C50))) -> 186735.09 | N22: =Assumptions!C51/MIN((Assumptions!C52/(Assumptions!C28+O21+K22+L22+M22)),(H22*(1-Assumptions!C53))) -> 94622.906 | O22: =MAX(0,(Assumptions!C10*(Assumptions!C28+K22+L22+M22+N22+Assumptions!C7/H22)-Assumptions!C55)/(1-Assumptions!C10)) -> 589279.18 | P22: =Assumptions!C28+O22+K22+L22+M22+N22 -> 37533753 | Q22: =P22+Assumptions!C7/H22 -> 38338048 | R22: =Assumptions!C6/P22 -> 37.299761
G23: 19 | H23: =R22 -> 37.299761 | I23: =IF(H23<Assumptions!C35,Assumptions!C35*(Assumptions!C28+Assumptions!C7/Assumptions!C35)/(Assumptions!C28+Assumptions!C7/H23),Assumptions!C35) -> 57.670905 | J23: =IF(H23<Assumptions!C36,Assumptions!C36*(Assumptions!C28+Assumptions!C7/Assumptions!C36)/(Assumptions!C28+Assumptions!C7/H23),Assumptions!C36) -> 48.903442 | K23: =Assumptions!C24*(Assumptions!C35/I23-1) -> 13349.544 | L23: =Assumptions!C25*(Assumptions!C36/J23-1) -> 31805.124 | M23: =Assumptions!C48/MIN((Assumptions!C49/(Assumptions!C28+O22+K23+L23+N22)),(H23*(1-Assumptions!C50))) -> 186735.09 | N23: =Assumptions!C51/MIN((Assumptions!C52/(Assumptions!C28+O22+K23+L23+M23)),(H23*(1-Assumptions!C53))) -> 94622.906 | O23: =MAX(0,(Assumptions!C10*(Assumptions!C28+K23+L23+M23+N23+Assumptions!C7/H23)-Assumptions!C55)/(1-Assumptions!C10)) -> 589279.18 | P23: =Assumptions!C28+O23+K23+L23+M23+N23 -> 37533753 | Q23: =P23+Assumptions!C7/H23 -> 38338048 | R23: =Assumptions!C6/P23 -> 37.299761
G24: 20 | H24: =R23 -> 37.299761 | I24: =IF(H24<Assumptions!C35,Assumptions!C35*(Assumptions!C28+Assumptions!C7/Assumptions!C35)/(Assumptions!C28+Assumptions!C7/H24),Assumptions!C35) -> 57.670905 | J24: =IF(H24<Assumptions!C36,Assumptions!C36*(Assumptions!C28+Assumptions!C7/Assumptions!C36)/(Assumptions!C28+Assumptions!C7/H24),Assumptions!C36) -> 48.903442 | K24: =Assumptions!C24*(Assumptions!C35/I24-1) -> 13349.544 | L24: =Assumptions!C25*(Assumptions!C36/J24-1) -> 31805.124 | M24: =Assumptions!C48/MIN((Assumptions!C49/(Assumptions!C28+O23+K24+L24+N23)),(H24*(1-Assumptions!C50))) -> 186735.09 | N24: =Assumptions!C51/MIN((Assumptions!C52/(Assumptions!C28+O23+K24+L24+M24)),(H24*(1-Assumptions!C53))) -> 94622.906 | O24: =MAX(0,(Assumptions!C10*(Assumptions!C28+K24+L24+M24+N24+Assumptions!C7/H24)-Assumptions!C55)/(1-Assumptions!C10)) -> 589279.18 | P24: =Assumptions!C28+O24+K24+L24+M24+N24 -> 37533753 | Q24: =P24+Assumptions!C7/H24 -> 38338048 | R24: =Assumptions!C6/P24 -> 37.299761
G25: 21 | H25: =R24 -> 37.299761 | I25: =IF(H25<Assumptions!C35,Assumptions!C35*(Assumptions!C28+Assumptions!C7/Assumptions!C35)/(Assumptions!C28+Assumptions!C7/H25),Assumptions!C35) -> 57.670905 | J25: =IF(H25<Assumptions!C36,Assumptions!C36*(Assumptions!C28+Assumptions!C7/Assumptions!C36)/(Assumptions!C28+Assumptions!C7/H25),Assumptions!C36) -> 48.903442 | K25: =Assumptions!C24*(Assumptions!C35/I25-1) -> 13349.544 | L25: =Assumptions!C25*(Assumptions!C36/J25-1) -> 31805.124 | M25: =Assumptions!C48/MIN((Assumptions!C49/(Assumptions!C28+O24+K25+L25+N24)),(H25*(1-Assumptions!C50))) -> 186735.09 | N25: =Assumptions!C51/MIN((Assumptions!C52/(Assumptions!C28+O24+K25+L25+M25)),(H25*(1-Assumptions!C53))) -> 94622.906 | O25: =MAX(0,(Assumptions!C10*(Assumptions!C28+K25+L25+M25+N25+Assumptions!C7/H25)-Assumptions!C55)/(1-Assumptions!C10)) -> 589279.18 | P25: =Assumptions!C28+O25+K25+L25+M25+N25 -> 37533753 | Q25: =P25+Assumptions!C7/H25 -> 38338048 | R25: =Assumptions!C6/P25 -> 37.299761
G26: 22 | H26: =R25 -> 37.299761 | I26: =IF(H26<Assumptions!C35,Assumptions!C35*(Assumptions!C28+Assumptions!C7/Assumptions!C35)/(Assumptions!C28+Assumptions!C7/H26),Assumptions!C35) -> 57.670905 | J26: =IF(H26<Assumptions!C36,Assumptions!C36*(Assumptions!C28+Assumptions!C7/Assumptions!C36)/(Assumptions!C28+Assumptions!C7/H26),Assumptions!C36) -> 48.903442 | K26: =Assumptions!C24*(Assumptions!C35/I26-1) -> 13349.544 | L26: =Assumptions!C25*(Assumptions!C36/J26-1) -> 31805.124 | M26: =Assumptions!C48/MIN((Assumptions!C49/(Assumptions!C28+O25+K26+L26+N25)),(H26*(1-Assumptions!C50))) -> 186735.09 | N26: =Assumptions!C51/MIN((Assumptions!C52/(Assumptions!C28+O25+K26+L26+M26)),(H26*(1-Assumptions!C53))) -> 94622.906 | O26: =MAX(0,(Assumptions!C10*(Assumptions!C28+K26+L26+M26+N26+Assumptions!C7/H26)-Assumptions!C55)/(1-Assumptions!C10)) -> 589279.18 | P26: =Assumptions!C28+O26+K26+L26+M26+N26 -> 37533753 | Q26: =P26+Assumptions!C7/H26 -> 38338048 | R26: =Assumptions!C6/P26 -> 37.299761
G27: 23 | H27: =R26 -> 37.299761 | I27: =IF(H27<Assumptions!C35,Assumptions!C35*(Assumptions!C28+Assumptions!C7/Assumptions!C35)/(Assumptions!C28+Assumptions!C7/H27),Assumptions!C35) -> 57.670905 | J27: =IF(H27<Assumptions!C36,Assumptions!C36*(Assumptions!C28+Assumptions!C7/Assumptions!C36)/(Assumptions!C28+Assumptions!C7/H27),Assumptions!C36) -> 48.903442 | K27: =Assumptions!C24*(Assumptions!C35/I27-1) -> 13349.544 | L27: =Assumptions!C25*(Assumptions!C36/J27-1) -> 31805.124 | M27: =Assumptions!C48/MIN((Assumptions!C49/(Assumptions!C28+O26+K27+L27+N26)),(H27*(1-Assumptions!C50))) -> 186735.09 | N27: =Assumptions!C51/MIN((Assumptions!C52/(Assumptions!C28+O26+K27+L27+M27)),(H27*(1-Assumptions!C53))) -> 94622.906 | O27: =MAX(0,(Assumptions!C10*(Assumptions!C28+K27+L27+M27+N27+Assumptions!C7/H27)-Assumptions!C55)/(1-Assumptions!C10)) -> 589279.18 | P27: =Assumptions!C28+O27+K27+L27+M27+N27 -> 37533753 | Q27: =P27+Assumptions!C7/H27 -> 38338048 | R27: =Assumptions!C6/P27 -> 37.299761
G28: 24 | H28: =R27 -> 37.299761 | I28: =IF(H28<Assumptions!C35,Assumptions!C35*(Assumptions!C28+Assumptions!C7/Assumptions!C35)/(Assumptions!C28+Assumptions!C7/H28),Assumptions!C35) -> 57.670905 | J28: =IF(H28<Assumptions!C36,Assumptions!C36*(Assumptions!C28+Assumptions!C7/Assumptions!C36)/(Assumptions!C28+Assumptions!C7/H28),Assumptions!C36) -> 48.903442 | K28: =Assumptions!C24*(Assumptions!C35/I28-1) -> 13349.544 | L28: =Assumptions!C25*(Assumptions!C36/J28-1) -> 31805.124 | M28: =Assumptions!C48/MIN((Assumptions!C49/(Assumptions!C28+O27+K28+L28+N27)),(H28*(1-Assumptions!C50))) -> 186735.09 | N28: =Assumptions!C51/MIN((Assumptions!C52/(Assumptions!C28+O27+K28+L28+M28)),(H28*(1-Assumptions!C53))) -> 94622.906 | O28: =MAX(0,(Assumptions!C10*(Assumptions!C28+K28+L28+M28+N28+Assumptions!C7/H28)-Assumptions!C55)/(1-Assumptions!C10)) -> 589279.18 | P28: =Assumptions!C28+O28+K28+L28+M28+N28 -> 37533753 | Q28: =P28+Assumptions!C7/H28 -> 38338048 | R28: =Assumptions!C6/P28 -> 37.299761

Sheet Waterfall
B2: Waterfall — Nash Equilibrium Across 5 Exits
B3: Each priced class elects pref or convert; iterated under reverse-chronological seniority
B5: Class Inputs
B6: Class | C6: Pref ($) | D6: Shares | E6: Per-share Pref
B7: F | C7: =Assumptions!C45 -> 30000000 | D7: ='Pro-Forma'!C22 -> 804294.7 | E7: =C7/D7 -> 37.299761
B8: E | C8: =Assumptions!C44 -> 300000000 | D8: =Assumptions!C25+'Pro-Forma'!C18 -> 6134472.1 | E8: =C8/D8 -> 48.903963
B9: D | C9: =Assumptions!C43 -> 100000000 | D9: =Assumptions!C24+'Pro-Forma'!C17 -> 1733976.5 | E9: =C9/D9 -> 57.670907
B10: C | C10: =Assumptions!C42 -> 60000000 | D10: =Assumptions!C23 -> 2400000 | E10: =C10/D10 -> 25
B11: B | C11: =Assumptions!C41 -> 30000000 | D11: =Assumptions!C22 -> 3000000 | E11: =C11/D11 -> 10
B12: A | C12: =Assumptions!C40 -> 15000000 | D12: =Assumptions!C21 -> 5000000 | E12: =C12/D12 -> 3
B13: Seed | C13: =Assumptions!C39 -> 5000000 | D13: =Assumptions!C20 -> 5000000 | E13: =C13/D13 -> 1
B15: Always-Common Shares
B16: Founders + RSAs | C16: =Assumptions!C16+Assumptions!C17+Assumptions!C18+Assumptions!C19 -> 9000000
B17: Note A shares | C17: ='Pro-Forma'!C32 -> 186735.09
B18: Note B shares | C18: ='Pro-Forma'!C37 -> 94622.906
B19: Common always (excl options) | C19: =C16+C17+C18 -> 9281358
B20: Issued options (if ITM) | C20: =Assumptions!C26 -> 2500000
B21: Option strike ($) | C21: =Assumptions!C13 -> 1
B23: Exit Scenarios
B24: Exit value ($) | C24: =Assumptions!C58 -> 700000000 | D24: =Assumptions!C59 -> 1200000000 | E24: =Assumptions!C60 -> 2000000000 | F24: =Assumptions!C61 -> 4000000000 | G24: =Assumptions!C62 -> 8000000000
B26: Pass 1 elections (TRUE=convert)
B27: F | C27: =(D7*IF(((C24-(SUM(C7:C13)-C7))/($C$19+(0-0)+D7))>$C$21,((C24-(SUM(C7:C13)-C7))+$C$20*$C$21)/(($C$19+(0-0)+D7)+$C$20),((C24-(SUM(C7:C13)-C7))/($C$19+(0-0)+D7))))>C7 -> 0 | D27: =(D7*IF(((D24-(SUM(C7:C13)-C7))/($C$19+(0-0)+D7))>$C$21,((D24-(SUM(C7:C13)-C7))+$C$20*$C$21)/(($C$19+(0-0)+D7)+$C$20),((D24-(SUM(C7:C13)-C7))/($C$19+(0-0)+D7))))>C7 -> 1 | E27: =(D7*IF(((E24-(SUM(C7:C13)-C7))/($C$19+(0-0)+D7))>$C$21,((E24-(SUM(C7:C13)-C7))+$C$20*$C$21)/(($C$19+(0-0)+D7)+$C$20),((E24-(SUM(C7:C13)-C7))/($C$19+(0-0)+D7))))>C7 -> 1 | F27: =(D7*IF(((F24-(SUM(C7:C13)-C7))/($C$19+(0-0)+D7))>$C$21,((F24-(SUM(C7:C13)-C7))+$C$20*$C$21)/(($C$19+(0-0)+D7)+$C$20),((F24-(SUM(C7:C13)-C7))/($C$19+(0-0)+D7))))>C7 -> 1 | G27: =(D7*IF(((G24-(SUM(C7:C13)-C7))/($C$19+(0-0)+D7))>$C$21,((G24-(SUM(C7:C13)-C7))+$C$20*$C$21)/(($C$19+(0-0)+D7)+$C$20),((G24-(SUM(C7:C13)-C7))/($C$19+(0-0)+D7))))>C7 -> 1
B28: E | C28: =(D8*IF(((C24-(SUM(C7:C13)-C8))/($C$19+(0-0)+D8))>$C$21,((C24-(SUM(C7:C13)-C8))+$C$20*$C$21)/(($C$19+(0-0)+D8)+$C$20),((C24-(SUM(C7:C13)-C8))/($C$19+(0-0)+D8))))>C8 -> 0 | D28: =(D8*IF(((D24-(SUM(C7:C13)-C8))/($C$19+(0-0)+D8))>$C$21,((D24-(SUM(C7:C13)-C8))+$C$20*$C$21)/(($C$19+(0-0)+D8)+$C$20),((D24-(SUM(C7:C13)-C8))/($C$19+(0-0)+D8))))>C8 -> 1 | E28: =(D8*IF(((E24-(SUM(C7:C13)-C8))/($C$19+(0-0)+D8))>$C$21,((E24-(SUM(C7:C13)-C8))+$C$20*$C$21)/(($C$19+(0-0)+D8)+$C$20),((E24-(SUM(C7:C13)-C8))/($C$19+(0-0)+D8))))>C8 -> 1 | F28: =(D8*IF(((F24-(SUM(C7:C13)-C8))/($C$19+(0-0)+D8))>$C$21,((F24-(SUM(C7:C13)-C8))+$C$20*$C$21)/(($C$19+(0-0)+D8)+$C$20),((F24-(SUM(C7:C13)-C8))/($C$19+(0-0)+D8))))>C8 -> 1 | G28: =(D8*IF(((G24-(SUM(C7:C13)-C8))/($C$19+(0-0)+D8))>$C$21,((G24-(SUM(C7:C13)-C8))+$C$20*$C$21)/(($C$19+(0-0)+D8)+$C$20),((G24-(SUM(C7:C13)-C8))/($C$19+(0-0)+D8))))>C8 -> 1
B29: D | C29: =(D9*IF(((C24-(SUM(C7:C13)-C9))/($C$19+(0-0)+D9))>$C$21,((C24-(SUM(C7:C13)-C9))+$C$20*$C$21)/(($C$19+(0-0)+D9)+$C$20),((C24-(SUM(C7:C13)-C9))/($C$19+(0-0)+D9))))>C9 -> 0 | D29: =(D9*IF(((D24-(SUM(C7:C13)-C9))/($C$19+(0-0)+D9))>$C$21,((D24-(SUM(C7:C13)-C9))+$C$20*$C$21)/(($C$19+(0-0)+D9)+$C$20),((D24-(SUM(C7:C13)-C9))/($C$19+(0-0)+D9))))>C9 -> 0 | E29: =(D9*IF(((E24-(SUM(C7:C13)-C9))/($C$19+(0-0)+D9))>$C$21,((E24-(SUM(C7:C13)-C9))+$C$20*$C$21)/(($C$19+(0-0)+D9)+$C$20),((E24-(SUM(C7:C13)-C9))/($C$19+(0-0)+D9))))>C9 -> 1 | F29: =(D9*IF(((F24-(SUM(C7:C13)-C9))/($C$19+(0-0)+D9))>$C$21,((F24-(SUM(C7:C13)-C9))+$C$20*$C$21)/(($C$19+(0-0)+D9)+$C$20),((F24-(SUM(C7:C13)-C9))/($C$19+(0-0)+D9))))>C9 -> 1 | G29: =(D9*IF(((G24-(SUM(C7:C13)-C9))/($C$19+(0-0)+D9))>$C$21,((G24-(SUM(C7:C13)-C9))+$C$20*$C$21)/(($C$19+(0-0)+D9)+$C$20),((G24-(SUM(C7:C13)-C9))/($C$19+(0-0)+D9))))>C9 -> 1
B30: C | C30: =(D10*IF(((C24-(SUM(C7:C13)-C10))/($C$19+(0-0)+D10))>$C$21,((C24-(SUM(C7:C13)-C10))+$C$20*$C$21)/(($C$19+(0-0)+D10)+$C$20),((C24-(SUM(C7:C13)-C10))/($C$19+(0-0)+D10))))>C10 -> 0 | D30: =(D10*IF(((D24-(SUM(C7:C13)-C10))/($C$19+(0-0)+D10))>$C$21,((D24-(SUM(C7:C13)-C10))+$C$20*$C$21)/(($C$19+(0-0)+D10)+$C$20),((D24-(SUM(C7:C13)-C10))/($C$19+(0-0)+D10))))>C10 -> 1 | E30: =(D10*IF(((E24-(SUM(C7:C13)-C10))/($C$19+(0-0)+D10))>$C$21,((E24-(SUM(C7:C13)-C10))+$C$20*$C$21)/(($C$19+(0-0)+D10)+$C$20),((E24-(SUM(C7:C13)-C10))/($C$19+(0-0)+D10))))>C10 -> 1 | F30: =(D10*IF(((F24-(SUM(C7:C13)-C10))/($C$19+(0-0)+D10))>$C$21,((F24-(SUM(C7:C13)-C10))+$C$20*$C$21)/(($C$19+(0-0)+D10)+$C$20),((F24-(SUM(C7:C13)-C10))/($C$19+(0-0)+D10))))>C10 -> 1 | G30: =(D10*IF(((G24-(SUM(C7:C13)-C10))/($C$19+(0-0)+D10))>$C$21,((G24-(SUM(C7:C13)-C10))+$C$20*$C$21)/(($C$19+(0-0)+D10)+$C$20),((G24-(SUM(C7:C13)-C10))/($C$19+(0-0)+D10))))>C10 -> 1
B31: B | C31: =(D11*IF(((C24-(SUM(C7:C13)-C11))/($C$19+(0-0)+D11))>$C$21,((C24-(SUM(C7:C13)-C11))+$C$20*$C$21)/(($C$19+(0-0)+D11)+$C$20),((C24-(SUM(C7:C13)-C11))/($C$19+(0-0)+D11))))>C11 -> 1 | D31: =(D11*IF(((D24-(SUM(C7:C13)-C11))/($C$19+(0-0)+D11))>$C$21,((D24-(SUM(C7:C13)-C11))+$C$20*$C$21)/(($C$19+(0-0)+D11)+$C$20),((D24-(SUM(C7:C13)-C11))/($C$19+(0-0)+D11))))>C11 -> 1 | E31: =(D11*IF(((E24-(SUM(C7:C13)-C11))/($C$19+(0-0)+D11))>$C$21,((E24-(SUM(C7:C13)-C11))+$C$20*$C$21)/(($C$19+(0-0)+D11)+$C$20),((E24-(SUM(C7:C13)-C11))/($C$19+(0-0)+D11))))>C11 -> 1 | F31: =(D11*IF(((F24-(SUM(C7:C13)-C11))/($C$19+(0-0)+D11))>$C$21,((F24-(SUM(C7:C13)-C11))+$C$20*$C$21)/(($C$19+(0-0)+D11)+$C$20),((F24-(SUM(C7:C13)-C11))/($C$19+(0-0)+D11))))>C11 -> 1 | G31: =(D11*IF(((G24-(SUM(C7:C13)-C11))/($C$19+(0-0)+D11))>$C$21,((G24-(SUM(C7:C13)-C11))+$C$20*$C$21)/(($C$19+(0-0)+D11)+$C$20),((G24-(SUM(C7:C13)-C11))/($C$19+(0-0)+D11))))>C11 -> 1
B32: A | C32: =(D12*IF(((C24-(SUM(C7:C13)-C12))/($C$19+(0-0)+D12))>$C$21,((C24-(SUM(C7:C13)-C12))+$C$20*$C$21)/(($C$19+(0-0)+D12)+$C$20),((C24-(SUM(C7:C13)-C12))/($C$19+(0-0)+D12))))>C12 -> 1 | D32: =(D12*IF(((D24-(SUM(C7:C13)-C12))/($C$19+(0-0)+D12))>$C$21,((D24-(SUM(C7:C13)-C12))+$C$20*$C$21)/(($C$19+(0-0)+D12)+$C$20),((D24-(SUM(C7:C13)-C12))/($C$19+(0-0)+D12))))>C12 -> 1 | E32: =(D12*IF(((E24-(SUM(C7:C13)-C12))/($C$19+(0-0)+D12))>$C$21,((E24-(SUM(C7:C13)-C12))+$C$20*$C$21)/(($C$19+(0-0)+D12)+$C$20),((E24-(SUM(C7:C13)-C12))/($C$19+(0-0)+D12))))>C12 -> 1 | F32: =(D12*IF(((F24-(SUM(C7:C13)-C12))/($C$19+(0-0)+D12))>$C$21,((F24-(SUM(C7:C13)-C12))+$C$20*$C$21)/(($C$19+(0-0)+D12)+$C$20),((F24-(SUM(C7:C13)-C12))/($C$19+(0-0)+D12))))>C12 -> 1 | G32: =(D12*IF(((G24-(SUM(C7:C13)-C12))/($C$19+(0-0)+D12))>$C$21,((G24-(SUM(C7:C13)-C12))+$C$20*$C$21)/(($C$19+(0-0)+D12)+$C$20),((G24-(SUM(C7:C13)-C12))/($C$19+(0-0)+D12))))>C12 -> 1
B33: Seed | C33: =(D13*IF(((C24-(SUM(C7:C13)-C13))/($C$19+(0-0)+D13))>$C$21,((C24-(SUM(C7:C13)-C13))+$C$20*$C$21)/(($C$19+(0-0)+D13)+$C$20),((C24-(SUM(C7:C13)-C13))/($C$19+(0-0)+D13))))>C13 -> 1 | D33: =(D13*IF(((D24-(SUM(C7:C13)-C13))/($C$19+(0-0)+D13))>$C$21,((D24-(SUM(C7:C13)-C13))+$C$20*$C$21)/(($C$19+(0-0)+D13)+$C$20),((D24-(SUM(C7:C13)-C13))/($C$19+(0-0)+D13))))>C13 -> 1 | E33: =(D13*IF(((E24-(SUM(C7:C13)-C13))/($C$19+(0-0)+D13))>$C$21,((E24-(SUM(C7:C13)-C13))+$C$20*$C$21)/(($C$19+(0-0)+D13)+$C$20),((E24-(SUM(C7:C13)-C13))/($C$19+(0-0)+D13))))>C13 -> 1 | F33: =(D13*IF(((F24-(SUM(C7:C13)-C13))/($C$19+(0-0)+D13))>$C$21,((F24-(SUM(C7:C13)-C13))+$C$20*$C$21)/(($C$19+(0-0)+D13)+$C$20),((F24-(SUM(C7:C13)-C13))/($C$19+(0-0)+D13))))>C13 -> 1 | G33: =(D13*IF(((G24-(SUM(C7:C13)-C13))/($C$19+(0-0)+D13))>$C$21,((G24-(SUM(C7:C13)-C13))+$C$20*$C$21)/(($C$19+(0-0)+D13)+$C$20),((G24-(SUM(C7:C13)-C13))/($C$19+(0-0)+D13))))>C13 -> 1
B34: Pass 2 elections (TRUE=convert)
B35: F | C35: =(D7*IF(((C24-(SUMPRODUCT((1-C27:C33)*C7:C13)-IF(C27=FALSE,C7,0)))/($C$19+(SUMPRODUCT(C27:C33*D7:D13)-IF(C27=TRUE,D7,0))+D7))>$C$21,((C24-(SUMPRODUCT((1-C27:C33)*C7:C13)-IF(C27=FALSE,C7,0)))+$C$20*$C$21)/(($C$19+(SUMPRODUCT(C27:C33*D7:D13)-IF(C27=TRUE,D7,0))+D7)+$C$20),((C24-(SUMPRODUCT((1-C27:C33)*C7:C13)-IF(C27=FALSE,C7,0)))/($C$19+(SUMPRODUCT(C27:C33*D7:D13)-IF(C27=TRUE,D7,0))+D7))))>C7 -> 0 | D35: =(D7*IF(((D24-(SUMPRODUCT((1-D27:D33)*C7:C13)-IF(D27=FALSE,C7,0)))/($C$19+(SUMPRODUCT(D27:D33*D7:D13)-IF(D27=TRUE,D7,0))+D7))>$C$21,((D24-(SUMPRODUCT((1-D27:D33)*C7:C13)-IF(D27=FALSE,C7,0)))+$C$20*$C$21)/(($C$19+(SUMPRODUCT(D27:D33*D7:D13)-IF(D27=TRUE,D7,0))+D7)+$C$20),((D24-(SUMPRODUCT((1-D27:D33)*C7:C13)-IF(D27=FALSE,C7,0)))/($C$19+(SUMPRODUCT(D27:D33*D7:D13)-IF(D27=TRUE,D7,0))+D7))))>C7 -> 0 | E35: =(D7*IF(((E24-(SUMPRODUCT((1-E27:E33)*C7:C13)-IF(E27=FALSE,C7,0)))/($C$19+(SUMPRODUCT(E27:E33*D7:D13)-IF(E27=TRUE,D7,0))+D7))>$C$21,((E24-(SUMPRODUCT((1-E27:E33)*C7:C13)-IF(E27=FALSE,C7,0)))+$C$20*$C$21)/(($C$19+(SUMPRODUCT(E27:E33*D7:D13)-IF(E27=TRUE,D7,0))+D7)+$C$20),((E24-(SUMPRODUCT((1-E27:E33)*C7:C13)-IF(E27=FALSE,C7,0)))/($C$19+(SUMPRODUCT(E27:E33*D7:D13)-IF(E27=TRUE,D7,0))+D7))))>C7 -> 1 | F35: =(D7*IF(((F24-(SUMPRODUCT((1-F27:F33)*C7:C13)-IF(F27=FALSE,C7,0)))/($C$19+(SUMPRODUCT(F27:F33*D7:D13)-IF(F27=TRUE,D7,0))+D7))>$C$21,((F24-(SUMPRODUCT((1-F27:F33)*C7:C13)-IF(F27=FALSE,C7,0)))+$C$20*$C$21)/(($C$19+(SUMPRODUCT(F27:F33*D7:D13)-IF(F27=TRUE,D7,0))+D7)+$C$20),((F24-(SUMPRODUCT((1-F27:F33)*C7:C13)-IF(F27=FALSE,C7,0)))/($C$19+(SUMPRODUCT(F27:F33*D7:D13)-IF(F27=TRUE,D7,0))+D7))))>C7 -> 1 | G35: =(D7*IF(((G24-(SUMPRODUCT((1-G27:G33)*C7:C13)-IF(G27=FALSE,C7,0)))/($C$19+(SUMPRODUCT(G27:G33*D7:D13)-IF(G27=TRUE,D7,0))+D7))>$C$21,((G24-(SUMPRODUCT((1-G27:G33)*C7:C13)-IF(G27=FALSE,C7,0)))+$C$20*$C$21)/(($C$19+(SUMPRODUCT(G27:G33*D7:D13)-IF(G27=TRUE,D7,0))+D7)+$C$20),((G24-(SUMPRODUCT((1-G27:G33)*C7:C13)-IF(G27=FALSE,C7,0)))/($C$19+(SUMPRODUCT(G27:G33*D7:D13)-IF(G27=TRUE,D7,0))+D7))))>C7 -> 1
B36: E | C36: =(D8*IF(((C24-(SUMPRODUCT((1-C27:C33)*C7:C13)-IF(C28=FALSE,C8,0)))/($C$19+(SUMPRODUCT(C27:C33*D7:D13)-IF(C28=TRUE,D8,0))+D8))>$C$21,((C24-(SUMPRODUCT((1-C27:C33)*C7:C13)-IF(C28=FALSE,C8,0)))+$C$20*$C$21)/(($C$19+(SUMPRODUCT(C27:C33*D7:D13)-IF(C28=TRUE,D8,0))+D8)+$C$20),((C24-(SUMPRODUCT((1-C27:C33)*C7:C13)-IF(C28=FALSE,C8,0)))/($C$19+(SUMPRODUCT(C27:C33*D7:D13)-IF(C28=TRUE,D8,0))+D8))))>C8 -> 0 | D36: =(D8*IF(((D24-(SUMPRODUCT((1-D27:D33)*C7:C13)-IF(D28=FALSE,C8,0)))/($C$19+(SUMPRODUCT(D27:D33*D7:D13)-IF(D28=TRUE,D8,0))+D8))>$C$21,((D24-(SUMPRODUCT((1-D27:D33)*C7:C13)-IF(D28=FALSE,C8,0)))+$C$20*$C$21)/(($C$19+(SUMPRODUCT(D27:D33*D7:D13)-IF(D28=TRUE,D8,0))+D8)+$C$20),((D24-(SUMPRODUCT((1-D27:D33)*C7:C13)-IF(D28=FALSE,C8,0)))/($C$19+(SUMPRODUCT(D27:D33*D7:D13)-IF(D28=TRUE,D8,0))+D8))))>C8 -> 0 | E36: =(D8*IF(((E24-(SUMPRODUCT((1-E27:E33)*C7:C13)-IF(E28=FALSE,C8,0)))/($C$19+(SUMPRODUCT(E27:E33*D7:D13)-IF(E28=TRUE,D8,0))+D8))>$C$21,((E24-(SUMPRODUCT((1-E27:E33)*C7:C13)-IF(E28=FALSE,C8,0)))+$C$20*$C$21)/(($C$19+(SUMPRODUCT(E27:E33*D7:D13)-IF(E28=TRUE,D8,0))+D8)+$C$20),((E24-(SUMPRODUCT((1-E27:E33)*C7:C13)-IF(E28=FALSE,C8,0)))/($C$19+(SUMPRODUCT(E27:E33*D7:D13)-IF(E28=TRUE,D8,0))+D8))))>C8 -> 1 | F36: =(D8*IF(((F24-(SUMPRODUCT((1-F27:F33)*C7:C13)-IF(F28=FALSE,C8,0)))/($C$19+(SUMPRODUCT(F27:F33*D7:D13)-IF(F28=TRUE,D8,0))+D8))>$C$21,((F24-(SUMPRODUCT((1-F27:F33)*C7:C13)-IF(F28=FALSE,C8,0)))+$C$20*$C$21)/(($C$19+(SUMPRODUCT(F27:F33*D7:D13)-IF(F28=TRUE,D8,0))+D8)+$C$20),((F24-(SUMPRODUCT((1-F27:F33)*C7:C13)-IF(F28=FALSE,C8,0)))/($C$19+(SUMPRODUCT(F27:F33*D7:D13)-IF(F28=TRUE,D8,0))+D8))))>C8 -> 1 | G36: =(D8*IF(((G24-(SUMPRODUCT((1-G27:G33)*C7:C13)-IF(G28=FALSE,C8,0)))/($C$19+(SUMPRODUCT(G27:G33*D7:D13)-IF(G28=TRUE,D8,0))+D8))>$C$21,((G24-(SUMPRODUCT((1-G27:G33)*C7:C13)-IF(G28=FALSE,C8,0)))+$C$20*$C$21)/(($C$19+(SUMPRODUCT(G27:G33*D7:D13)-IF(G28=TRUE,D8,0))+D8)+$C$20),((G24-(SUMPRODUCT((1-G27:G33)*C7:C13)-IF(G28=FALSE,C8,0)))/($C$19+(SUMPRODUCT(G27:G33*D7:D13)-IF(G28=TRUE,D8,0))+D8))))>C8 -> 1
B37: D | C37: =(D9*IF(((C24-(SUMPRODUCT((1-C27:C33)*C7:C13)-IF(C29=FALSE,C9,0)))/($C$19+(SUMPRODUCT(C27:C33*D7:D13)-IF(C29=TRUE,D9,0))+D9))>$C$21,((C24-(SUMPRODUCT((1-C27:C33)*C7:C13)-IF(C29=FALSE,C9,0)))+$C$20*$C$21)/(($C$19+(SUMPRODUCT(C27:C33*D7:D13)-IF(C29=TRUE,D9,0))+D9)+$C$20),((C24-(SUMPRODUCT((1-C27:C33)*C7:C13)-IF(C29=FALSE,C9,0)))/($C$19+(SUMPRODUCT(C27:C33*D7:D13)-IF(C29=TRUE,D9,0))+D9))))>C9 -> 0 | D37: =(D9*IF(((D24-(SUMPRODUCT((1-D27:D33)*C7:C13)-IF(D29=FALSE,C9,0)))/($C$19+(SUMPRODUCT(D27:D33*D7:D13)-IF(D29=TRUE,D9,0))+D9))>$C$21,((D24-(SUMPRODUCT((1-D27:D33)*C7:C13)-IF(D29=FALSE,C9,0)))+$C$20*$C$21)/(($C$19+(SUMPRODUCT(D27:D33*D7:D13)-IF(D29=TRUE,D9,0))+D9)+$C$20),((D24-(SUMPRODUCT((1-D27:D33)*C7:C13)-IF(D29=FALSE,C9,0)))/($C$19+(SUMPRODUCT(D27:D33*D7:D13)-IF(D29=TRUE,D9,0))+D9))))>C9 -> 0 | E37: =(D9*IF(((E24-(SUMPRODUCT((1-E27:E33)*C7:C13)-IF(E29=FALSE,C9,0)))/($C$19+(SUMPRODUCT(E27:E33*D7:D13)-IF(E29=TRUE,D9,0))+D9))>$C$21,((E24-(SUMPRODUCT((1-E27:E33)*C7:C13)-IF(E29=FALSE,C9,0)))+$C$20*$C$21)/(($C$19+(SUMPRODUCT(E27:E33*D7:D13)-IF(E29=TRUE,D9,0))+D9)+$C$20),((E24-(SUMPRODUCT((1-E27:E33)*C7:C13)-IF(E29=FALSE,C9,0)))/($C$19+(SUMPRODUCT(E27:E33*D7:D13)-IF(E29=TRUE,D9,0))+D9))))>C9 -> 0 | F37: =(D9*IF(((F24-(SUMPRODUCT((1-F27:F33)*C7:C13)-IF(F29=FALSE,C9,0)))/($C$19+(SUMPRODUCT(F27:F33*D7:D13)-IF(F29=TRUE,D9,0))+D9))>$C$21,((F24-(SUMPRODUCT((1-F27:F33)*C7:C13)-IF(F29=FALSE,C9,0)))+$C$20*$C$21)/(($C$19+(SUMPRODUCT(F27:F33*D7:D13)-IF(F29=TRUE,D9,0))+D9)+$C$20),((F24-(SUMPRODUCT((1-F27:F33)*C7:C13)-IF(F29=FALSE,C9,0)))/($C$19+(SUMPRODUCT(F27:F33*D7:D13)-IF(F29=TRUE,D9,0))+D9))))>C9 -> 1 | G37: =(D9*IF(((G24-(SUMPRODUCT((1-G27:G33)*C7:C13)-IF(G29=FALSE,C9,0)))/($C$19+(SUMPRODUCT(G27:G33*D7:D13)-IF(G29=TRUE,D9,0))+D9))>$C$21,((G24-(SUMPRODUCT((1-G27:G33)*C7:C13)-IF(G29=FALSE,C9,0)))+$C$20*$C$21)/(($C$19+(SUMPRODUCT(G27:G33*D7:D13)-IF(G29=TRUE,D9,0))+D9)+$C$20),((G24-(SUMPRODUCT((1-G27:G33)*C7:C13)-IF(G29=FALSE,C9,0)))/($C$19+(SUMPRODUCT(G27:G33*D7:D13)-IF(G29=TRUE,D9,0))+D9))))>C9 -> 1
B38: C | C38: =(D10*IF(((C24-(SUMPRODUCT((1-C27:C33)*C7:C13)-IF(C30=FALSE,C10,0)))/($C$19+(SUMPRODUCT(C27:C33*D7:D13)-IF(C30=TRUE,D10,0))+D10))>$C$21,((C24-(SUMPRODUCT((1-C27:C33)*C7:C13)-IF(C30=FALSE,C10,0)))+$C$20*$C$21)/(($C$19+(SUMPRODUCT(C27:C33*D7:D13)-IF(C30=TRUE,D10,0))+D10)+$C$20),((C24-(SUMPRODUCT((1-C27:C33)*C7:C13)-IF(C30=FALSE,C10,0)))/($C$19+(SUMPRODUCT(C27:C33*D7:D13)-IF(C30=TRUE,D10,0))+D10))))>C10 -> 0 | D38: =(D10*IF(((D24-(SUMPRODUCT((1-D27:D33)*C7:C13)-IF(D30=FALSE,C10,0)))/($C$19+(SUMPRODUCT(D27:D33*D7:D13)-IF(D30=TRUE,D10,0))+D10))>$C$21,((D24-(SUMPRODUCT((1-D27:D33)*C7:C13)-IF(D30=FALSE,C10,0)))+$C$20*$C$21)/(($C$19+(SUMPRODUCT(D27:D33*D7:D13)-IF(D30=TRUE,D10,0))+D10)+$C$20),((D24-(SUMPRODUCT((1-D27:D33)*C7:C13)-IF(D30=FALSE,C10,0)))/($C$19+(SUMPRODUCT(D27:D33*D7:D13)-IF(D30=TRUE,D10,0))+D10))))>C10 -> 1 | E38: =(D10*IF(((E24-(SUMPRODUCT((1-E27:E33)*C7:C13)-IF(E30=FALSE,C10,0)))/($C$19+(SUMPRODUCT(E27:E33*D7:D13)-IF(E30=TRUE,D10,0))+D10))>$C$21,((E24-(SUMPRODUCT((1-E27:E33)*C7:C13)-IF(E30=FALSE,C10,0)))+$C$20*$C$21)/(($C$19+(SUMPRODUCT(E27:E33*D7:D13)-IF(E30=TRUE,D10,0))+D10)+$C$20),((E24-(SUMPRODUCT((1-E27:E33)*C7:C13)-IF(E30=FALSE,C10,0)))/($C$19+(SUMPRODUCT(E27:E33*D7:D13)-IF(E30=TRUE,D10,0))+D10))))>C10 -> 1 | F38: =(D10*IF(((F24-(SUMPRODUCT((1-F27:F33)*C7:C13)-IF(F30=FALSE,C10,0)))/($C$19+(SUMPRODUCT(F27:F33*D7:D13)-IF(F30=TRUE,D10,0))+D10))>$C$21,((F24-(SUMPRODUCT((1-F27:F33)*C7:C13)-IF(F30=FALSE,C10,0)))+$C$20*$C$21)/(($C$19+(SUMPRODUCT(F27:F33*D7:D13)-IF(F30=TRUE,D10,0))+D10)+$C$20),((F24-(SUMPRODUCT((1-F27:F33)*C7:C13)-IF(F30=FALSE,C10,0)))/($C$19+(SUMPRODUCT(F27:F33*D7:D13)-IF(F30=TRUE,D10,0))+D10))))>C10 -> 1 | G38: =(D10*IF(((G24-(SUMPRODUCT((1-G27:G33)*C7:C13)-IF(G30=FALSE,C10,0)))/($C$19+(SUMPRODUCT(G27:G33*D7:D13)-IF(G30=TRUE,D10,0))+D10))>$C$21,((G24-(SUMPRODUCT((1-G27:G33)*C7:C13)-IF(G30=FALSE,C10,0)))+$C$20*$C$21)/(($C$19+(SUMPRODUCT(G27:G33*D7:D13)-IF(G30=TRUE,D10,0))+D10)+$C$20),((G24-(SUMPRODUCT((1-G27:G33)*C7:C13)-IF(G30=FALSE,C10,0)))/($C$19+(SUMPRODUCT(G27:G33*D7:D13)-IF(G30=TRUE,D10,0))+D10))))>C10 -> 1
B39: B | C39: =(D11*IF(((C24-(SUMPRODUCT((1-C27:C33)*C7:C13)-IF(C31=FALSE,C11,0)))/($C$19+(SUMPRODUCT(C27:C33*D7:D13)-IF(C31=TRUE,D11,0))+D11))>$C$21,((C24-(SUMPRODUCT((1-C27:C33)*C7:C13)-IF(C31=FALSE,C11,0)))+$C$20*$C$21)/(($C$19+(SUMPRODUCT(C27:C33*D7:D13)-IF(C31=TRUE,D11,0))+D11)+$C$20),((C24-(SUMPRODUCT((1-C27:C33)*C7:C13)-IF(C31=FALSE,C11,0)))/($C$19+(SUMPRODUCT(C27:C33*D7:D13)-IF(C31=TRUE,D11,0))+D11))))>C11 -> 0 | D39: =(D11*IF(((D24-(SUMPRODUCT((1-D27:D33)*C7:C13)-IF(D31=FALSE,C11,0)))/($C$19+(SUMPRODUCT(D27:D33*D7:D13)-IF(D31=TRUE,D11,0))+D11))>$C$21,((D24-(SUMPRODUCT((1-D27:D33)*C7:C13)-IF(D31=FALSE,C11,0)))+$C$20*$C$21)/(($C$19+(SUMPRODUCT(D27:D33*D7:D13)-IF(D31=TRUE,D11,0))+D11)+$C$20),((D24-(SUMPRODUCT((1-D27:D33)*C7:C13)-IF(D31=FALSE,C11,0)))/($C$19+(SUMPRODUCT(D27:D33*D7:D13)-IF(D31=TRUE,D11,0))+D11))))>C11 -> 1 | E39: =(D11*IF(((E24-(SUMPRODUCT((1-E27:E33)*C7:C13)-IF(E31=FALSE,C11,0)))/($C$19+(SUMPRODUCT(E27:E33*D7:D13)-IF(E31=TRUE,D11,0))+D11))>$C$21,((E24-(SUMPRODUCT((1-E27:E33)*C7:C13)-IF(E31=FALSE,C11,0)))+$C$20*$C$21)/(($C$19+(SUMPRODUCT(E27:E33*D7:D13)-IF(E31=TRUE,D11,0))+D11)+$C$20),((E24-(SUMPRODUCT((1-E27:E33)*C7:C13)-IF(E31=FALSE,C11,0)))/($C$19+(SUMPRODUCT(E27:E33*D7:D13)-IF(E31=TRUE,D11,0))+D11))))>C11 -> 1 | F39: =(D11*IF(((F24-(SUMPRODUCT((1-F27:F33)*C7:C13)-IF(F31=FALSE,C11,0)))/($C$19+(SUMPRODUCT(F27:F33*D7:D13)-IF(F31=TRUE,D11,0))+D11))>$C$21,((F24-(SUMPRODUCT((1-F27:F33)*C7:C13)-IF(F31=FALSE,C11,0)))+$C$20*$C$21)/(($C$19+(SUMPRODUCT(F27:F33*D7:D13)-IF(F31=TRUE,D11,0))+D11)+$C$20),((F24-(SUMPRODUCT((1-F27:F33)*C7:C13)-IF(F31=FALSE,C11,0)))/($C$19+(SUMPRODUCT(F27:F33*D7:D13)-IF(F31=TRUE,D11,0))+D11))))>C11 -> 1 | G39: =(D11*IF(((G24-(SUMPRODUCT((1-G27:G33)*C7:C13)-IF(G31=FALSE,C11,0)))/($C$19+(SUMPRODUCT(G27:G33*D7:D13)-IF(G31=TRUE,D11,0))+D11))>$C$21,((G24-(SUMPRODUCT((1-G27:G33)*C7:C13)-IF(G31=FALSE,C11,0)))+$C$20*$C$21)/(($C$19+(SUMPRODUCT(G27:G33*D7:D13)-IF(G31=TRUE,D11,0))+D11)+$C$20),((G24-(SUMPRODUCT((1-G27:G33)*C7:C13)-IF(G31=FALSE,C11,0)))/($C$19+(SUMPRODUCT(G27:G33*D7:D13)-IF(G31=TRUE,D11,0))+D11))))>C11 -> 1
B40: A | C40: =(D12*IF(((C24-(SUMPRODUCT((1-C27:C33)*C7:C13)-IF(C32=FALSE,C12,0)))/($C$19+(SUMPRODUCT(C27:C33*D7:D13)-IF(C32=TRUE,D12,0))+D12))>$C$21,((C24-(SUMPRODUCT((1-C27:C33)*C7:C13)-IF(C32=FALSE,C12,0)))+$C$20*$C$21)/(($C$19+(SUMPRODUCT(C27:C33*D7:D13)-IF(C32=TRUE,D12,0))+D12)+$C$20),((C24-(SUMPRODUCT((1-C27:C33)*C7:C13)-IF(C32=FALSE,C12,0)))/($C$19+(SUMPRODUCT(C27:C33*D7:D13)-IF(C32=TRUE,D12,0))+D12))))>C12 -> 1 | D40: =(D12*IF(((D24-(SUMPRODUCT((1-D27:D33)*C7:C13)-IF(D32=FALSE,C12,0)))/($C$19+(SUMPRODUCT(D27:D33*D7:D13)-IF(D32=TRUE,D12,0))+D12))>$C$21,((D24-(SUMPRODUCT((1-D27:D33)*C7:C13)-IF(D32=FALSE,C12,0)))+$C$20*$C$21)/(($C$19+(SUMPRODUCT(D27:D33*D7:D13)-IF(D32=TRUE,D12,0))+D12)+$C$20),((D24-(SUMPRODUCT((1-D27:D33)*C7:C13)-IF(D32=FALSE,C12,0)))/($C$19+(SUMPRODUCT(D27:D33*D7:D13)-IF(D32=TRUE,D12,0))+D12))))>C12 -> 1 | E40: =(D12*IF(((E24-(SUMPRODUCT((1-E27:E33)*C7:C13)-IF(E32=FALSE,C12,0)))/($C$19+(SUMPRODUCT(E27:E33*D7:D13)-IF(E32=TRUE,D12,0))+D12))>$C$21,((E24-(SUMPRODUCT((1-E27:E33)*C7:C13)-IF(E32=FALSE,C12,0)))+$C$20*$C$21)/(($C$19+(SUMPRODUCT(E27:E33*D7:D13)-IF(E32=TRUE,D12,0))+D12)+$C$20),((E24-(SUMPRODUCT((1-E27:E33)*C7:C13)-IF(E32=FALSE,C12,0)))/($C$19+(SUMPRODUCT(E27:E33*D7:D13)-IF(E32=TRUE,D12,0))+D12))))>C12 -> 1 | F40: =(D12*IF(((F24-(SUMPRODUCT((1-F27:F33)*C7:C13)-IF(F32=FALSE,C12,0)))/($C$19+(SUMPRODUCT(F27:F33*D7:D13)-IF(F32=TRUE,D12,0))+D12))>$C$21,((F24-(SUMPRODUCT((1-F27:F33)*C7:C13)-IF(F32=FALSE,C12,0)))+$C$20*$C$21)/(($C$19+(SUMPRODUCT(F27:F33*D7:D13)-IF(F32=TRUE,D12,0))+D12)+$C$20),((F24-(SUMPRODUCT((1-F27:F33)*C7:C13)-IF(F32=FALSE,C12,0)))/($C$19+(SUMPRODUCT(F27:F33*D7:D13)-IF(F32=TRUE,D12,0))+D12))))>C12 -> 1 | G40: =(D12*IF(((G24-(SUMPRODUCT((1-G27:G33)*C7:C13)-IF(G32=FALSE,C12,0)))/($C$19+(SUMPRODUCT(G27:G33*D7:D13)-IF(G32=TRUE,D12,0))+D12))>$C$21,((G24-(SUMPRODUCT((1-G27:G33)*C7:C13)-IF(G32=FALSE,C12,0)))+$C$20*$C$21)/(($C$19+(SUMPRODUCT(G27:G33*D7:D13)-IF(G32=TRUE,D12,0))+D12)+$C$20),((G24-(SUMPRODUCT((1-G27:G33)*C7:C13)-IF(G32=FALSE,C12,0)))/($C$19+(SUMPRODUCT(G27:G33*D7:D13)-IF(G32=TRUE,D12,0))+D12))))>C12 -> 1
B41: Seed | C41: =(D13*IF(((C24-(SUMPRODUCT((1-C27:C33)*C7:C13)-IF(C33=FALSE,C13,0)))/($C$19+(SUMPRODUCT(C27:C33*D7:D13)-IF(C33=TRUE,D13,0))+D13))>$C$21,((C24-(SUMPRODUCT((1-C27:C33)*C7:C13)-IF(C33=FALSE,C13,0)))+$C$20*$C$21)/(($C$19+(SUMPRODUCT(C27:C33*D7:D13)-IF(C33=TRUE,D13,0))+D13)+$C$20),((C24-(SUMPRODUCT((1-C27:C33)*C7:C13)-IF(C33=FALSE,C13,0)))/($C$19+(SUMPRODUCT(C27:C33*D7:D13)-IF(C33=TRUE,D13,0))+D13))))>C13 -> 1 | D41: =(D13*IF(((D24-(SUMPRODUCT((1-D27:D33)*C7:C13)-IF(D33=FALSE,C13,0)))/($C$19+(SUMPRODUCT(D27:D33*D7:D13)-IF(D33=TRUE,D13,0))+D13))>$C$21,((D24-(SUMPRODUCT((1-D27:D33)*C7:C13)-IF(D33=FALSE,C13,0)))+$C$20*$C$21)/(($C$19+(SUMPRODUCT(D27:D33*D7:D13)-IF(D33=TRUE,D13,0))+D13)+$C$20),((D24-(SUMPRODUCT((1-D27:D33)*C7:C13)-IF(D33=FALSE,C13,0)))/($C$19+(SUMPRODUCT(D27:D33*D7:D13)-IF(D33=TRUE,D13,0))+D13))))>C13 -> 1 | E41: =(D13*IF(((E24-(SUMPRODUCT((1-E27:E33)*C7:C13)-IF(E33=FALSE,C13,0)))/($C$19+(SUMPRODUCT(E27:E33*D7:D13)-IF(E33=TRUE,D13,0))+D13))>$C$21,((E24-(SUMPRODUCT((1-E27:E33)*C7:C13)-IF(E33=FALSE,C13,0)))+$C$20*$C$21)/(($C$19+(SUMPRODUCT(E27:E33*D7:D13)-IF(E33=TRUE,D13,0))+D13)+$C$20),((E24-(SUMPRODUCT((1-E27:E33)*C7:C13)-IF(E33=FALSE,C13,0)))/($C$19+(SUMPRODUCT(E27:E33*D7:D13)-IF(E33=TRUE,D13,0))+D13))))>C13 -> 1 | F41: =(D13*IF(((F24-(SUMPRODUCT((1-F27:F33)*C7:C13)-IF(F33=FALSE,C13,0)))/($C$19+(SUMPRODUCT(F27:F33*D7:D13)-IF(F33=TRUE,D13,0))+D13))>$C$21,((F24-(SUMPRODUCT((1-F27:F33)*C7:C13)-IF(F33=FALSE,C13,0)))+$C$20*$C$21)/(($C$19+(SUMPRODUCT(F27:F33*D7:D13)-IF(F33=TRUE,D13,0))+D13)+$C$20),((F24-(SUMPRODUCT((1-F27:F33)*C7:C13)-IF(F33=FALSE,C13,0)))/($C$19+(SUMPRODUCT(F27:F33*D7:D13)-IF(F33=TRUE,D13,0))+D13))))>C13 -> 1 | G41: =(D13*IF(((G24-(SUMPRODUCT((1-G27:G33)*C7:C13)-IF(G33=FALSE,C13,0)))/($C$19+(SUMPRODUCT(G27:G33*D7:D13)-IF(G33=TRUE,D13,0))+D13))>$C$21,((G24-(SUMPRODUCT((1-G27:G33)*C7:C13)-IF(G33=FALSE,C13,0)))+$C$20*$C$21)/(($C$19+(SUMPRODUCT(G27:G33*D7:D13)-IF(G33=TRUE,D13,0))+D13)+$C$20),((G24-(SUMPRODUCT((1-G27:G33)*C7:C13)-IF(G33=FALSE,C13,0)))/($C$19+(SUMPRODUCT(G27:G33*D7:D13)-IF(G33=TRUE,D13,0))+D13))))>C13 -> 1
B42: Pass 3 elections (TRUE=convert)
B43: F | C43: =(D7*IF(((C24-(SUMPRODUCT((1-C35:C41)*C7:C13)-IF(C35=FALSE,C7,0)))/($C$19+(SUMPRODUCT(C35:C41*D7:D13)-IF(C35=TRUE,D7,0))+D7))>$C$21,((C24-(SUMPRODUCT((1-C35:C41)*C7:C13)-IF(C35=FALSE,C7,0)))+$C$20*$C$21)/(($C$19+(SUMPRODUCT(C35:C41*D7:D13)-IF(C35=TRUE,D7,0))+D7)+$C$20),((C24-(SUMPRODUCT((1-C35:C41)*C7:C13)-IF(C35=FALSE,C7,0)))/($C$19+(SUMPRODUCT(C35:C41*D7:D13)-IF(C35=TRUE,D7,0))+D7))))>C7 -> 0 | D43: =(D7*IF(((D24-(SUMPRODUCT((1-D35:D41)*C7:C13)-IF(D35=FALSE,C7,0)))/($C$19+(SUMPRODUCT(D35:D41*D7:D13)-IF(D35=TRUE,D7,0))+D7))>$C$21,((D24-(SUMPRODUCT((1-D35:D41)*C7:C13)-IF(D35=FALSE,C7,0)))+$C$20*$C$21)/(($C$19+(SUMPRODUCT(D35:D41*D7:D13)-IF(D35=TRUE,D7,0))+D7)+$C$20),((D24-(SUMPRODUCT((1-D35:D41)*C7:C13)-IF(D35=FALSE,C7,0)))/($C$19+(SUMPRODUCT(D35:D41*D7:D13)-IF(D35=TRUE,D7,0))+D7))))>C7 -> 0 | E43: =(D7*IF(((E24-(SUMPRODUCT((1-E35:E41)*C7:C13)-IF(E35=FALSE,C7,0)))/($C$19+(SUMPRODUCT(E35:E41*D7:D13)-IF(E35=TRUE,D7,0))+D7))>$C$21,((E24-(SUMPRODUCT((1-E35:E41)*C7:C13)-IF(E35=FALSE,C7,0)))+$C$20*$C$21)/(($C$19+(SUMPRODUCT(E35:E41*D7:D13)-IF(E35=TRUE,D7,0))+D7)+$C$20),((E24-(SUMPRODUCT((1-E35:E41)*C7:C13)-IF(E35=FALSE,C7,0)))/($C$19+(SUMPRODUCT(E35:E41*D7:D13)-IF(E35=TRUE,D7,0))+D7))))>C7 -> 1 | F43: =(D7*IF(((F24-(SUMPRODUCT((1-F35:F41)*C7:C13)-IF(F35=FALSE,C7,0)))/($C$19+(SUMPRODUCT(F35:F41*D7:D13)-IF(F35=TRUE,D7,0))+D7))>$C$21,((F24-(SUMPRODUCT((1-F35:F41)*C7:C13)-IF(F35=FALSE,C7,0)))+$C$20*$C$21)/(($C$19+(SUMPRODUCT(F35:F41*D7:D13)-IF(F35=TRUE,D7,0))+D7)+$C$20),((F24-(SUMPRODUCT((1-F35:F41)*C7:C13)-IF(F35=FALSE,C7,0)))/($C$19+(SUMPRODUCT(F35:F41*D7:D13)-IF(F35=TRUE,D7,0))+D7))))>C7 -> 1 | G43: =(D7*IF(((G24-(SUMPRODUCT((1-G35:G41)*C7:C13)-IF(G35=FALSE,C7,0)))/($C$19+(SUMPRODUCT(G35:G41*D7:D13)-IF(G35=TRUE,D7,0))+D7))>$C$21,((G24-(SUMPRODUCT((1-G35:G41)*C7:C13)-IF(G35=FALSE,C7,0)))+$C$20*$C$21)/(($C$19+(SUMPRODUCT(G35:G41*D7:D13)-IF(G35=TRUE,D7,0))+D7)+$C$20),((G24-(SUMPRODUCT((1-G35:G41)*C7:C13)-IF(G35=FALSE,C7,0)))/($C$19+(SUMPRODUCT(G35:G41*D7:D13)-IF(G35=TRUE,D7,0))+D7))))>C7 -> 1
B44: E | C44: =(D8*IF(((C24-(SUMPRODUCT((1-C35:C41)*C7:C13)-IF(C36=FALSE,C8,0)))/($C$19+(SUMPRODUCT(C35:C41*D7:D13)-IF(C36=TRUE,D8,0))+D8))>$C$21,((C24-(SUMPRODUCT((1-C35:C41)*C7:C13)-IF(C36=FALSE,C8,0)))+$C$20*$C$21)/(($C$19+(SUMPRODUCT(C35:C41*D7:D13)-IF(C36=TRUE,D8,0))+D8)+$C$20),((C24-(SUMPRODUCT((1-C35:C41)*C7:C13)-IF(C36=FALSE,C8,0)))/($C$19+(SUMPRODUCT(C35:C41*D7:D13)-IF(C36=TRUE,D8,0))+D8))))>C8 -> 0 | D44: =(D8*IF(((D24-(SUMPRODUCT((1-D35:D41)*C7:C13)-IF(D36=FALSE,C8,0)))/($C$19+(SUMPRODUCT(D35:D41*D7:D13)-IF(D36=TRUE,D8,0))+D8))>$C$21,((D24-(SUMPRODUCT((1-D35:D41)*C7:C13)-IF(D36=FALSE,C8,0)))+$C$20*$C$21)/(($C$19+(SUMPRODUCT(D35:D41*D7:D13)-IF(D36=TRUE,D8,0))+D8)+$C$20),((D24-(SUMPRODUCT((1-D35:D41)*C7:C13)-IF(D36=FALSE,C8,0)))/($C$19+(SUMPRODUCT(D35:D41*D7:D13)-IF(D36=TRUE,D8,0))+D8))))>C8 -> 0 | E44: =(D8*IF(((E24-(SUMPRODUCT((1-E35:E41)*C7:C13)-IF(E36=FALSE,C8,0)))/($C$19+(SUMPRODUCT(E35:E41*D7:D13)-IF(E36=TRUE,D8,0))+D8))>$C$21,((E24-(SUMPRODUCT((1-E35:E41)*C7:C13)-IF(E36=FALSE,C8,0)))+$C$20*$C$21)/(($C$19+(SUMPRODUCT(E35:E41*D7:D13)-IF(E36=TRUE,D8,0))+D8)+$C$20),((E24-(SUMPRODUCT((1-E35:E41)*C7:C13)-IF(E36=FALSE,C8,0)))/($C$19+(SUMPRODUCT(E35:E41*D7:D13)-IF(E36=TRUE,D8,0))+D8))))>C8 -> 1 | F44: =(D8*IF(((F24-(SUMPRODUCT((1-F35:F41)*C7:C13)-IF(F36=FALSE,C8,0)))/($C$19+(SUMPRODUCT(F35:F41*D7:D13)-IF(F36=TRUE,D8,0))+D8))>$C$21,((F24-(SUMPRODUCT((1-F35:F41)*C7:C13)-IF(F36=FALSE,C8,0)))+$C$20*$C$21)/(($C$19+(SUMPRODUCT(F35:F41*D7:D13)-IF(F36=TRUE,D8,0))+D8)+$C$20),((F24-(SUMPRODUCT((1-F35:F41)*C7:C13)-IF(F36=FALSE,C8,0)))/($C$19+(SUMPRODUCT(F35:F41*D7:D13)-IF(F36=TRUE,D8,0))+D8))))>C8 -> 1 | G44: =(D8*IF(((G24-(SUMPRODUCT((1-G35:G41)*C7:C13)-IF(G36=FALSE,C8,0)))/($C$19+(SUMPRODUCT(G35:G41*D7:D13)-IF(G36=TRUE,D8,0))+D8))>$C$21,((G24-(SUMPRODUCT((1-G35:G41)*C7:C13)-IF(G36=FALSE,C8,0)))+$C$20*$C$21)/(($C$19+(SUMPRODUCT(G35:G41*D7:D13)-IF(G36=TRUE,D8,0))+D8)+$C$20),((G24-(SUMPRODUCT((1-G35:G41)*C7:C13)-IF(G36=FALSE,C8,0)))/($C$19+(SUMPRODUCT(G35:G41*D7:D13)-IF(G36=TRUE,D8,0))+D8))))>C8 -> 1
B45: D | C45: =(D9*IF(((C24-(SUMPRODUCT((1-C35:C41)*C7:C13)-IF(C37=FALSE,C9,0)))/($C$19+(SUMPRODUCT(C35:C41*D7:D13)-IF(C37=TRUE,D9,0))+D9))>$C$21,((C24-(SUMPRODUCT((1-C35:C41)*C7:C13)-IF(C37=FALSE,C9,0)))+$C$20*$C$21)/(($C$19+(SUMPRODUCT(C35:C41*D7:D13)-IF(C37=TRUE,D9,0))+D9)+$C$20),((C24-(SUMPRODUCT((1-C35:C41)*C7:C13)-IF(C37=FALSE,C9,0)))/($C$19+(SUMPRODUCT(C35:C41*D7:D13)-IF(C37=TRUE,D9,0))+D9))))>C9 -> 0 | D45: =(D9*IF(((D24-(SUMPRODUCT((1-D35:D41)*C7:C13)-IF(D37=FALSE,C9,0)))/($C$19+(SUMPRODUCT(D35:D41*D7:D13)-IF(D37=TRUE,D9,0))+D9))>$C$21,((D24-(SUMPRODUCT((1-D35:D41)*C7:C13)-IF(D37=FALSE,C9,0)))+$C$20*$C$21)/(($C$19+(SUMPRODUCT(D35:D41*D7:D13)-IF(D37=TRUE,D9,0))+D9)+$C$20),((D24-(SUMPRODUCT((1-D35:D41)*C7:C13)-IF(D37=FALSE,C9,0)))/($C$19+(SUMPRODUCT(D35:D41*D7:D13)-IF(D37=TRUE,D9,0))+D9))))>C9 -> 0 | E45: =(D9*IF(((E24-(SUMPRODUCT((1-E35:E41)*C7:C13)-IF(E37=FALSE,C9,0)))/($C$19+(SUMPRODUCT(E35:E41*D7:D13)-IF(E37=TRUE,D9,0))+D9))>$C$21,((E24-(SUMPRODUCT((1-E35:E41)*C7:C13)-IF(E37=FALSE,C9,0)))+$C$20*$C$21)/(($C$19+(SUMPRODUCT(E35:E41*D7:D13)-IF(E37=TRUE,D9,0))+D9)+$C$20),((E24-(SUMPRODUCT((1-E35:E41)*C7:C13)-IF(E37=FALSE,C9,0)))/($C$19+(SUMPRODUCT(E35:E41*D7:D13)-IF(E37=TRUE,D9,0))+D9))))>C9 -> 0 | F45: =(D9*IF(((F24-(SUMPRODUCT((1-F35:F41)*C7:C13)-IF(F37=FALSE,C9,0)))/($C$19+(SUMPRODUCT(F35:F41*D7:D13)-IF(F37=TRUE,D9,0))+D9))>$C$21,((F24-(SUMPRODUCT((1-F35:F41)*C7:C13)-IF(F37=FALSE,C9,0)))+$C$20*$C$21)/(($C$19+(SUMPRODUCT(F35:F41*D7:D13)-IF(F37=TRUE,D9,0))+D9)+$C$20),((F24-(SUMPRODUCT((1-F35:F41)*C7:C13)-IF(F37=FALSE,C9,0)))/($C$19+(SUMPRODUCT(F35:F41*D7:D13)-IF(F37=TRUE,D9,0))+D9))))>C9 -> 1 | G45: =(D9*IF(((G24-(SUMPRODUCT((1-G35:G41)*C7:C13)-IF(G37=FALSE,C9,0)))/($C$19+(SUMPRODUCT(G35:G41*D7:D13)-IF(G37=TRUE,D9,0))+D9))>$C$21,((G24-(SUMPRODUCT((1-G35:G41)*C7:C13)-IF(G37=FALSE,C9,0)))+$C$20*$C$21)/(($C$19+(SUMPRODUCT(G35:G41*D7:D13)-IF(G37=TRUE,D9,0))+D9)+$C$20),((G24-(SUMPRODUCT((1-G35:G41)*C7:C13)-IF(G37=FALSE,C9,0)))/($C$19+(SUMPRODUCT(G35:G41*D7:D13)-IF(G37=TRUE,D9,0))+D9))))>C9 -> 1
B46: C | C46: =(D10*IF(((C24-(SUMPRODUCT((1-C35:C41)*C7:C13)-IF(C38=FALSE,C10,0)))/($C$19+(SUMPRODUCT(C35:C41*D7:D13)-IF(C38=TRUE,D10,0))+D10))>$C$21,((C24-(SUMPRODUCT((1-C35:C41)*C7:C13)-IF(C38=FALSE,C10,0)))+$C$20*$C$21)/(($C$19+(SUMPRODUCT(C35:C41*D7:D13)-IF(C38=TRUE,D10,0))+D10)+$C$20),((C24-(SUMPRODUCT((1-C35:C41)*C7:C13)-IF(C38=FALSE,C10,0)))/($C$19+(SUMPRODUCT(C35:C41*D7:D13)-IF(C38=TRUE,D10,0))+D10))))>C10 -> 0 | D46: =(D10*IF(((D24-(SUMPRODUCT((1-D35:D41)*C7:C13)-IF(D38=FALSE,C10,0)))/($C$19+(SUMPRODUCT(D35:D41*D7:D13)-IF(D38=TRUE,D10,0))+D10))>$C$21,((D24-(SUMPRODUCT((1-D35:D41)*C7:C13)-IF(D38=FALSE,C10,0)))+$C$20*$C$21)/(($C$19+(SUMPRODUCT(D35:D41*D7:D13)-IF(D38=TRUE,D10,0))+D10)+$C$20),((D24-(SUMPRODUCT((1-D35:D41)*C7:C13)-IF(D38=FALSE,C10,0)))/($C$19+(SUMPRODUCT(D35:D41*D7:D13)-IF(D38=TRUE,D10,0))+D10))))>C10 -> 1 | E46: =(D10*IF(((E24-(SUMPRODUCT((1-E35:E41)*C7:C13)-IF(E38=FALSE,C10,0)))/($C$19+(SUMPRODUCT(E35:E41*D7:D13)-IF(E38=TRUE,D10,0))+D10))>$C$21,((E24-(SUMPRODUCT((1-E35:E41)*C7:C13)-IF(E38=FALSE,C10,0)))+$C$20*$C$21)/(($C$19+(SUMPRODUCT(E35:E41*D7:D13)-IF(E38=TRUE,D10,0))+D10)+$C$20),((E24-(SUMPRODUCT((1-E35:E41)*C7:C13)-IF(E38=FALSE,C10,0)))/($C$19+(SUMPRODUCT(E35:E41*D7:D13)-IF(E38=TRUE,D10,0))+D10))))>C10 -> 1 | F46: =(D10*IF(((F24-(SUMPRODUCT((1-F35:F41)*C7:C13)-IF(F38=FALSE,C10,0)))/($C$19+(SUMPRODUCT(F35:F41*D7:D13)-IF(F38=TRUE,D10,0))+D10))>$C$21,((F24-(SUMPRODUCT((1-F35:F41)*C7:C13)-IF(F38=FALSE,C10,0)))+$C$20*$C$21)/(($C$19+(SUMPRODUCT(F35:F41*D7:D13)-IF(F38=TRUE,D10,0))+D10)+$C$20),((F24-(SUMPRODUCT((1-F35:F41)*C7:C13)-IF(F38=FALSE,C10,0)))/($C$19+(SUMPRODUCT(F35:F41*D7:D13)-IF(F38=TRUE,D10,0))+D10))))>C10 -> 1 | G46: =(D10*IF(((G24-(SUMPRODUCT((1-G35:G41)*C7:C13)-IF(G38=FALSE,C10,0)))/($C$19+(SUMPRODUCT(G35:G41*D7:D13)-IF(G38=TRUE,D10,0))+D10))>$C$21,((G24-(SUMPRODUCT((1-G35:G41)*C7:C13)-IF(G38=FALSE,C10,0)))+$C$20*$C$21)/(($C$19+(SUMPRODUCT(G35:G41*D7:D13)-IF(G38=TRUE,D10,0))+D10)+$C$20),((G24-(SUMPRODUCT((1-G35:G41)*C7:C13)-IF(G38=FALSE,C10,0)))/($C$19+(SUMPRODUCT(G35:G41*D7:D13)-IF(G38=TRUE,D10,0))+D10))))>C10 -> 1
B47: B | C47: =(D11*IF(((C24-(SUMPRODUCT((1-C35:C41)*C7:C13)-IF(C39=FALSE,C11,0)))/($C$19+(SUMPRODUCT(C35:C41*D7:D13)-IF(C39=TRUE,D11,0))+D11))>$C$21,((C24-(SUMPRODUCT((1-C35:C41)*C7:C13)-IF(C39=FALSE,C11,0)))+$C$20*$C$21)/(($C$19+(SUMPRODUCT(C35:C41*D7:D13)-IF(C39=TRUE,D11,0))+D11)+$C$20),((C24-(SUMPRODUCT((1-C35:C41)*C7:C13)-IF(C39=FALSE,C11,0)))/($C$19+(SUMPRODUCT(C35:C41*D7:D13)-IF(C39=TRUE,D11,0))+D11))))>C11 -> 0 | D47: =(D11*IF(((D24-(SUMPRODUCT((1-D35:D41)*C7:C13)-IF(D39=FALSE,C11,0)))/($C$19+(SUMPRODUCT(D35:D41*D7:D13)-IF(D39=TRUE,D11,0))+D11))>$C$21,((D24-(SUMPRODUCT((1-D35:D41)*C7:C13)-IF(D39=FALSE,C11,0)))+$C$20*$C$21)/(($C$19+(SUMPRODUCT(D35:D41*D7:D13)-IF(D39=TRUE,D11,0))+D11)+$C$20),((D24-(SUMPRODUCT((1-D35:D41)*C7:C13)-IF(D39=FALSE,C11,0)))/($C$19+(SUMPRODUCT(D35:D41*D7:D13)-IF(D39=TRUE,D11,0))+D11))))>C11 -> 1 | E47: =(D11*IF(((E24-(SUMPRODUCT((1-E35:E41)*C7:C13)-IF(E39=FALSE,C11,0)))/($C$19+(SUMPRODUCT(E35:E41*D7:D13)-IF(E39=TRUE,D11,0))+D11))>$C$21,((E24-(SUMPRODUCT((1-E35:E41)*C7:C13)-IF(E39=FALSE,C11,0)))+$C$20*$C$21)/(($C$19+(SUMPRODUCT(E35:E41*D7:D13)-IF(E39=TRUE,D11,0))+D11)+$C$20),((E24-(SUMPRODUCT((1-E35:E41)*C7:C13)-IF(E39=FALSE,C11,0)))/($C$19+(SUMPRODUCT(E35:E41*D7:D13)-IF(E39=TRUE,D11,0))+D11))))>C11 -> 1 | F47: =(D11*IF(((F24-(SUMPRODUCT((1-F35:F41)*C7:C13)-IF(F39=FALSE,C11,0)))/($C$19+(SUMPRODUCT(F35:F41*D7:D13)-IF(F39=TRUE,D11,0))+D11))>$C$21,((F24-(SUMPRODUCT((1-F35:F41)*C7:C13)-IF(F39=FALSE,C11,0)))+$C$20*$C$21)/(($C$19+(SUMPRODUCT(F35:F41*D7:D13)-IF(F39=TRUE,D11,0))+D11)+$C$20),((F24-(SUMPRODUCT((1-F35:F41)*C7:C13)-IF(F39=FALSE,C11,0)))/($C$19+(SUMPRODUCT(F35:F41*D7:D13)-IF(F39=TRUE,D11,0))+D11))))>C11 -> 1 | G47: =(D11*IF(((G24-(SUMPRODUCT((1-G35:G41)*C7:C13)-IF(G39=FALSE,C11,0)))/($C$19+(SUMPRODUCT(G35:G41*D7:D13)-IF(G39=TRUE,D11,0))+D11))>$C$21,((G24-(SUMPRODUCT((1-G35:G41)*C7:C13)-IF(G39=FALSE,C11,0)))+$C$20*$C$21)/(($C$19+(SUMPRODUCT(G35:G41*D7:D13)-IF(G39=TRUE,D11,0))+D11)+$C$20),((G24-(SUMPRODUCT((1-G35:G41)*C7:C13)-IF(G39=FALSE,C11,0)))/($C$19+(SUMPRODUCT(G35:G41*D7:D13)-IF(G39=TRUE,D11,0))+D11))))>C11 -> 1
B48: A | C48: =(D12*IF(((C24-(SUMPRODUCT((1-C35:C41)*C7:C13)-IF(C40=FALSE,C12,0)))/($C$19+(SUMPRODUCT(C35:C41*D7:D13)-IF(C40=TRUE,D12,0))+D12))>$C$21,((C24-(SUMPRODUCT((1-C35:C41)*C7:C13)-IF(C40=FALSE,C12,0)))+$C$20*$C$21)/(($C$19+(SUMPRODUCT(C35:C41*D7:D13)-IF(C40=TRUE,D12,0))+D12)+$C$20),((C24-(SUMPRODUCT((1-C35:C41)*C7:C13)-IF(C40=FALSE,C12,0)))/($C$19+(SUMPRODUCT(C35:C41*D7:D13)-IF(C40=TRUE,D12,0))+D12))))>C12 -> 1 | D48: =(D12*IF(((D24-(SUMPRODUCT((1-D35:D41)*C7:C13)-IF(D40=FALSE,C12,0)))/($C$19+(SUMPRODUCT(D35:D41*D7:D13)-IF(D40=TRUE,D12,0))+D12))>$C$21,((D24-(SUMPRODUCT((1-D35:D41)*C7:C13)-IF(D40=FALSE,C12,0)))+$C$20*$C$21)/(($C$19+(SUMPRODUCT(D35:D41*D7:D13)-IF(D40=TRUE,D12,0))+D12)+$C$20),((D24-(SUMPRODUCT((1-D35:D41)*C7:C13)-IF(D40=FALSE,C12,0)))/($C$19+(SUMPRODUCT(D35:D41*D7:D13)-IF(D40=TRUE,D12,0))+D12))))>C12 -> 1 | E48: =(D12*IF(((E24-(SUMPRODUCT((1-E35:E41)*C7:C13)-IF(E40=FALSE,C12,0)))/($C$19+(SUMPRODUCT(E35:E41*D7:D13)-IF(E40=TRUE,D12,0))+D12))>$C$21,((E24-(SUMPRODUCT((1-E35:E41)*C7:C13)-IF(E40=FALSE,C12,0)))+$C$20*$C$21)/(($C$19+(SUMPRODUCT(E35:E41*D7:D13)-IF(E40=TRUE,D12,0))+D12)+$C$20),((E24-(SUMPRODUCT((1-E35:E41)*C7:C13)-IF(E40=FALSE,C12,0)))/($C$19+(SUMPRODUCT(E35:E41*D7:D13)-IF(E40=TRUE,D12,0))+D12))))>C12 -> 1 | F48: =(D12*IF(((F24-(SUMPRODUCT((1-F35:F41)*C7:C13)-IF(F40=FALSE,C12,0)))/($C$19+(SUMPRODUCT(F35:F41*D7:D13)-IF(F40=TRUE,D12,0))+D12))>$C$21,((F24-(SUMPRODUCT((1-F35:F41)*C7:C13)-IF(F40=FALSE,C12,0)))+$C$20*$C$21)/(($C$19+(SUMPRODUCT(F35:F41*D7:D13)-IF(F40=TRUE,D12,0))+D12)+$C$20),((F24-(SUMPRODUCT((1-F35:F41)*C7:C13)-IF(F40=FALSE,C12,0)))/($C$19+(SUMPRODUCT(F35:F41*D7:D13)-IF(F40=TRUE,D12,0))+D12))))>C12 -> 1 | G48: =(D12*IF(((G24-(SUMPRODUCT((1-G35:G41)*C7:C13)-IF(G40=FALSE,C12,0)))/($C$19+(SUMPRODUCT(G35:G41*D7:D13)-IF(G40=TRUE,D12,0))+D12))>$C$21,((G24-(SUMPRODUCT((1-G35:G41)*C7:C13)-IF(G40=FALSE,C12,0)))+$C$20*$C$21)/(($C$19+(SUMPRODUCT(G35:G41*D7:D13)-IF(G40=TRUE,D12,0))+D12)+$C$20),((G24-(SUMPRODUCT((1-G35:G41)*C7:C13)-IF(G40=FALSE,C12,0)))/($C$19+(SUMPRODUCT(G35:G41*D7:D13)-IF(G40=TRUE,D12,0))+D12))))>C12 -> 1
B49: Seed | C49: =(D13*IF(((C24-(SUMPRODUCT((1-C35:C41)*C7:C13)-IF(C41=FALSE,C13,0)))/($C$19+(SUMPRODUCT(C35:C41*D7:D13)-IF(C41=TRUE,D13,0))+D13))>$C$21,((C24-(SUMPRODUCT((1-C35:C41)*C7:C13)-IF(C41=FALSE,C13,0)))+$C$20*$C$21)/(($C$19+(SUMPRODUCT(C35:C41*D7:D13)-IF(C41=TRUE,D13,0))+D13)+$C$20),((C24-(SUMPRODUCT((1-C35:C41)*C7:C13)-IF(C41=FALSE,C13,0)))/($C$19+(SUMPRODUCT(C35:C41*D7:D13)-IF(C41=TRUE,D13,0))+D13))))>C13 -> 1 | D49: =(D13*IF(((D24-(SUMPRODUCT((1-D35:D41)*C7:C13)-IF(D41=FALSE,C13,0)))/($C$19+(SUMPRODUCT(D35:D41*D7:D13)-IF(D41=TRUE,D13,0))+D13))>$C$21,((D24-(SUMPRODUCT((1-D35:D41)*C7:C13)-IF(D41=FALSE,C13,0)))+$C$20*$C$21)/(($C$19+(SUMPRODUCT(D35:D41*D7:D13)-IF(D41=TRUE,D13,0))+D13)+$C$20),((D24-(SUMPRODUCT((1-D35:D41)*C7:C13)-IF(D41=FALSE,C13,0)))/($C$19+(SUMPRODUCT(D35:D41*D7:D13)-IF(D41=TRUE,D13,0))+D13))))>C13 -> 1 | E49: =(D13*IF(((E24-(SUMPRODUCT((1-E35:E41)*C7:C13)-IF(E41=FALSE,C13,0)))/($C$19+(SUMPRODUCT(E35:E41*D7:D13)-IF(E41=TRUE,D13,0))+D13))>$C$21,((E24-(SUMPRODUCT((1-E35:E41)*C7:C13)-IF(E41=FALSE,C13,0)))+$C$20*$C$21)/(($C$19+(SUMPRODUCT(E35:E41*D7:D13)-IF(E41=TRUE,D13,0))+D13)+$C$20),((E24-(SUMPRODUCT((1-E35:E41)*C7:C13)-IF(E41=FALSE,C13,0)))/($C$19+(SUMPRODUCT(E35:E41*D7:D13)-IF(E41=TRUE,D13,0))+D13))))>C13 -> 1 | F49: =(D13*IF(((F24-(SUMPRODUCT((1-F35:F41)*C7:C13)-IF(F41=FALSE,C13,0)))/($C$19+(SUMPRODUCT(F35:F41*D7:D13)-IF(F41=TRUE,D13,0))+D13))>$C$21,((F24-(SUMPRODUCT((1-F35:F41)*C7:C13)-IF(F41=FALSE,C13,0)))+$C$20*$C$21)/(($C$19+(SUMPRODUCT(F35:F41*D7:D13)-IF(F41=TRUE,D13,0))+D13)+$C$20),((F24-(SUMPRODUCT((1-F35:F41)*C7:C13)-IF(F41=FALSE,C13,0)))/($C$19+(SUMPRODUCT(F35:F41*D7:D13)-IF(F41=TRUE,D13,0))+D13))))>C13 -> 1 | G49: =(D13*IF(((G24-(SUMPRODUCT((1-G35:G41)*C7:C13)-IF(G41=FALSE,C13,0)))/($C$19+(SUMPRODUCT(G35:G41*D7:D13)-IF(G41=TRUE,D13,0))+D13))>$C$21,((G24-(SUMPRODUCT((1-G35:G41)*C7:C13)-IF(G41=FALSE,C13,0)))+$C$20*$C$21)/(($C$19+(SUMPRODUCT(G35:G41*D7:D13)-IF(G41=TRUE,D13,0))+D13)+$C$20),((G24-(SUMPRODUCT((1-G35:G41)*C7:C13)-IF(G41=FALSE,C13,0)))/($C$19+(SUMPRODUCT(G35:G41*D7:D13)-IF(G41=TRUE,D13,0))+D13))))>C13 -> 1
B50: Pass 4 elections (TRUE=convert)
B51: F | C51: =(D7*IF(((C24-(SUMPRODUCT((1-C43:C49)*C7:C13)-IF(C43=FALSE,C7,0)))/($C$19+(SUMPRODUCT(C43:C49*D7:D13)-IF(C43=TRUE,D7,0))+D7))>$C$21,((C24-(SUMPRODUCT((1-C43:C49)*C7:C13)-IF(C43=FALSE,C7,0)))+$C$20*$C$21)/(($C$19+(SUMPRODUCT(C43:C49*D7:D13)-IF(C43=TRUE,D7,0))+D7)+$C$20),((C24-(SUMPRODUCT((1-C43:C49)*C7:C13)-IF(C43=FALSE,C7,0)))/($C$19+(SUMPRODUCT(C43:C49*D7:D13)-IF(C43=TRUE,D7,0))+D7))))>C7 -> 0 | D51: =(D7*IF(((D24-(SUMPRODUCT((1-D43:D49)*C7:C13)-IF(D43=FALSE,C7,0)))/($C$19+(SUMPRODUCT(D43:D49*D7:D13)-IF(D43=TRUE,D7,0))+D7))>$C$21,((D24-(SUMPRODUCT((1-D43:D49)*C7:C13)-IF(D43=FALSE,C7,0)))+$C$20*$C$21)/(($C$19+(SUMPRODUCT(D43:D49*D7:D13)-IF(D43=TRUE,D7,0))+D7)+$C$20),((D24-(SUMPRODUCT((1-D43:D49)*C7:C13)-IF(D43=FALSE,C7,0)))/($C$19+(SUMPRODUCT(D43:D49*D7:D13)-IF(D43=TRUE,D7,0))+D7))))>C7 -> 0 | E51: =(D7*IF(((E24-(SUMPRODUCT((1-E43:E49)*C7:C13)-IF(E43=FALSE,C7,0)))/($C$19+(SUMPRODUCT(E43:E49*D7:D13)-IF(E43=TRUE,D7,0))+D7))>$C$21,((E24-(SUMPRODUCT((1-E43:E49)*C7:C13)-IF(E43=FALSE,C7,0)))+$C$20*$C$21)/(($C$19+(SUMPRODUCT(E43:E49*D7:D13)-IF(E43=TRUE,D7,0))+D7)+$C$20),((E24-(SUMPRODUCT((1-E43:E49)*C7:C13)-IF(E43=FALSE,C7,0)))/($C$19+(SUMPRODUCT(E43:E49*D7:D13)-IF(E43=TRUE,D7,0))+D7))))>C7 -> 1 | F51: =(D7*IF(((F24-(SUMPRODUCT((1-F43:F49)*C7:C13)-IF(F43=FALSE,C7,0)))/($C$19+(SUMPRODUCT(F43:F49*D7:D13)-IF(F43=TRUE,D7,0))+D7))>$C$21,((F24-(SUMPRODUCT((1-F43:F49)*C7:C13)-IF(F43=FALSE,C7,0)))+$C$20*$C$21)/(($C$19+(SUMPRODUCT(F43:F49*D7:D13)-IF(F43=TRUE,D7,0))+D7)+$C$20),((F24-(SUMPRODUCT((1-F43:F49)*C7:C13)-IF(F43=FALSE,C7,0)))/($C$19+(SUMPRODUCT(F43:F49*D7:D13)-IF(F43=TRUE,D7,0))+D7))))>C7 -> 1 | G51: =(D7*IF(((G24-(SUMPRODUCT((1-G43:G49)*C7:C13)-IF(G43=FALSE,C7,0)))/($C$19+(SUMPRODUCT(G43:G49*D7:D13)-IF(G43=TRUE,D7,0))+D7))>$C$21,((G24-(SUMPRODUCT((1-G43:G49)*C7:C13)-IF(G43=FALSE,C7,0)))+$C$20*$C$21)/(($C$19+(SUMPRODUCT(G43:G49*D7:D13)-IF(G43=TRUE,D7,0))+D7)+$C$20),((G24-(SUMPRODUCT((1-G43:G49)*C7:C13)-IF(G43=FALSE,C7,0)))/($C$19+(SUMPRODUCT(G43:G49*D7:D13)-IF(G43=TRUE,D7,0))+D7))))>C7 -> 1
B52: E | C52: =(D8*IF(((C24-(SUMPRODUCT((1-C43:C49)*C7:C13)-IF(C44=FALSE,C8,0)))/($C$19+(SUMPRODUCT(C43:C49*D7:D13)-IF(C44=TRUE,D8,0))+D8))>$C$21,((C24-(SUMPRODUCT((1-C43:C49)*C7:C13)-IF(C44=FALSE,C8,0)))+$C$20*$C$21)/(($C$19+(SUMPRODUCT(C43:C49*D7:D13)-IF(C44=TRUE,D8,0))+D8)+$C$20),((C24-(SUMPRODUCT((1-C43:C49)*C7:C13)-IF(C44=FALSE,C8,0)))/($C$19+(SUMPRODUCT(C43:C49*D7:D13)-IF(C44=TRUE,D8,0))+D8))))>C8 -> 0 | D52: =(D8*IF(((D24-(SUMPRODUCT((1-D43:D49)*C7:C13)-IF(D44=FALSE,C8,0)))/($C$19+(SUMPRODUCT(D43:D49*D7:D13)-IF(D44=TRUE,D8,0))+D8))>$C$21,((D24-(SUMPRODUCT((1-D43:D49)*C7:C13)-IF(D44=FALSE,C8,0)))+$C$20*$C$21)/(($C$19+(SUMPRODUCT(D43:D49*D7:D13)-IF(D44=TRUE,D8,0))+D8)+$C$20),((D24-(SUMPRODUCT((1-D43:D49)*C7:C13)-IF(D44=FALSE,C8,0)))/($C$19+(SUMPRODUCT(D43:D49*D7:D13)-IF(D44=TRUE,D8,0))+D8))))>C8 -> 0 | E52: =(D8*IF(((E24-(SUMPRODUCT((1-E43:E49)*C7:C13)-IF(E44=FALSE,C8,0)))/($C$19+(SUMPRODUCT(E43:E49*D7:D13)-IF(E44=TRUE,D8,0))+D8))>$C$21,((E24-(SUMPRODUCT((1-E43:E49)*C7:C13)-IF(E44=FALSE,C8,0)))+$C$20*$C$21)/(($C$19+(SUMPRODUCT(E43:E49*D7:D13)-IF(E44=TRUE,D8,0))+D8)+$C$20),((E24-(SUMPRODUCT((1-E43:E49)*C7:C13)-IF(E44=FALSE,C8,0)))/($C$19+(SUMPRODUCT(E43:E49*D7:D13)-IF(E44=TRUE,D8,0))+D8))))>C8 -> 1 | F52: =(D8*IF(((F24-(SUMPRODUCT((1-F43:F49)*C7:C13)-IF(F44=FALSE,C8,0)))/($C$19+(SUMPRODUCT(F43:F49*D7:D13)-IF(F44=TRUE,D8,0))+D8))>$C$21,((F24-(SUMPRODUCT((1-F43:F49)*C7:C13)-IF(F44=FALSE,C8,0)))+$C$20*$C$21)/(($C$19+(SUMPRODUCT(F43:F49*D7:D13)-IF(F44=TRUE,D8,0))+D8)+$C$20),((F24-(SUMPRODUCT((1-F43:F49)*C7:C13)-IF(F44=FALSE,C8,0)))/($C$19+(SUMPRODUCT(F43:F49*D7:D13)-IF(F44=TRUE,D8,0))+D8))))>C8 -> 1 | G52: =(D8*IF(((G24-(SUMPRODUCT((1-G43:G49)*C7:C13)-IF(G44=FALSE,C8,0)))/($C$19+(SUMPRODUCT(G43:G49*D7:D13)-IF(G44=TRUE,D8,0))+D8))>$C$21,((G24-(SUMPRODUCT((1-G43:G49)*C7:C13)-IF(G44=FALSE,C8,0)))+$C$20*$C$21)/(($C$19+(SUMPRODUCT(G43:G49*D7:D13)-IF(G44=TRUE,D8,0))+D8)+$C$20),((G24-(SUMPRODUCT((1-G43:G49)*C7:C13)-IF(G44=FALSE,C8,0)))/($C$19+(SUMPRODUCT(G43:G49*D7:D13)-IF(G44=TRUE,D8,0))+D8))))>C8 -> 1
B53: D | C53: =(D9*IF(((C24-(SUMPRODUCT((1-C43:C49)*C7:C13)-IF(C45=FALSE,C9,0)))/($C$19+(SUMPRODUCT(C43:C49*D7:D13)-IF(C45=TRUE,D9,0))+D9))>$C$21,((C24-(SUMPRODUCT((1-C43:C49)*C7:C13)-IF(C45=FALSE,C9,0)))+$C$20*$C$21)/(($C$19+(SUMPRODUCT(C43:C49*D7:D13)-IF(C45=TRUE,D9,0))+D9)+$C$20),((C24-(SUMPRODUCT((1-C43:C49)*C7:C13)-IF(C45=FALSE,C9,0)))/($C$19+(SUMPRODUCT(C43:C49*D7:D13)-IF(C45=TRUE,D9,0))+D9))))>C9 -> 0 | D53: =(D9*IF(((D24-(SUMPRODUCT((1-D43:D49)*C7:C13)-IF(D45=FALSE,C9,0)))/($C$19+(SUMPRODUCT(D43:D49*D7:D13)-IF(D45=TRUE,D9,0))+D9))>$C$21,((D24-(SUMPRODUCT((1-D43:D49)*C7:C13)-IF(D45=FALSE,C9,0)))+$C$20*$C$21)/(($C$19+(SUMPRODUCT(D43:D49*D7:D13)-IF(D45=TRUE,D9,0))+D9)+$C$20),((D24-(SUMPRODUCT((1-D43:D49)*C7:C13)-IF(D45=FALSE,C9,0)))/($C$19+(SUMPRODUCT(D43:D49*D7:D13)-IF(D45=TRUE,D9,0))+D9))))>C9 -> 0 | E53: =(D9*IF(((E24-(SUMPRODUCT((1-E43:E49)*C7:C13)-IF(E45=FALSE,C9,0)))/($C$19+(SUMPRODUCT(E43:E49*D7:D13)-IF(E45=TRUE,D9,0))+D9))>$C$21,((E24-(SUMPRODUCT((1-E43:E49)*C7:C13)-IF(E45=FALSE,C9,0)))+$C$20*$C$21)/(($C$19+(SUMPRODUCT(E43:E49*D7:D13)-IF(E45=TRUE,D9,0))+D9)+$C$20),((E24-(SUMPRODUCT((1-E43:E49)*C7:C13)-IF(E45=FALSE,C9,0)))/($C$19+(SUMPRODUCT(E43:E49*D7:D13)-IF(E45=TRUE,D9,0))+D9))))>C9 -> 0 | F53: =(D9*IF(((F24-(SUMPRODUCT((1-F43:F49)*C7:C13)-IF(F45=FALSE,C9,0)))/($C$19+(SUMPRODUCT(F43:F49*D7:D13)-IF(F45=TRUE,D9,0))+D9))>$C$21,((F24-(SUMPRODUCT((1-F43:F49)*C7:C13)-IF(F45=FALSE,C9,0)))+$C$20*$C$21)/(($C$19+(SUMPRODUCT(F43:F49*D7:D13)-IF(F45=TRUE,D9,0))+D9)+$C$20),((F24-(SUMPRODUCT((1-F43:F49)*C7:C13)-IF(F45=FALSE,C9,0)))/($C$19+(SUMPRODUCT(F43:F49*D7:D13)-IF(F45=TRUE,D9,0))+D9))))>C9 -> 1 | G53: =(D9*IF(((G24-(SUMPRODUCT((1-G43:G49)*C7:C13)-IF(G45=FALSE,C9,0)))/($C$19+(SUMPRODUCT(G43:G49*D7:D13)-IF(G45=TRUE,D9,0))+D9))>$C$21,((G24-(SUMPRODUCT((1-G43:G49)*C7:C13)-IF(G45=FALSE,C9,0)))+$C$20*$C$21)/(($C$19+(SUMPRODUCT(G43:G49*D7:D13)-IF(G45=TRUE,D9,0))+D9)+$C$20),((G24-(SUMPRODUCT((1-G43:G49)*C7:C13)-IF(G45=FALSE,C9,0)))/($C$19+(SUMPRODUCT(G43:G49*D7:D13)-IF(G45=TRUE,D9,0))+D9))))>C9 -> 1
B54: C | C54: =(D10*IF(((C24-(SUMPRODUCT((1-C43:C49)*C7:C13)-IF(C46=FALSE,C10,0)))/($C$19+(SUMPRODUCT(C43:C49*D7:D13)-IF(C46=TRUE,D10,0))+D10))>$C$21,((C24-(SUMPRODUCT((1-C43:C49)*C7:C13)-IF(C46=FALSE,C10,0)))+$C$20*$C$21)/(($C$19+(SUMPRODUCT(C43:C49*D7:D13)-IF(C46=TRUE,D10,0))+D10)+$C$20),((C24-(SUMPRODUCT((1-C43:C49)*C7:C13)-IF(C46=FALSE,C10,0)))/($C$19+(SUMPRODUCT(C43:C49*D7:D13)-IF(C46=TRUE,D10,0))+D10))))>C10 -> 0 | D54: =(D10*IF(((D24-(SUMPRODUCT((1-D43:D49)*C7:C13)-IF(D46=FALSE,C10,0)))/($C$19+(SUMPRODUCT(D43:D49*D7:D13)-IF(D46=TRUE,D10,0))+D10))>$C$21,((D24-(SUMPRODUCT((1-D43:D49)*C7:C13)-IF(D46=FALSE,C10,0)))+$C$20*$C$21)/(($C$19+(SUMPRODUCT(D43:D49*D7:D13)-IF(D46=TRUE,D10,0))+D10)+$C$20),((D24-(SUMPRODUCT((1-D43:D49)*C7:C13)-IF(D46=FALSE,C10,0)))/($C$19+(SUMPRODUCT(D43:D49*D7:D13)-IF(D46=TRUE,D10,0))+D10))))>C10 -> 1 | E54: =(D10*IF(((E24-(SUMPRODUCT((1-E43:E49)*C7:C13)-IF(E46=FALSE,C10,0)))/($C$19+(SUMPRODUCT(E43:E49*D7:D13)-IF(E46=TRUE,D10,0))+D10))>$C$21,((E24-(SUMPRODUCT((1-E43:E49)*C7:C13)-IF(E46=FALSE,C10,0)))+$C$20*$C$21)/(($C$19+(SUMPRODUCT(E43:E49*D7:D13)-IF(E46=TRUE,D10,0))+D10)+$C$20),((E24-(SUMPRODUCT((1-E43:E49)*C7:C13)-IF(E46=FALSE,C10,0)))/($C$19+(SUMPRODUCT(E43:E49*D7:D13)-IF(E46=TRUE,D10,0))+D10))))>C10 -> 1 | F54: =(D10*IF(((F24-(SUMPRODUCT((1-F43:F49)*C7:C13)-IF(F46=FALSE,C10,0)))/($C$19+(SUMPRODUCT(F43:F49*D7:D13)-IF(F46=TRUE,D10,0))+D10))>$C$21,((F24-(SUMPRODUCT((1-F43:F49)*C7:C13)-IF(F46=FALSE,C10,0)))+$C$20*$C$21)/(($C$19+(SUMPRODUCT(F43:F49*D7:D13)-IF(F46=TRUE,D10,0))+D10)+$C$20),((F24-(SUMPRODUCT((1-F43:F49)*C7:C13)-IF(F46=FALSE,C10,0)))/($C$19+(SUMPRODUCT(F43:F49*D7:D13)-IF(F46=TRUE,D10,0))+D10))))>C10 -> 1 | G54: =(D10*IF(((G24-(SUMPRODUCT((1-G43:G49)*C7:C13)-IF(G46=FALSE,C10,0)))/($C$19+(SUMPRODUCT(G43:G49*D7:D13)-IF(G46=TRUE,D10,0))+D10))>$C$21,((G24-(SUMPRODUCT((1-G43:G49)*C7:C13)-IF(G46=FALSE,C10,0)))+$C$20*$C$21)/(($C$19+(SUMPRODUCT(G43:G49*D7:D13)-IF(G46=TRUE,D10,0))+D10)+$C$20),((G24-(SUMPRODUCT((1-G43:G49)*C7:C13)-IF(G46=FALSE,C10,0)))/($C$19+(SUMPRODUCT(G43:G49*D7:D13)-IF(G46=TRUE,D10,0))+D10))))>C10 -> 1
B55: B | C55: =(D11*IF(((C24-(SUMPRODUCT((1-C43:C49)*C7:C13)-IF(C47=FALSE,C11,0)))/($C$19+(SUMPRODUCT(C43:C49*D7:D13)-IF(C47=TRUE,D11,0))+D11))>$C$21,((C24-(SUMPRODUCT((1-C43:C49)*C7:C13)-IF(C47=FALSE,C11,0)))+$C$20*$C$21)/(($C$19+(SUMPRODUCT(C43:C49*D7:D13)-IF(C47=TRUE,D11,0))+D11)+$C$20),((C24-(SUMPRODUCT((1-C43:C49)*C7:C13)-IF(C47=FALSE,C11,0)))/($C$19+(SUMPRODUCT(C43:C49*D7:D13)-IF(C47=TRUE,D11,0))+D11))))>C11 -> 0 | D55: =(D11*IF(((D24-(SUMPRODUCT((1-D43:D49)*C7:C13)-IF(D47=FALSE,C11,0)))/($C$19+(SUMPRODUCT(D43:D49*D7:D13)-IF(D47=TRUE,D11,0))+D11))>$C$21,((D24-(SUMPRODUCT((1-D43:D49)*C7:C13)-IF(D47=FALSE,C11,0)))+$C$20*$C$21)/(($C$19+(SUMPRODUCT(D43:D49*D7:D13)-IF(D47=TRUE,D11,0))+D11)+$C$20),((D24-(SUMPRODUCT((1-D43:D49)*C7:C13)-IF(D47=FALSE,C11,0)))/($C$19+(SUMPRODUCT(D43:D49*D7:D13)-IF(D47=TRUE,D11,0))+D11))))>C11 -> 1 | E55: =(D11*IF(((E24-(SUMPRODUCT((1-E43:E49)*C7:C13)-IF(E47=FALSE,C11,0)))/($C$19+(SUMPRODUCT(E43:E49*D7:D13)-IF(E47=TRUE,D11,0))+D11))>$C$21,((E24-(SUMPRODUCT((1-E43:E49)*C7:C13)-IF(E47=FALSE,C11,0)))+$C$20*$C$21)/(($C$19+(SUMPRODUCT(E43:E49*D7:D13)-IF(E47=TRUE,D11,0))+D11)+$C$20),((E24-(SUMPRODUCT((1-E43:E49)*C7:C13)-IF(E47=FALSE,C11,0)))/($C$19+(SUMPRODUCT(E43:E49*D7:D13)-IF(E47=TRUE,D11,0))+D11))))>C11 -> 1 | F55: =(D11*IF(((F24-(SUMPRODUCT((1-F43:F49)*C7:C13)-IF(F47=FALSE,C11,0)))/($C$19+(SUMPRODUCT(F43:F49*D7:D13)-IF(F47=TRUE,D11,0))+D11))>$C$21,((F24-(SUMPRODUCT((1-F43:F49)*C7:C13)-IF(F47=FALSE,C11,0)))+$C$20*$C$21)/(($C$19+(SUMPRODUCT(F43:F49*D7:D13)-IF(F47=TRUE,D11,0))+D11)+$C$20),((F24-(SUMPRODUCT((1-F43:F49)*C7:C13)-IF(F47=FALSE,C11,0)))/($C$19+(SUMPRODUCT(F43:F49*D7:D13)-IF(F47=TRUE,D11,0))+D11))))>C11 -> 1 | G55: =(D11*IF(((G24-(SUMPRODUCT((1-G43:G49)*C7:C13)-IF(G47=FALSE,C11,0)))/($C$19+(SUMPRODUCT(G43:G49*D7:D13)-IF(G47=TRUE,D11,0))+D11))>$C$21,((G24-(SUMPRODUCT((1-G43:G49)*C7:C13)-IF(G47=FALSE,C11,0)))+$C$20*$C$21)/(($C$19+(SUMPRODUCT(G43:G49*D7:D13)-IF(G47=TRUE,D11,0))+D11)+$C$20),((G24-(SUMPRODUCT((1-G43:G49)*C7:C13)-IF(G47=FALSE,C11,0)))/($C$19+(SUMPRODUCT(G43:G49*D7:D13)-IF(G47=TRUE,D11,0))+D11))))>C11 -> 1
B56: A | C56: =(D12*IF(((C24-(SUMPRODUCT((1-C43:C49)*C7:C13)-IF(C48=FALSE,C12,0)))/($C$19+(SUMPRODUCT(C43:C49*D7:D13)-IF(C48=TRUE,D12,0))+D12))>$C$21,((C24-(SUMPRODUCT((1-C43:C49)*C7:C13)-IF(C48=FALSE,C12,0)))+$C$20*$C$21)/(($C$19+(SUMPRODUCT(C43:C49*D7:D13)-IF(C48=TRUE,D12,0))+D12)+$C$20),((C24-(SUMPRODUCT((1-C43:C49)*C7:C13)-IF(C48=FALSE,C12,0)))/($C$19+(SUMPRODUCT(C43:C49*D7:D13)-IF(C48=TRUE,D12,0))+D12))))>C12 -> 1 | D56: =(D12*IF(((D24-(SUMPRODUCT((1-D43:D49)*C7:C13)-IF(D48=FALSE,C12,0)))/($C$19+(SUMPRODUCT(D43:D49*D7:D13)-IF(D48=TRUE,D12,0))+D12))>$C$21,((D24-(SUMPRODUCT((1-D43:D49)*C7:C13)-IF(D48=FALSE,C12,0)))+$C$20*$C$21)/(($C$19+(SUMPRODUCT(D43:D49*D7:D13)-IF(D48=TRUE,D12,0))+D12)+$C$20),((D24-(SUMPRODUCT((1-D43:D49)*C7:C13)-IF(D48=FALSE,C12,0)))/($C$19+(SUMPRODUCT(D43:D49*D7:D13)-IF(D48=TRUE,D12,0))+D12))))>C12 -> 1 | E56: =(D12*IF(((E24-(SUMPRODUCT((1-E43:E49)*C7:C13)-IF(E48=FALSE,C12,0)))/($C$19+(SUMPRODUCT(E43:E49*D7:D13)-IF(E48=TRUE,D12,0))+D12))>$C$21,((E24-(SUMPRODUCT((1-E43:E49)*C7:C13)-IF(E48=FALSE,C12,0)))+$C$20*$C$21)/(($C$19+(SUMPRODUCT(E43:E49*D7:D13)-IF(E48=TRUE,D12,0))+D12)+$C$20),((E24-(SUMPRODUCT((1-E43:E49)*C7:C13)-IF(E48=FALSE,C12,0)))/($C$19+(SUMPRODUCT(E43:E49*D7:D13)-IF(E48=TRUE,D12,0))+D12))))>C12 -> 1 | F56: =(D12*IF(((F24-(SUMPRODUCT((1-F43:F49)*C7:C13)-IF(F48=FALSE,C12,0)))/($C$19+(SUMPRODUCT(F43:F49*D7:D13)-IF(F48=TRUE,D12,0))+D12))>$C$21,((F24-(SUMPRODUCT((1-F43:F49)*C7:C13)-IF(F48=FALSE,C12,0)))+$C$20*$C$21)/(($C$19+(SUMPRODUCT(F43:F49*D7:D13)-IF(F48=TRUE,D12,0))+D12)+$C$20),((F24-(SUMPRODUCT((1-F43:F49)*C7:C13)-IF(F48=FALSE,C12,0)))/($C$19+(SUMPRODUCT(F43:F49*D7:D13)-IF(F48=TRUE,D12,0))+D12))))>C12 -> 1 | G56: =(D12*IF(((G24-(SUMPRODUCT((1-G43:G49)*C7:C13)-IF(G48=FALSE,C12,0)))/($C$19+(SUMPRODUCT(G43:G49*D7:D13)-IF(G48=TRUE,D12,0))+D12))>$C$21,((G24-(SUMPRODUCT((1-G43:G49)*C7:C13)-IF(G48=FALSE,C12,0)))+$C$20*$C$21)/(($C$19+(SUMPRODUCT(G43:G49*D7:D13)-IF(G48=TRUE,D12,0))+D12)+$C$20),((G24-(SUMPRODUCT((1-G43:G49)*C7:C13)-IF(G48=FALSE,C12,0)))/($C$19+(SUMPRODUCT(G43:G49*D7:D13)-IF(G48=TRUE,D12,0))+D12))))>C12 -> 1
B57: Seed | C57: =(D13*IF(((C24-(SUMPRODUCT((1-C43:C49)*C7:C13)-IF(C49=FALSE,C13,0)))/($C$19+(SUMPRODUCT(C43:C49*D7:D13)-IF(C49=TRUE,D13,0))+D13))>$C$21,((C24-(SUMPRODUCT((1-C43:C49)*C7:C13)-IF(C49=FALSE,C13,0)))+$C$20*$C$21)/(($C$19+(SUMPRODUCT(C43:C49*D7:D13)-IF(C49=TRUE,D13,0))+D13)+$C$20),((C24-(SUMPRODUCT((1-C43:C49)*C7:C13)-IF(C49=FALSE,C13,0)))/($C$19+(SUMPRODUCT(C43:C49*D7:D13)-IF(C49=TRUE,D13,0))+D13))))>C13 -> 1 | D57: =(D13*IF(((D24-(SUMPRODUCT((1-D43:D49)*C7:C13)-IF(D49=FALSE,C13,0)))/($C$19+(SUMPRODUCT(D43:D49*D7:D13)-IF(D49=TRUE,D13,0))+D13))>$C$21,((D24-(SUMPRODUCT((1-D43:D49)*C7:C13)-IF(D49=FALSE,C13,0)))+$C$20*$C$21)/(($C$19+(SUMPRODUCT(D43:D49*D7:D13)-IF(D49=TRUE,D13,0))+D13)+$C$20),((D24-(SUMPRODUCT((1-D43:D49)*C7:C13)-IF(D49=FALSE,C13,0)))/($C$19+(SUMPRODUCT(D43:D49*D7:D13)-IF(D49=TRUE,D13,0))+D13))))>C13 -> 1 | E57: =(D13*IF(((E24-(SUMPRODUCT((1-E43:E49)*C7:C13)-IF(E49=FALSE,C13,0)))/($C$19+(SUMPRODUCT(E43:E49*D7:D13)-IF(E49=TRUE,D13,0))+D13))>$C$21,((E24-(SUMPRODUCT((1-E43:E49)*C7:C13)-IF(E49=FALSE,C13,0)))+$C$20*$C$21)/(($C$19+(SUMPRODUCT(E43:E49*D7:D13)-IF(E49=TRUE,D13,0))+D13)+$C$20),((E24-(SUMPRODUCT((1-E43:E49)*C7:C13)-IF(E49=FALSE,C13,0)))/($C$19+(SUMPRODUCT(E43:E49*D7:D13)-IF(E49=TRUE,D13,0))+D13))))>C13 -> 1 | F57: =(D13*IF(((F24-(SUMPRODUCT((1-F43:F49)*C7:C13)-IF(F49=FALSE,C13,0)))/($C$19+(SUMPRODUCT(F43:F49*D7:D13)-IF(F49=TRUE,D13,0))+D13))>$C$21,((F24-(SUMPRODUCT((1-F43:F49)*C7:C13)-IF(F49=FALSE,C13,0)))+$C$20*$C$21)/(($C$19+(SUMPRODUCT(F43:F49*D7:D13)-IF(F49=TRUE,D13,0))+D13)+$C$20),((F24-(SUMPRODUCT((1-F43:F49)*C7:C13)-IF(F49=FALSE,C13,0)))/($C$19+(SUMPRODUCT(F43:F49*D7:D13)-IF(F49=TRUE,D13,0))+D13))))>C13 -> 1 | G57: =(D13*IF(((G24-(SUMPRODUCT((1-G43:G49)*C7:C13)-IF(G49=FALSE,C13,0)))/($C$19+(SUMPRODUCT(G43:G49*D7:D13)-IF(G49=TRUE,D13,0))+D13))>$C$21,((G24-(SUMPRODUCT((1-G43:G49)*C7:C13)-IF(G49=FALSE,C13,0)))+$C$20*$C$21)/(($C$19+(SUMPRODUCT(G43:G49*D7:D13)-IF(G49=TRUE,D13,0))+D13)+$C$20),((G24-(SUMPRODUCT((1-G43:G49)*C7:C13)-IF(G49=FALSE,C13,0)))/($C$19+(SUMPRODUCT(G43:G49*D7:D13)-IF(G49=TRUE,D13,0))+D13))))>C13 -> 1
B58: Pass 5 elections (TRUE=convert)
B59: F | C59: =(D7*IF(((C24-(SUMPRODUCT((1-C51:C57)*C7:C13)-IF(C51=FALSE,C7,0)))/($C$19+(SUMPRODUCT(C51:C57*D7:D13)-IF(C51=TRUE,D7,0))+D7))>$C$21,((C24-(SUMPRODUCT((1-C51:C57)*C7:C13)-IF(C51=FALSE,C7,0)))+$C$20*$C$21)/(($C$19+(SUMPRODUCT(C51:C57*D7:D13)-IF(C51=TRUE,D7,0))+D7)+$C$20),((C24-(SUMPRODUCT((1-C51:C57)*C7:C13)-IF(C51=FALSE,C7,0)))/($C$19+(SUMPRODUCT(C51:C57*D7:D13)-IF(C51=TRUE,D7,0))+D7))))>C7 -> 0 | D59: =(D7*IF(((D24-(SUMPRODUCT((1-D51:D57)*C7:C13)-IF(D51=FALSE,C7,0)))/($C$19+(SUMPRODUCT(D51:D57*D7:D13)-IF(D51=TRUE,D7,0))+D7))>$C$21,((D24-(SUMPRODUCT((1-D51:D57)*C7:C13)-IF(D51=FALSE,C7,0)))+$C$20*$C$21)/(($C$19+(SUMPRODUCT(D51:D57*D7:D13)-IF(D51=TRUE,D7,0))+D7)+$C$20),((D24-(SUMPRODUCT((1-D51:D57)*C7:C13)-IF(D51=FALSE,C7,0)))/($C$19+(SUMPRODUCT(D51:D57*D7:D13)-IF(D51=TRUE,D7,0))+D7))))>C7 -> 0 | E59: =(D7*IF(((E24-(SUMPRODUCT((1-E51:E57)*C7:C13)-IF(E51=FALSE,C7,0)))/($C$19+(SUMPRODUCT(E51:E57*D7:D13)-IF(E51=TRUE,D7,0))+D7))>$C$21,((E24-(SUMPRODUCT((1-E51:E57)*C7:C13)-IF(E51=FALSE,C7,0)))+$C$20*$C$21)/(($C$19+(SUMPRODUCT(E51:E57*D7:D13)-IF(E51=TRUE,D7,0))+D7)+$C$20),((E24-(SUMPRODUCT((1-E51:E57)*C7:C13)-IF(E51=FALSE,C7,0)))/($C$19+(SUMPRODUCT(E51:E57*D7:D13)-IF(E51=TRUE,D7,0))+D7))))>C7 -> 1 | F59: =(D7*IF(((F24-(SUMPRODUCT((1-F51:F57)*C7:C13)-IF(F51=FALSE,C7,0)))/($C$19+(SUMPRODUCT(F51:F57*D7:D13)-IF(F51=TRUE,D7,0))+D7))>$C$21,((F24-(SUMPRODUCT((1-F51:F57)*C7:C13)-IF(F51=FALSE,C7,0)))+$C$20*$C$21)/(($C$19+(SUMPRODUCT(F51:F57*D7:D13)-IF(F51=TRUE,D7,0))+D7)+$C$20),((F24-(SUMPRODUCT((1-F51:F57)*C7:C13)-IF(F51=FALSE,C7,0)))/($C$19+(SUMPRODUCT(F51:F57*D7:D13)-IF(F51=TRUE,D7,0))+D7))))>C7 -> 1 | G59: =(D7*IF(((G24-(SUMPRODUCT((1-G51:G57)*C7:C13)-IF(G51=FALSE,C7,0)))/($C$19+(SUMPRODUCT(G51:G57*D7:D13)-IF(G51=TRUE,D7,0))+D7))>$C$21,((G24-(SUMPRODUCT((1-G51:G57)*C7:C13)-IF(G51=FALSE,C7,0)))+$C$20*$C$21)/(($C$19+(SUMPRODUCT(G51:G57*D7:D13)-IF(G51=TRUE,D7,0))+D7)+$C$20),((G24-(SUMPRODUCT((1-G51:G57)*C7:C13)-IF(G51=FALSE,C7,0)))/($C$19+(SUMPRODUCT(G51:G57*D7:D13)-IF(G51=TRUE,D7,0))+D7))))>C7 -> 1
B60: E | C60: =(D8*IF(((C24-(SUMPRODUCT((1-C51:C57)*C7:C13)-IF(C52=FALSE,C8,0)))/($C$19+(SUMPRODUCT(C51:C57*D7:D13)-IF(C52=TRUE,D8,0))+D8))>$C$21,((C24-(SUMPRODUCT((1-C51:C57)*C7:C13)-IF(C52=FALSE,C8,0)))+$C$20*$C$21)/(($C$19+(SUMPRODUCT(C51:C57*D7:D13)-IF(C52=TRUE,D8,0))+D8)+$C$20),((C24-(SUMPRODUCT((1-C51:C57)*C7:C13)-IF(C52=FALSE,C8,0)))/($C$19+(SUMPRODUCT(C51:C57*D7:D13)-IF(C52=TRUE,D8,0))+D8))))>C8 -> 0 | D60: =(D8*IF(((D24-(SUMPRODUCT((1-D51:D57)*C7:C13)-IF(D52=FALSE,C8,0)))/($C$19+(SUMPRODUCT(D51:D57*D7:D13)-IF(D52=TRUE,D8,0))+D8))>$C$21,((D24-(SUMPRODUCT((1-D51:D57)*C7:C13)-IF(D52=FALSE,C8,0)))+$C$20*$C$21)/(($C$19+(SUMPRODUCT(D51:D57*D7:D13)-IF(D52=TRUE,D8,0))+D8)+$C$20),((D24-(SUMPRODUCT((1-D51:D57)*C7:C13)-IF(D52=FALSE,C8,0)))/($C$19+(SUMPRODUCT(D51:D57*D7:D13)-IF(D52=TRUE,D8,0))+D8))))>C8 -> 0 | E60: =(D8*IF(((E24-(SUMPRODUCT((1-E51:E57)*C7:C13)-IF(E52=FALSE,C8,0)))/($C$19+(SUMPRODUCT(E51:E57*D7:D13)-IF(E52=TRUE,D8,0))+D8))>$C$21,((E24-(SUMPRODUCT((1-E51:E57)*C7:C13)-IF(E52=FALSE,C8,0)))+$C$20*$C$21)/(($C$19+(SUMPRODUCT(E51:E57*D7:D13)-IF(E52=TRUE,D8,0))+D8)+$C$20),((E24-(SUMPRODUCT((1-E51:E57)*C7:C13)-IF(E52=FALSE,C8,0)))/($C$19+(SUMPRODUCT(E51:E57*D7:D13)-IF(E52=TRUE,D8,0))+D8))))>C8 -> 1 | F60: =(D8*IF(((F24-(SUMPRODUCT((1-F51:F57)*C7:C13)-IF(F52=FALSE,C8,0)))/($C$19+(SUMPRODUCT(F51:F57*D7:D13)-IF(F52=TRUE,D8,0))+D8))>$C$21,((F24-(SUMPRODUCT((1-F51:F57)*C7:C13)-IF(F52=FALSE,C8,0)))+$C$20*$C$21)/(($C$19+(SUMPRODUCT(F51:F57*D7:D13)-IF(F52=TRUE,D8,0))+D8)+$C$20),((F24-(SUMPRODUCT((1-F51:F57)*C7:C13)-IF(F52=FALSE,C8,0)))/($C$19+(SUMPRODUCT(F51:F57*D7:D13)-IF(F52=TRUE,D8,0))+D8))))>C8 -> 1 | G60: =(D8*IF(((G24-(SUMPRODUCT((1-G51:G57)*C7:C13)-IF(G52=FALSE,C8,0)))/($C$19+(SUMPRODUCT(G51:G57*D7:D13)-IF(G52=TRUE,D8,0))+D8))>$C$21,((G24-(SUMPRODUCT((1-G51:G57)*C7:C13)-IF(G52=FALSE,C8,0)))+$C$20*$C$21)/(($C$19+(SUMPRODUCT(G51:G57*D7:D13)-IF(G52=TRUE,D8,0))+D8)+$C$20),((G24-(SUMPRODUCT((1-G51:G57)*C7:C13)-IF(G52=FALSE,C8,0)))/($C$19+(SUMPRODUCT(G51:G57*D7:D13)-IF(G52=TRUE,D8,0))+D8))))>C8 -> 1
B61: D | C61: =(D9*IF(((C24-(SUMPRODUCT((1-C51:C57)*C7:C13)-IF(C53=FALSE,C9,0)))/($C$19+(SUMPRODUCT(C51:C57*D7:D13)-IF(C53=TRUE,D9,0))+D9))>$C$21,((C24-(SUMPRODUCT((1-C51:C57)*C7:C13)-IF(C53=FALSE,C9,0)))+$C$20*$C$21)/(($C$19+(SUMPRODUCT(C51:C57*D7:D13)-IF(C53=TRUE,D9,0))+D9)+$C$20),((C24-(SUMPRODUCT((1-C51:C57)*C7:C13)-IF(C53=FALSE,C9,0)))/($C$19+(SUMPRODUCT(C51:C57*D7:D13)-IF(C53=TRUE,D9,0))+D9))))>C9 -> 0 | D61: =(D9*IF(((D24-(SUMPRODUCT((1-D51:D57)*C7:C13)-IF(D53=FALSE,C9,0)))/($C$19+(SUMPRODUCT(D51:D57*D7:D13)-IF(D53=TRUE,D9,0))+D9))>$C$21,((D24-(SUMPRODUCT((1-D51:D57)*C7:C13)-IF(D53=FALSE,C9,0)))+$C$20*$C$21)/(($C$19+(SUMPRODUCT(D51:D57*D7:D13)-IF(D53=TRUE,D9,0))+D9)+$C$20),((D24-(SUMPRODUCT((1-D51:D57)*C7:C13)-IF(D53=FALSE,C9,0)))/($C$19+(SUMPRODUCT(D51:D57*D7:D13)-IF(D53=TRUE,D9,0))+D9))))>C9 -> 0 | E61: =(D9*IF(((E24-(SUMPRODUCT((1-E51:E57)*C7:C13)-IF(E53=FALSE,C9,0)))/($C$19+(SUMPRODUCT(E51:E57*D7:D13)-IF(E53=TRUE,D9,0))+D9))>$C$21,((E24-(SUMPRODUCT((1-E51:E57)*C7:C13)-IF(E53=FALSE,C9,0)))+$C$20*$C$21)/(($C$19+(SUMPRODUCT(E51:E57*D7:D13)-IF(E53=TRUE,D9,0))+D9)+$C$20),((E24-(SUMPRODUCT((1-E51:E57)*C7:C13)-IF(E53=FALSE,C9,0)))/($C$19+(SUMPRODUCT(E51:E57*D7:D13)-IF(E53=TRUE,D9,0))+D9))))>C9 -> 0 | F61: =(D9*IF(((F24-(SUMPRODUCT((1-F51:F57)*C7:C13)-IF(F53=FALSE,C9,0)))/($C$19+(SUMPRODUCT(F51:F57*D7:D13)-IF(F53=TRUE,D9,0))+D9))>$C$21,((F24-(SUMPRODUCT((1-F51:F57)*C7:C13)-IF(F53=FALSE,C9,0)))+$C$20*$C$21)/(($C$19+(SUMPRODUCT(F51:F57*D7:D13)-IF(F53=TRUE,D9,0))+D9)+$C$20),((F24-(SUMPRODUCT((1-F51:F57)*C7:C13)-IF(F53=FALSE,C9,0)))/($C$19+(SUMPRODUCT(F51:F57*D7:D13)-IF(F53=TRUE,D9,0))+D9))))>C9 -> 1 | G61: =(D9*IF(((G24-(SUMPRODUCT((1-G51:G57)*C7:C13)-IF(G53=FALSE,C9,0)))/($C$19+(SUMPRODUCT(G51:G57*D7:D13)-IF(G53=TRUE,D9,0))+D9))>$C$21,((G24-(SUMPRODUCT((1-G51:G57)*C7:C13)-IF(G53=FALSE,C9,0)))+$C$20*$C$21)/(($C$19+(SUMPRODUCT(G51:G57*D7:D13)-IF(G53=TRUE,D9,0))+D9)+$C$20),((G24-(SUMPRODUCT((1-G51:G57)*C7:C13)-IF(G53=FALSE,C9,0)))/($C$19+(SUMPRODUCT(G51:G57*D7:D13)-IF(G53=TRUE,D9,0))+D9))))>C9 -> 1
B62: C | C62: =(D10*IF(((C24-(SUMPRODUCT((1-C51:C57)*C7:C13)-IF(C54=FALSE,C10,0)))/($C$19+(SUMPRODUCT(C51:C57*D7:D13)-IF(C54=TRUE,D10,0))+D10))>$C$21,((C24-(SUMPRODUCT((1-C51:C57)*C7:C13)-IF(C54=FALSE,C10,0)))+$C$20*$C$21)/(($C$19+(SUMPRODUCT(C51:C57*D7:D13)-IF(C54=TRUE,D10,0))+D10)+$C$20),((C24-(SUMPRODUCT((1-C51:C57)*C7:C13)-IF(C54=FALSE,C10,0)))/($C$19+(SUMPRODUCT(C51:C57*D7:D13)-IF(C54=TRUE,D10,0))+D10))))>C10 -> 0 | D62: =(D10*IF(((D24-(SUMPRODUCT((1-D51:D57)*C7:C13)-IF(D54=FALSE,C10,0)))/($C$19+(SUMPRODUCT(D51:D57*D7:D13)-IF(D54=TRUE,D10,0))+D10))>$C$21,((D24-(SUMPRODUCT((1-D51:D57)*C7:C13)-IF(D54=FALSE,C10,0)))+$C$20*$C$21)/(($C$19+(SUMPRODUCT(D51:D57*D7:D13)-IF(D54=TRUE,D10,0))+D10)+$C$20),((D24-(SUMPRODUCT((1-D51:D57)*C7:C13)-IF(D54=FALSE,C10,0)))/($C$19+(SUMPRODUCT(D51:D57*D7:D13)-IF(D54=TRUE,D10,0))+D10))))>C10 -> 1 | E62: =(D10*IF(((E24-(SUMPRODUCT((1-E51:E57)*C7:C13)-IF(E54=FALSE,C10,0)))/($C$19+(SUMPRODUCT(E51:E57*D7:D13)-IF(E54=TRUE,D10,0))+D10))>$C$21,((E24-(SUMPRODUCT((1-E51:E57)*C7:C13)-IF(E54=FALSE,C10,0)))+$C$20*$C$21)/(($C$19+(SUMPRODUCT(E51:E57*D7:D13)-IF(E54=TRUE,D10,0))+D10)+$C$20),((E24-(SUMPRODUCT((1-E51:E57)*C7:C13)-IF(E54=FALSE,C10,0)))/($C$19+(SUMPRODUCT(E51:E57*D7:D13)-IF(E54=TRUE,D10,0))+D10))))>C10 -> 1 | F62: =(D10*IF(((F24-(SUMPRODUCT((1-F51:F57)*C7:C13)-IF(F54=FALSE,C10,0)))/($C$19+(SUMPRODUCT(F51:F57*D7:D13)-IF(F54=TRUE,D10,0))+D10))>$C$21,((F24-(SUMPRODUCT((1-F51:F57)*C7:C13)-IF(F54=FALSE,C10,0)))+$C$20*$C$21)/(($C$19+(SUMPRODUCT(F51:F57*D7:D13)-IF(F54=TRUE,D10,0))+D10)+$C$20),((F24-(SUMPRODUCT((1-F51:F57)*C7:C13)-IF(F54=FALSE,C10,0)))/($C$19+(SUMPRODUCT(F51:F57*D7:D13)-IF(F54=TRUE,D10,0))+D10))))>C10 -> 1 | G62: =(D10*IF(((G24-(SUMPRODUCT((1-G51:G57)*C7:C13)-IF(G54=FALSE,C10,0)))/($C$19+(SUMPRODUCT(G51:G57*D7:D13)-IF(G54=TRUE,D10,0))+D10))>$C$21,((G24-(SUMPRODUCT((1-G51:G57)*C7:C13)-IF(G54=FALSE,C10,0)))+$C$20*$C$21)/(($C$19+(SUMPRODUCT(G51:G57*D7:D13)-IF(G54=TRUE,D10,0))+D10)+$C$20),((G24-(SUMPRODUCT((1-G51:G57)*C7:C13)-IF(G54=FALSE,C10,0)))/($C$19+(SUMPRODUCT(G51:G57*D7:D13)-IF(G54=TRUE,D10,0))+D10))))>C10 -> 1
B63: B | C63: =(D11*IF(((C24-(SUMPRODUCT((1-C51:C57)*C7:C13)-IF(C55=FALSE,C11,0)))/($C$19+(SUMPRODUCT(C51:C57*D7:D13)-IF(C55=TRUE,D11,0))+D11))>$C$21,((C24-(SUMPRODUCT((1-C51:C57)*C7:C13)-IF(C55=FALSE,C11,0)))+$C$20*$C$21)/(($C$19+(SUMPRODUCT(C51:C57*D7:D13)-IF(C55=TRUE,D11,0))+D11)+$C$20),((C24-(SUMPRODUCT((1-C51:C57)*C7:C13)-IF(C55=FALSE,C11,0)))/($C$19+(SUMPRODUCT(C51:C57*D7:D13)-IF(C55=TRUE,D11,0))+D11))))>C11 -> 0 | D63: =(D11*IF(((D24-(SUMPRODUCT((1-D51:D57)*C7:C13)-IF(D55=FALSE,C11,0)))/($C$19+(SUMPRODUCT(D51:D57*D7:D13)-IF(D55=TRUE,D11,0))+D11))>$C$21,((D24-(SUMPRODUCT((1-D51:D57)*C7:C13)-IF(D55=FALSE,C11,0)))+$C$20*$C$21)/(($C$19+(SUMPRODUCT(D51:D57*D7:D13)-IF(D55=TRUE,D11,0))+D11)+$C$20),((D24-(SUMPRODUCT((1-D51:D57)*C7:C13)-IF(D55=FALSE,C11,0)))/($C$19+(SUMPRODUCT(D51:D57*D7:D13)-IF(D55=TRUE,D11,0))+D11))))>C11 -> 1 | E63: =(D11*IF(((E24-(SUMPRODUCT((1-E51:E57)*C7:C13)-IF(E55=FALSE,C11,0)))/($C$19+(SUMPRODUCT(E51:E57*D7:D13)-IF(E55=TRUE,D11,0))+D11))>$C$21,((E24-(SUMPRODUCT((1-E51:E57)*C7:C13)-IF(E55=FALSE,C11,0)))+$C$20*$C$21)/(($C$19+(SUMPRODUCT(E51:E57*D7:D13)-IF(E55=TRUE,D11,0))+D11)+$C$20),((E24-(SUMPRODUCT((1-E51:E57)*C7:C13)-IF(E55=FALSE,C11,0)))/($C$19+(SUMPRODUCT(E51:E57*D7:D13)-IF(E55=TRUE,D11,0))+D11))))>C11 -> 1 | F63: =(D11*IF(((F24-(SUMPRODUCT((1-F51:F57)*C7:C13)-IF(F55=FALSE,C11,0)))/($C$19+(SUMPRODUCT(F51:F57*D7:D13)-IF(F55=TRUE,D11,0))+D11))>$C$21,((F24-(SUMPRODUCT((1-F51:F57)*C7:C13)-IF(F55=FALSE,C11,0)))+$C$20*$C$21)/(($C$19+(SUMPRODUCT(F51:F57*D7:D13)-IF(F55=TRUE,D11,0))+D11)+$C$20),((F24-(SUMPRODUCT((1-F51:F57)*C7:C13)-IF(F55=FALSE,C11,0)))/($C$19+(SUMPRODUCT(F51:F57*D7:D13)-IF(F55=TRUE,D11,0))+D11))))>C11 -> 1 | G63: =(D11*IF(((G24-(SUMPRODUCT((1-G51:G57)*C7:C13)-IF(G55=FALSE,C11,0)))/($C$19+(SUMPRODUCT(G51:G57*D7:D13)-IF(G55=TRUE,D11,0))+D11))>$C$21,((G24-(SUMPRODUCT((1-G51:G57)*C7:C13)-IF(G55=FALSE,C11,0)))+$C$20*$C$21)/(($C$19+(SUMPRODUCT(G51:G57*D7:D13)-IF(G55=TRUE,D11,0))+D11)+$C$20),((G24-(SUMPRODUCT((1-G51:G57)*C7:C13)-IF(G55=FALSE,C11,0)))/($C$19+(SUMPRODUCT(G51:G57*D7:D13)-IF(G55=TRUE,D11,0))+D11))))>C11 -> 1
B64: A | C64: =(D12*IF(((C24-(SUMPRODUCT((1-C51:C57)*C7:C13)-IF(C56=FALSE,C12,0)))/($C$19+(SUMPRODUCT(C51:C57*D7:D13)-IF(C56=TRUE,D12,0))+D12))>$C$21,((C24-(SUMPRODUCT((1-C51:C57)*C7:C13)-IF(C56=FALSE,C12,0)))+$C$20*$C$21)/(($C$19+(SUMPRODUCT(C51:C57*D7:D13)-IF(C56=TRUE,D12,0))+D12)+$C$20),((C24-(SUMPRODUCT((1-C51:C57)*C7:C13)-IF(C56=FALSE,C12,0)))/($C$19+(SUMPRODUCT(C51:C57*D7:D13)-IF(C56=TRUE,D12,0))+D12))))>C12 -> 1 | D64: =(D12*IF(((D24-(SUMPRODUCT((1-D51:D57)*C7:C13)-IF(D56=FALSE,C12,0)))/($C$19+(SUMPRODUCT(D51:D57*D7:D13)-IF(D56=TRUE,D12,0))+D12))>$C$21,((D24-(SUMPRODUCT((1-D51:D57)*C7:C13)-IF(D56=FALSE,C12,0)))+$C$20*$C$21)/(($C$19+(SUMPRODUCT(D51:D57*D7:D13)-IF(D56=TRUE,D12,0))+D12)+$C$20),((D24-(SUMPRODUCT((1-D51:D57)*C7:C13)-IF(D56=FALSE,C12,0)))/($C$19+(SUMPRODUCT(D51:D57*D7:D13)-IF(D56=TRUE,D12,0))+D12))))>C12 -> 1 | E64: =(D12*IF(((E24-(SUMPRODUCT((1-E51:E57)*C7:C13)-IF(E56=FALSE,C12,0)))/($C$19+(SUMPRODUCT(E51:E57*D7:D13)-IF(E56=TRUE,D12,0))+D12))>$C$21,((E24-(SUMPRODUCT((1-E51:E57)*C7:C13)-IF(E56=FALSE,C12,0)))+$C$20*$C$21)/(($C$19+(SUMPRODUCT(E51:E57*D7:D13)-IF(E56=TRUE,D12,0))+D12)+$C$20),((E24-(SUMPRODUCT((1-E51:E57)*C7:C13)-IF(E56=FALSE,C12,0)))/($C$19+(SUMPRODUCT(E51:E57*D7:D13)-IF(E56=TRUE,D12,0))+D12))))>C12 -> 1 | F64: =(D12*IF(((F24-(SUMPRODUCT((1-F51:F57)*C7:C13)-IF(F56=FALSE,C12,0)))/($C$19+(SUMPRODUCT(F51:F57*D7:D13)-IF(F56=TRUE,D12,0))+D12))>$C$21,((F24-(SUMPRODUCT((1-F51:F57)*C7:C13)-IF(F56=FALSE,C12,0)))+$C$20*$C$21)/(($C$19+(SUMPRODUCT(F51:F57*D7:D13)-IF(F56=TRUE,D12,0))+D12)+$C$20),((F24-(SUMPRODUCT((1-F51:F57)*C7:C13)-IF(F56=FALSE,C12,0)))/($C$19+(SUMPRODUCT(F51:F57*D7:D13)-IF(F56=TRUE,D12,0))+D12))))>C12 -> 1 | G64: =(D12*IF(((G24-(SUMPRODUCT((1-G51:G57)*C7:C13)-IF(G56=FALSE,C12,0)))/($C$19+(SUMPRODUCT(G51:G57*D7:D13)-IF(G56=TRUE,D12,0))+D12))>$C$21,((G24-(SUMPRODUCT((1-G51:G57)*C7:C13)-IF(G56=FALSE,C12,0)))+$C$20*$C$21)/(($C$19+(SUMPRODUCT(G51:G57*D7:D13)-IF(G56=TRUE,D12,0))+D12)+$C$20),((G24-(SUMPRODUCT((1-G51:G57)*C7:C13)-IF(G56=FALSE,C12,0)))/($C$19+(SUMPRODUCT(G51:G57*D7:D13)-IF(G56=TRUE,D12,0))+D12))))>C12 -> 1
B65: Seed | C65: =(D13*IF(((C24-(SUMPRODUCT((1-C51:C57)*C7:C13)-IF(C57=FALSE,C13,0)))/($C$19+(SUMPRODUCT(C51:C57*D7:D13)-IF(C57=TRUE,D13,0))+D13))>$C$21,((C24-(SUMPRODUCT((1-C51:C57)*C7:C13)-IF(C57=FALSE,C13,0)))+$C$20*$C$21)/(($C$19+(SUMPRODUCT(C51:C57*D7:D13)-IF(C57=TRUE,D13,0))+D13)+$C$20),((C24-(SUMPRODUCT((1-C51:C57)*C7:C13)-IF(C57=FALSE,C13,0)))/($C$19+(SUMPRODUCT(C51:C57*D7:D13)-IF(C57=TRUE,D13,0))+D13))))>C13 -> 1 | D65: =(D13*IF(((D24-(SUMPRODUCT((1-D51:D57)*C7:C13)-IF(D57=FALSE,C13,0)))/($C$19+(SUMPRODUCT(D51:D57*D7:D13)-IF(D57=TRUE,D13,0))+D13))>$C$21,((D24-(SUMPRODUCT((1-D51:D57)*C7:C13)-IF(D57=FALSE,C13,0)))+$C$20*$C$21)/(($C$19+(SUMPRODUCT(D51:D57*D7:D13)-IF(D57=TRUE,D13,0))+D13)+$C$20),((D24-(SUMPRODUCT((1-D51:D57)*C7:C13)-IF(D57=FALSE,C13,0)))/($C$19+(SUMPRODUCT(D51:D57*D7:D13)-IF(D57=TRUE,D13,0))+D13))))>C13 -> 1 | E65: =(D13*IF(((E24-(SUMPRODUCT((1-E51:E57)*C7:C13)-IF(E57=FALSE,C13,0)))/($C$19+(SUMPRODUCT(E51:E57*D7:D13)-IF(E57=TRUE,D13,0))+D13))>$C$21,((E24-(SUMPRODUCT((1-E51:E57)*C7:C13)-IF(E57=FALSE,C13,0)))+$C$20*$C$21)/(($C$19+(SUMPRODUCT(E51:E57*D7:D13)-IF(E57=TRUE,D13,0))+D13)+$C$20),((E24-(SUMPRODUCT((1-E51:E57)*C7:C13)-IF(E57=FALSE,C13,0)))/($C$19+(SUMPRODUCT(E51:E57*D7:D13)-IF(E57=TRUE,D13,0))+D13))))>C13 -> 1 | F65: =(D13*IF(((F24-(SUMPRODUCT((1-F51:F57)*C7:C13)-IF(F57=FALSE,C13,0)))/($C$19+(SUMPRODUCT(F51:F57*D7:D13)-IF(F57=TRUE,D13,0))+D13))>$C$21,((F24-(SUMPRODUCT((1-F51:F57)*C7:C13)-IF(F57=FALSE,C13,0)))+$C$20*$C$21)/(($C$19+(SUMPRODUCT(F51:F57*D7:D13)-IF(F57=TRUE,D13,0))+D13)+$C$20),((F24-(SUMPRODUCT((1-F51:F57)*C7:C13)-IF(F57=FALSE,C13,0)))/($C$19+(SUMPRODUCT(F51:F57*D7:D13)-IF(F57=TRUE,D13,0))+D13))))>C13 -> 1 | G65: =(D13*IF(((G24-(SUMPRODUCT((1-G51:G57)*C7:C13)-IF(G57=FALSE,C13,0)))/($C$19+(SUMPRODUCT(G51:G57*D7:D13)-IF(G57=TRUE,D13,0))+D13))>$C$21,((G24-(SUMPRODUCT((1-G51:G57)*C7:C13)-IF(G57=FALSE,C13,0)))+$C$20*$C$21)/(($C$19+(SUMPRODUCT(G51:G57*D7:D13)-IF(G57=TRUE,D13,0))+D13)+$C$20),((G24-(SUMPRODUCT((1-G51:G57)*C7:C13)-IF(G57=FALSE,C13,0)))/($C$19+(SUMPRODUCT(G51:G57*D7:D13)-IF(G57=TRUE,D13,0))+D13))))>C13 -> 1
B68: Final Elections (35 cells)
B69: Class | C69: =C24 -> 700000000 | D69: =D24 -> 1200000000 | E69: =E24 -> 2000000000 | F69: =F24 -> 4000000000 | G69: =G24 -> 8000000000
B70: F | C70: =IF(C59,"convert","preference") -> preference | D70: =IF(D59,"convert","preference") -> preference | E70: =IF(E59,"convert","preference") -> convert | F70: =IF(F59,"convert","preference") -> convert | G70: =IF(G59,"convert","preference") -> convert
B71: E | C71: =IF(C60,"convert","preference") -> preference | D71: =IF(D60,"convert","preference") -> preference | E71: =IF(E60,"convert","preference") -> convert | F71: =IF(F60,"convert","preference") -> convert | G71: =IF(G60,"convert","preference") -> convert
B72: D | C72: =IF(C61,"convert","preference") -> preference | D72: =IF(D61,"convert","preference") -> preference | E72: =IF(E61,"convert","preference") -> preference | F72: =IF(F61,"convert","preference") -> convert | G72: =IF(G61,"convert","preference") -> convert
B73: C | C73: =IF(C62,"convert","preference") -> preference | D73: =IF(D62,"convert","preference") -> convert | E73: =IF(E62,"convert","preference") -> convert | F73: =IF(F62,"convert","preference") -> convert | G73: =IF(G62,"convert","preference") -> convert
B74: B | C74: =IF(C63,"convert","preference") -> preference | D74: =IF(D63,"convert","preference") -> convert | E74: =IF(E63,"convert","preference") -> convert | F74: =IF(F63,"convert","preference") -> convert | G74: =IF(G63,"convert","preference") -> convert
B75: A | C75: =IF(C64,"convert","preference") -> convert | D75: =IF(D64,"convert","preference") -> convert | E75: =IF(E64,"convert","preference") -> convert | F75: =IF(F64,"convert","preference") -> convert | G75: =IF(G64,"convert","preference") -> convert
B76: Seed | C76: =IF(C65,"convert","preference") -> convert | D76: =IF(D65,"convert","preference") -> convert | E76: =IF(E65,"convert","preference") -> convert | F76: =IF(F65,"convert","preference") -> convert | G76: =IF(G65,"convert","preference") -> convert
B79: Proceeds by Class ($M)
B80: Σ preferences (non-convert) | C80: =SUMPRODUCT((1-C59:C65)*C7:C13) -> 520000000 | D80: =SUMPRODUCT((1-D59:D65)*C7:C13) -> 430000000 | E80: =SUMPRODUCT((1-E59:E65)*C7:C13) -> 100000000 | F80: =SUMPRODUCT((1-F59:F65)*C7:C13) -> 0 | G80: =SUMPRODUCT((1-G59:G65)*C7:C13) -> 0
B81: Σ converting shares | C81: =SUMPRODUCT(C59:C65*D7:D13) -> 10000000 | D81: =SUMPRODUCT(D59:D65*D7:D13) -> 15400000 | E81: =SUMPRODUCT(E59:E65*D7:D13) -> 22338767 | F81: =SUMPRODUCT(F59:F65*D7:D13) -> 24072743 | G81: =SUMPRODUCT(G59:G65*D7:D13) -> 24072743
B82: Common pool ($) | C82: =C24-C80 -> 180000000 | D82: =D24-D80 -> 770000000 | E82: =E24-E80 -> 1900000000 | F82: =F24-F80 -> 4000000000 | G82: =G24-G80 -> 8000000000
B83: Pool denominator (shares) | C83: =$C$19+C81 -> 19281358 | D83: =$C$19+D81 -> 24681358 | E83: =$C$19+E81 -> 31620125 | F83: =$C$19+F81 -> 33354101 | G83: =$C$19+G81 -> 33354101
B84: Options ITM (TRUE/FALSE) | C84: =C82/C83>$C$21 -> 1 | D84: =D82/D83>$C$21 -> 1 | E84: =E82/E83>$C$21 -> 1 | F84: =F82/F83>$C$21 -> 1 | G84: =G82/G83>$C$21 -> 1
B85: Common per-share value ($) | C85: =IF(C84,(C82+$C$20*$C$21)/(C83+$C$20),C82/C83) -> 8.3787246 | D85: =IF(D84,(D82+$C$20*$C$21)/(D83+$C$20),D82/D83) -> 28.420214 | E85: =IF(E84,(E82+$C$20*$C$21)/(E83+$C$20),E82/E83) -> 55.758882 | F85: =IF(F84,(F82+$C$20*$C$21)/(F83+$C$20),F82/F83) -> 111.63297 | G85: =IF(G84,(G82+$C$20*$C$21)/(G83+$C$20),G82/G83) -> 223.19622
B87: F class | C87: =IF(C59,D7*C85,C7) -> 30000000 | D87: =IF(D59,D7*D85,C7) -> 30000000 | E87: =IF(E59,D7*E85,C7) -> 44846573 | F87: =IF(F59,D7*F85,C7) -> 89785811 | G87: =IF(G59,D7*G85,C7) -> 1.7951554e+08
B88: E class | C88: =IF(C60,D8*C85,C8) -> 300000000 | D88: =IF(D60,D8*D85,C8) -> 300000000 | E88: =IF(E60,D8*E85,C8) -> 3.420513e+08 | F88: =IF(F60,D8*F85,C8) -> 6.8480937e+08 | G88: =IF(G60,D8*G85,C8) -> 1.369191e+09
B89: D class | C89: =IF(C61,D9*C85,C9) -> 100000000 | D89: =IF(D61,D9*D85,C9) -> 100000000 | E89: =IF(E61,D9*E85,C9) -> 100000000 | F89: =IF(F61,D9*F85,C9) -> 1.9356896e+08 | G89: =IF(G61,D9*G85,C9) -> 3.8701702e+08
B90: C class | C90: =IF(C62,D10*C85,C10) -> 60000000 | D90: =IF(D62,D10*D85,C10) -> 68208513 | E90: =IF(E62,D10*E85,C10) -> 1.3382132e+08 | F90: =IF(F62,D10*F85,C10) -> 2.6791914e+08 | G90: =IF(G62,D10*G85,C10) -> 5.3567093e+08
B91: B class | C91: =IF(C63,D11*C85,C11) -> 30000000 | D91: =IF(D63,D11*D85,C11) -> 85260641 | E91: =IF(E63,D11*E85,C11) -> 1.6727664e+08 | F91: =IF(F63,D11*F85,C11) -> 3.3489892e+08 | G91: =IF(G63,D11*G85,C11) -> 6.6958867e+08
B92: A class | C92: =IF(C64,D12*C85,C12) -> 41893623 | D92: =IF(D64,D12*D85,C12) -> 1.4210107e+08 | E92: =IF(E64,D12*E85,C12) -> 2.7879441e+08 | F92: =IF(F64,D12*F85,C12) -> 5.5816487e+08 | G92: =IF(G64,D12*G85,C12) -> 1.1159811e+09
B93: Seed class | C93: =IF(C65,D13*C85,C13) -> 41893623 | D93: =IF(D65,D13*D85,C13) -> 1.4210107e+08 | E93: =IF(E65,D13*E85,C13) -> 2.7879441e+08 | F93: =IF(F65,D13*F85,C13) -> 5.5816487e+08 | G93: =IF(G65,D13*G85,C13) -> 1.1159811e+09
B94: Note A holder | C94: =C17*C85 -> 1564601.9 | D94: =C17*D85 -> 5307051.1 | E94: =C17*E85 -> 10412140 | F94: =C17*F85 -> 20845793 | G94: =C17*G85 -> 41678566
B95: Note B holder | C95: =C18*C85 -> 792819.27 | D95: =C18*D85 -> 2689203.2 | E95: =C18*E85 -> 5276067.4 | F95: =C18*F85 -> 10563037 | G95: =C18*G85 -> 21119475
B96: Common + RSAs | C96: =C16*C85 -> 75408521 | D96: =C16*D85 -> 2.5578192e+08 | E96: =C16*E85 -> 5.0182993e+08 | F96: =C16*F85 -> 1.0046968e+09 | G96: =C16*G85 -> 2.008766e+09
B97: Issued options (net of strike) | C97: =IF(C84,$C$20*(C85-$C$21),0) -> 18446811 | D97: =IF(D84,$C$20*(D85-$C$21),0) -> 68550534 | E97: =IF(E84,$C$20*(E85-$C$21),0) -> 1.368972e+08 | F97: =IF(F84,$C$20*(F85-$C$21),0) -> 2.7658244e+08 | G97: =IF(G84,$C$20*(G85-$C$21),0) -> 5.5549056e+08
B98: Total | C98: =SUM(C87:C97) -> 7e+08 | D98: =SUM(D87:D97) -> 1200000000 | E98: =SUM(E87:E97) -> 2e+09 | F98: =SUM(F87:F97) -> 4e+09 | G98: =SUM(G87:G97) -> 8000000000
B99: Check | C99: =ROUND(C98-C24,2) -> 0 | D99: =ROUND(D98-D24,2) -> 0 | E99: =ROUND(E98-E24,2) -> 0 | F99: =ROUND(F98-F24,2) -> 0 | G99: =ROUND(G98-G24,2) -> 0
