Workbook
Name round_f_pps_usd: Assumptions!$B$120
Name round_post_f_fd_shares: Assumptions!$B$121
Name round_our_fund_shares: Assumptions!$B$140
Name round_f_lead_primary_shares: Assumptions!$B$139
Name ownership_founders_pct: 'Pro-Forma'!$C$4
Name ownership_employees_pct: 'Pro-Forma'!$C$5
Name ownership_options_issued_pct: 'Pro-Forma'!$C$6
Name ownership_options_unissued_pct: 'Pro-Forma'!$C$7
Name ownership_seed_pct: 'Pro-Forma'!$C$8
Name ownership_series_a_pct: 'Pro-Forma'!$C$9
Name ownership_series_b_pct: 'Pro-Forma'!$C$10
Name ownership_series_c_pct: 'Pro-Forma'!$C$11
Name ownership_series_d_pct: 'Pro-Forma'!$C$12
Name ownership_series_e_pct: 'Pro-Forma'!$C$13
Name ownership_note_a_pct: 'Pro-Forma'!$C$14
Name ownership_note_b_pct: 'Pro-Forma'!$C$15
Name ownership_series_f_new_pct: 'Pro-Forma'!$C$16
Name ownership_f_lead_secondary_pct: 'Pro-Forma'!$C$17
Name ownership_our_fund_pct: 'Pro-Forma'!$C$18
Name antidilution_seed_new_conversion_price_usd: 'Pro-Forma'!$C$24
Name antidilution_seed_new_ratio: 'Pro-Forma'!$D$24
Name antidilution_series_a_new_conversion_price_usd: 'Pro-Forma'!$C$25
Name antidilution_series_a_new_ratio: 'Pro-Forma'!$D$25
Name antidilution_series_b_new_conversion_price_usd: 'Pro-Forma'!$C$26
Name antidilution_series_b_new_ratio: 'Pro-Forma'!$D$26
Name antidilution_series_c_new_conversion_price_usd: 'Pro-Forma'!$C$27
Name antidilution_series_c_new_ratio: 'Pro-Forma'!$D$27
Name antidilution_series_d_new_conversion_price_usd: 'Pro-Forma'!$C$28
Name antidilution_series_d_new_ratio: 'Pro-Forma'!$D$28
Name antidilution_series_e_new_conversion_price_usd: 'Pro-Forma'!$C$29
Name antidilution_series_e_new_ratio: 'Pro-Forma'!$D$29
Name notes_note_a_cap_implied_pps_usd: 'Pro-Forma'!$B$33
Name notes_note_a_discount_implied_pps_usd: 'Pro-Forma'!$C$33
Name notes_note_a_conversion_pps_usd: 'Pro-Forma'!$D$33
Name notes_note_a_conversion_branch: 'Pro-Forma'!$E$33
Name notes_note_a_shares_issued: 'Pro-Forma'!$F$33
Name notes_note_b_cap_implied_pps_usd: 'Pro-Forma'!$B$34
Name notes_note_b_discount_implied_pps_usd: 'Pro-Forma'!$C$34
Name notes_note_b_conversion_pps_usd: 'Pro-Forma'!$D$34
Name notes_note_b_conversion_branch: 'Pro-Forma'!$E$34
Name notes_note_b_shares_issued: 'Pro-Forma'!$F$34
Name tender_shares_transferred: 'Pro-Forma'!$B$37
Name tender_usd_to_founders: 'Pro-Forma'!$B$38
Name tender_f_lead_holding_secondary_shares: 'Pro-Forma'!$B$39
Name waterfall_700M_series_f_election: Waterfall!$B$7
Name waterfall_700M_series_e_election: Waterfall!$B$8
Name waterfall_700M_series_d_election: Waterfall!$B$9
Name waterfall_700M_series_c_election: Waterfall!$B$10
Name waterfall_700M_series_b_election: Waterfall!$B$11
Name waterfall_700M_series_a_election: Waterfall!$B$12
Name waterfall_700M_seed_election: Waterfall!$B$13
Name waterfall_700M_series_f_dollars: Waterfall!$B$16
Name waterfall_700M_series_e_dollars: Waterfall!$B$17
Name waterfall_700M_series_d_dollars: Waterfall!$B$18
Name waterfall_700M_series_c_dollars: Waterfall!$B$19
Name waterfall_700M_series_b_dollars: Waterfall!$B$20
Name waterfall_700M_series_a_dollars: Waterfall!$B$21
Name waterfall_700M_seed_dollars: Waterfall!$B$22
Name waterfall_700M_notes_dollars: Waterfall!$B$23
Name waterfall_700M_common_dollars: Waterfall!$B$24

Sheet Assumptions
A1: Kelvin Dynamics v4 - locked inputs and derived constants
A3: Pre-F (post-E) state, locked from v3 truth.json
A4: F1 founder shares | B4: 4000000
A5: F2 founder shares | B5: 2500000
A6: F3 founder shares | B6: 1500000
A7: Founders total | B7: =B4+B5+B6
A8: RSAs (E1-E10) | B8: 1000000
A9: Common total | B9: =B7+B8
A11: Seed shares (as-conv ratio=1) | B11: 5000000
A12: Series A shares | B12: 5000000
A13: Series B shares | B13: 3000000
A14: Series C shares | B14: 2400000
A15: Series D shares (v3-adj base) | B15: 1720627.4
A16: Series E shares (post-v3 fixed pt) | B16: 6102950.3
A17: Options issued (post-E) | B17: 2500000
A18: Options unissued (post-E) | B18: 1894124.2
A19: Pre-F FD total (T_E) | B19: 36617702
A21: Prior-round OCPs and preferences
A22: Seed OCP | B22: 1
A23: A OCP | B23: 3
A24: B OCP | B24: 10
A25: C OCP | B25: 25
A26: D OCP (v4: post-E NCP_D) | B26: 58.118347
A27: E OCP (= E PPS) | B27: 49.156553
A28: Seed preference $ | B28: 5000000
A29: A preference $ | B29: 15000000
A30: B preference $ | B30: 30000000
A31: C preference $ | B31: 60000000
A32: D preference $ | B32: 100000000
A33: E preference $ | B33: 300000000
A35: D shares (original, pre any AD) | B35: 1666667
A36: Compound r_D(v3) = adj/orig | B36: =B15/B35
A37: Options strike | B37: 0.5
A39: Series F terms
A40: F pre-money $ | B40: 1400000000
A41: F primary raise $ | B41: 30000000
A42: F post-money $ | B42: =B40+B41
A43: F secondary tender $ | B43: 15000000
A44: Tender PPS multiplier | B44: 0.85
A45: ESOP target post-F | B45: 0.13
A46: F_LEAD primary $ | B46: 20000000
A47: Our fund check $ | B47: 10000000
A49: Convertible notes
A50: Note A principal | B50: 5000000
A51: Note A cap | B51: 1000000000
A52: Note A discount | B52: 0.2
A53: Note B principal | B53: 3000000
A54: Note B cap | B54: 1600000000
A55: Note B discount | B55: 0.15
A57: Exit values
A58: Exit 700M | B58: 700000000
A59: Exit 1200M | B59: 1200000000
A60: Exit 2000M | B60: 2000000000
A61: Exit 4000M | B61: 4000000000
A62: Exit 8000M | B62: 8000000000
A64: Broad-base A (pre-F FD) for AD | B64: =B19
A65: Pre-F option pool (= post-E pool) | B65: =B17+B18
A66: Fixed-point iteration (50 unrolled passes)
A67: iter | B67: r_E_prev | C67: r_D_prev | D67: N_A_prev | E67: N_B_prev | F67: E_adj | G67: D_adj | H67: F_PPS | I67: T_F | J67: new_F | K67: pre_money_FD | L67: cap_impl_A | M67: disc_impl_A | N67: conv_pps_A | O67: N_A_new | P67: cap_impl_B | Q67: disc_impl_B | R67: conv_pps_B | S67: N_B_new | T67: NCP_E_new | U67: r_E_new | V67: NCP_D_new | W67: r_D_new
A68: 0 | B68: 1 | C68: 1 | D68: 0 | E68: 0 | F68: =$B$16*B68 | G68: =$B$15*C68 | H68: =($B$42*(1-$B$45)-$B$41)/(($B$9+$B$11+$B$12+$B$13+$B$14)+G68+F68+D68+E68) | I68: =$B$42/H68 | J68: =$B$41/H68 | K68: =I68-J68 | L68: =$B$51/K68 | M68: =H68*(1-$B$52) | N68: =MIN(L68,M68) | O68: =$B$50/N68 | P68: =$B$54/K68 | Q68: =H68*(1-$B$55) | R68: =MIN(P68,Q68) | S68: =$B$53/R68 | T68: =$B$27*($B$64+$B$41/$B$27)/($B$64+J68) | U68: =IF(H68<$B$27,$B$27/T68,1) | V68: =$B$26*($B$64+$B$41/$B$26)/($B$64+J68) | W68: =IF(H68<$B$26,$B$26/V68,1)
A69: 1 | B69: =U68 | C69: =W68 | D69: =O68 | E69: =S68 | F69: =$B$16*B69 | G69: =$B$15*C69 | H69: =($B$42*(1-$B$45)-$B$41)/(($B$9+$B$11+$B$12+$B$13+$B$14)+G69+F69+D69+E69) | I69: =$B$42/H69 | J69: =$B$41/H69 | K69: =I69-J69 | L69: =$B$51/K69 | M69: =H69*(1-$B$52) | N69: =MIN(L69,M69) | O69: =$B$50/N69 | P69: =$B$54/K69 | Q69: =H69*(1-$B$55) | R69: =MIN(P69,Q69) | S69: =$B$53/R69 | T69: =$B$27*($B$64+$B$41/$B$27)/($B$64+J69) | U69: =IF(H69<$B$27,$B$27/T69,1) | V69: =$B$26*($B$64+$B$41/$B$26)/($B$64+J69) | W69: =IF(H69<$B$26,$B$26/V69,1)
A70: 2 | B70: =U69 | C70: =W69 | D70: =O69 | E70: =S69 | F70: =$B$16*B70 | G70: =$B$15*C70 | H70: =($B$42*(1-$B$45)-$B$41)/(($B$9+$B$11+$B$12+$B$13+$B$14)+G70+F70+D70+E70) | I70: =$B$42/H70 | J70: =$B$41/H70 | K70: =I70-J70 | L70: =$B$51/K70 | M70: =H70*(1-$B$52) | N70: =MIN(L70,M70) | O70: =$B$50/N70 | P70: =$B$54/K70 | Q70: =H70*(1-$B$55) | R70: =MIN(P70,Q70) | S70: =$B$53/R70 | T70: =$B$27*($B$64+$B$41/$B$27)/($B$64+J70) | U70: =IF(H70<$B$27,$B$27/T70,1) | V70: =$B$26*($B$64+$B$41/$B$26)/($B$64+J70) | W70: =IF(H70<$B$26,$B$26/V70,1)
A71: 3 | B71: =U70 | C71: =W70 | D71: =O70 | E71: =S70 | F71: =$B$16*B71 | G71: =$B$15*C71 | H71: =($B$42*(1-$B$45)-$B$41)/(($B$9+$B$11+$B$12+$B$13+$B$14)+G71+F71+D71+E71) | I71: =$B$42/H71 | J71: =$B$41/H71 | K71: =I71-J71 | L71: =$B$51/K71 | M71: =H71*(1-$B$52) | N71: =MIN(L71,M71) | O71: =$B$50/N71 | P71: =$B$54/K71 | Q71: =H71*(1-$B$55) | R71: =MIN(P71,Q71) | S71: =$B$53/R71 | T71: =$B$27*($B$64+$B$41/$B$27)/($B$64+J71) | U71: =IF(H71<$B$27,$B$27/T71,1) | V71: =$B$26*($B$64+$B$41/$B$26)/($B$64+J71) | W71: =IF(H71<$B$26,$B$26/V71,1)
A72: 4 | B72: =U71 | C72: =W71 | D72: =O71 | E72: =S71 | F72: =$B$16*B72 | G72: =$B$15*C72 | H72: =($B$42*(1-$B$45)-$B$41)/(($B$9+$B$11+$B$12+$B$13+$B$14)+G72+F72+D72+E72) | I72: =$B$42/H72 | J72: =$B$41/H72 | K72: =I72-J72 | L72: =$B$51/K72 | M72: =H72*(1-$B$52) | N72: =MIN(L72,M72) | O72: =$B$50/N72 | P72: =$B$54/K72 | Q72: =H72*(1-$B$55) | R72: =MIN(P72,Q72) | S72: =$B$53/R72 | T72: =$B$27*($B$64+$B$41/$B$27)/($B$64+J72) | U72: =IF(H72<$B$27,$B$27/T72,1) | V72: =$B$26*($B$64+$B$41/$B$26)/($B$64+J72) | W72: =IF(H72<$B$26,$B$26/V72,1)
A73: 5 | B73: =U72 | C73: =W72 | D73: =O72 | E73: =S72 | F73: =$B$16*B73 | G73: =$B$15*C73 | H73: =($B$42*(1-$B$45)-$B$41)/(($B$9+$B$11+$B$12+$B$13+$B$14)+G73+F73+D73+E73) | I73: =$B$42/H73 | J73: =$B$41/H73 | K73: =I73-J73 | L73: =$B$51/K73 | M73: =H73*(1-$B$52) | N73: =MIN(L73,M73) | O73: =$B$50/N73 | P73: =$B$54/K73 | Q73: =H73*(1-$B$55) | R73: =MIN(P73,Q73) | S73: =$B$53/R73 | T73: =$B$27*($B$64+$B$41/$B$27)/($B$64+J73) | U73: =IF(H73<$B$27,$B$27/T73,1) | V73: =$B$26*($B$64+$B$41/$B$26)/($B$64+J73) | W73: =IF(H73<$B$26,$B$26/V73,1)
A74: 6 | B74: =U73 | C74: =W73 | D74: =O73 | E74: =S73 | F74: =$B$16*B74 | G74: =$B$15*C74 | H74: =($B$42*(1-$B$45)-$B$41)/(($B$9+$B$11+$B$12+$B$13+$B$14)+G74+F74+D74+E74) | I74: =$B$42/H74 | J74: =$B$41/H74 | K74: =I74-J74 | L74: =$B$51/K74 | M74: =H74*(1-$B$52) | N74: =MIN(L74,M74) | O74: =$B$50/N74 | P74: =$B$54/K74 | Q74: =H74*(1-$B$55) | R74: =MIN(P74,Q74) | S74: =$B$53/R74 | T74: =$B$27*($B$64+$B$41/$B$27)/($B$64+J74) | U74: =IF(H74<$B$27,$B$27/T74,1) | V74: =$B$26*($B$64+$B$41/$B$26)/($B$64+J74) | W74: =IF(H74<$B$26,$B$26/V74,1)
A75: 7 | B75: =U74 | C75: =W74 | D75: =O74 | E75: =S74 | F75: =$B$16*B75 | G75: =$B$15*C75 | H75: =($B$42*(1-$B$45)-$B$41)/(($B$9+$B$11+$B$12+$B$13+$B$14)+G75+F75+D75+E75) | I75: =$B$42/H75 | J75: =$B$41/H75 | K75: =I75-J75 | L75: =$B$51/K75 | M75: =H75*(1-$B$52) | N75: =MIN(L75,M75) | O75: =$B$50/N75 | P75: =$B$54/K75 | Q75: =H75*(1-$B$55) | R75: =MIN(P75,Q75) | S75: =$B$53/R75 | T75: =$B$27*($B$64+$B$41/$B$27)/($B$64+J75) | U75: =IF(H75<$B$27,$B$27/T75,1) | V75: =$B$26*($B$64+$B$41/$B$26)/($B$64+J75) | W75: =IF(H75<$B$26,$B$26/V75,1)
A76: 8 | B76: =U75 | C76: =W75 | D76: =O75 | E76: =S75 | F76: =$B$16*B76 | G76: =$B$15*C76 | H76: =($B$42*(1-$B$45)-$B$41)/(($B$9+$B$11+$B$12+$B$13+$B$14)+G76+F76+D76+E76) | I76: =$B$42/H76 | J76: =$B$41/H76 | K76: =I76-J76 | L76: =$B$51/K76 | M76: =H76*(1-$B$52) | N76: =MIN(L76,M76) | O76: =$B$50/N76 | P76: =$B$54/K76 | Q76: =H76*(1-$B$55) | R76: =MIN(P76,Q76) | S76: =$B$53/R76 | T76: =$B$27*($B$64+$B$41/$B$27)/($B$64+J76) | U76: =IF(H76<$B$27,$B$27/T76,1) | V76: =$B$26*($B$64+$B$41/$B$26)/($B$64+J76) | W76: =IF(H76<$B$26,$B$26/V76,1)
A77: 9 | B77: =U76 | C77: =W76 | D77: =O76 | E77: =S76 | F77: =$B$16*B77 | G77: =$B$15*C77 | H77: =($B$42*(1-$B$45)-$B$41)/(($B$9+$B$11+$B$12+$B$13+$B$14)+G77+F77+D77+E77) | I77: =$B$42/H77 | J77: =$B$41/H77 | K77: =I77-J77 | L77: =$B$51/K77 | M77: =H77*(1-$B$52) | N77: =MIN(L77,M77) | O77: =$B$50/N77 | P77: =$B$54/K77 | Q77: =H77*(1-$B$55) | R77: =MIN(P77,Q77) | S77: =$B$53/R77 | T77: =$B$27*($B$64+$B$41/$B$27)/($B$64+J77) | U77: =IF(H77<$B$27,$B$27/T77,1) | V77: =$B$26*($B$64+$B$41/$B$26)/($B$64+J77) | W77: =IF(H77<$B$26,$B$26/V77,1)
A78: 10 | B78: =U77 | C78: =W77 | D78: =O77 | E78: =S77 | F78: =$B$16*B78 | G78: =$B$15*C78 | H78: =($B$42*(1-$B$45)-$B$41)/(($B$9+$B$11+$B$12+$B$13+$B$14)+G78+F78+D78+E78) | I78: =$B$42/H78 | J78: =$B$41/H78 | K78: =I78-J78 | L78: =$B$51/K78 | M78: =H78*(1-$B$52) | N78: =MIN(L78,M78) | O78: =$B$50/N78 | P78: =$B$54/K78 | Q78: =H78*(1-$B$55) | R78: =MIN(P78,Q78) | S78: =$B$53/R78 | T78: =$B$27*($B$64+$B$41/$B$27)/($B$64+J78) | U78: =IF(H78<$B$27,$B$27/T78,1) | V78: =$B$26*($B$64+$B$41/$B$26)/($B$64+J78) | W78: =IF(H78<$B$26,$B$26/V78,1)
A79: 11 | B79: =U78 | C79: =W78 | D79: =O78 | E79: =S78 | F79: =$B$16*B79 | G79: =$B$15*C79 | H79: =($B$42*(1-$B$45)-$B$41)/(($B$9+$B$11+$B$12+$B$13+$B$14)+G79+F79+D79+E79) | I79: =$B$42/H79 | J79: =$B$41/H79 | K79: =I79-J79 | L79: =$B$51/K79 | M79: =H79*(1-$B$52) | N79: =MIN(L79,M79) | O79: =$B$50/N79 | P79: =$B$54/K79 | Q79: =H79*(1-$B$55) | R79: =MIN(P79,Q79) | S79: =$B$53/R79 | T79: =$B$27*($B$64+$B$41/$B$27)/($B$64+J79) | U79: =IF(H79<$B$27,$B$27/T79,1) | V79: =$B$26*($B$64+$B$41/$B$26)/($B$64+J79) | W79: =IF(H79<$B$26,$B$26/V79,1)
A80: 12 | B80: =U79 | C80: =W79 | D80: =O79 | E80: =S79 | F80: =$B$16*B80 | G80: =$B$15*C80 | H80: =($B$42*(1-$B$45)-$B$41)/(($B$9+$B$11+$B$12+$B$13+$B$14)+G80+F80+D80+E80) | I80: =$B$42/H80 | J80: =$B$41/H80 | K80: =I80-J80 | L80: =$B$51/K80 | M80: =H80*(1-$B$52) | N80: =MIN(L80,M80) | O80: =$B$50/N80 | P80: =$B$54/K80 | Q80: =H80*(1-$B$55) | R80: =MIN(P80,Q80) | S80: =$B$53/R80 | T80: =$B$27*($B$64+$B$41/$B$27)/($B$64+J80) | U80: =IF(H80<$B$27,$B$27/T80,1) | V80: =$B$26*($B$64+$B$41/$B$26)/($B$64+J80) | W80: =IF(H80<$B$26,$B$26/V80,1)
... A117: 49 | B117: =U116 | C117: =W116 | D117: =O116 | E117: =S116 | F117: =$B$16*B117 | G117: =$B$15*C117 | H117: =($B$42*(1-$B$45)-$B$41)/(($B$9+$B$11+$B$12+$B$13+$B$14)+G117+F117+D117+E117) | I117: =$B$42/H117 | J117: =$B$41/H117 | K117: =I117-J117 | L117: =$B$51/K117 | M117: =H117*(1-$B$52) | N117: =MIN(L117,M117) | O117: =$B$50/N117 | P117: =$B$54/K117 | Q117: =H117*(1-$B$55) | R117: =MIN(P117,Q117) | S117: =$B$53/R117 | T117: =$B$27*($B$64+$B$41/$B$27)/($B$64+J117) | U117: =IF(H117<$B$27,$B$27/T117,1) | V117: =$B$26*($B$64+$B$41/$B$26)/($B$64+J117) | W117: =IF(H117<$B$26,$B$26/V117,1)
A119: Converged round solution (row 117)
A120: F_PPS | B120: =H117
A121: T_F | B121: =I117
A122: new_F | B122: =J117
A123: pre_money_FD | B123: =K117
A124: r_E_v4 | B124: =U117
A125: r_D_v4 | B125: =W117
A126: NCP_E_v4 | B126: =T117
A127: NCP_D_v4 | B127: =V117
A128: E_adj shares | B128: =F117
A129: D_adj shares | B129: =G117
A130: Note A cap-impl PPS | B130: =L117
A131: Note A disc-impl PPS | B131: =M117
A132: Note A conv PPS | B132: =N117
A133: Note A shares | B133: =O117
A134: Note B cap-impl PPS | B134: =P117
A135: Note B disc-impl PPS | B135: =Q117
A136: Note B conv PPS | B136: =R117
A137: Note B shares | B137: =S117
A139: F_LEAD primary shares | B139: =$B$46/$B$120
A140: Our fund shares | B140: =$B$47/$B$120
A141: F primary total shares (= new_F) | B141: =$B$122
A143: Tender shares transferred | B143: =$B$43/($B$44*$B$120)
A144: Tender $ to founders | B144: =$B$43
A145: Tender shares from F1 (50%) | B145: =$B$143*0.5
A146: Tender shares from F2 (31.25%) | B146: =$B$143*0.3125
A147: Tender shares from F3 (18.75%) | B147: =$B$143*0.1875
...

Sheet Pro-Forma
A1: Pro-Forma cap table (post Series F close)
A3: Class | B3: Shares (FD) | C3: %
A4: Founders (F1+F2+F3, post-tender) | B4: =Assumptions!$B$149 | C4: =B4/Assumptions!$B$121
A5: Employees (RSAs) | B5: =Assumptions!$B$8 | C5: =B5/Assumptions!$B$121
A6: Options issued | B6: =Assumptions!$B$153 | C6: =B6/Assumptions!$B$121
A7: Options unissued | B7: =Assumptions!$B$152 | C7: =B7/Assumptions!$B$121
A8: Seed (as-conv, ratio=1) | B8: =Assumptions!$B$11 | C8: =B8/Assumptions!$B$121
A9: Series A (as-conv, ratio=1) | B9: =Assumptions!$B$12 | C9: =B9/Assumptions!$B$121
A10: Series B (as-conv, ratio=1) | B10: =Assumptions!$B$13 | C10: =B10/Assumptions!$B$121
A11: Series C (as-conv, ratio=1) | B11: =Assumptions!$B$14 | C11: =B11/Assumptions!$B$121
A12: Series D (compound v3*v4 ratio) | B12: =Assumptions!$B$129 | C12: =B12/Assumptions!$B$121
A13: Series E (v4-adjusted) | B13: =Assumptions!$B$128 | C13: =B13/Assumptions!$B$121
A14: Note A converted | B14: =Assumptions!$B$133 | C14: =B14/Assumptions!$B$121
A15: Note B converted | B15: =Assumptions!$B$137 | C15: =B15/Assumptions!$B$121
A16: Series F primary new (lead + our fund) | B16: =Assumptions!$B$141 | C16: =B16/Assumptions!$B$121
A17: F_LEAD secondary (common from founders) | B17: =Assumptions!$B$157 | C17: =B17/Assumptions!$B$121
A18: Our fund (subset of F primary) | B18: =Assumptions!$B$140 | C18: =B18/Assumptions!$B$121
A20: Sum check (rows 4-17, excludes our_fund subset) | B20: =SUM(B4:B17) | C20: =SUM(C4:C17)
A22: Anti-dilution adjustments (F_PPS vs OCP_class)
A23: Class | B23: Trigger (1=fired) | C23: new_conversion_price_usd | D23: new_ratio
A24: Seed | B24: =IF(Assumptions!$B$120<Assumptions!$B$22,1,0) | C24: =IF(Assumptions!$B$120<Assumptions!$B$22,Assumptions!$B$22*(Assumptions!$B$64+Assumptions!$B$41/Assumptions!$B$22)/(Assumptions!$B$64+Assumptions!$B$122),Assumptions!$B$22) | D24: =Assumptions!$B$22/C24
A25: Series A | B25: =IF(Assumptions!$B$120<Assumptions!$B$23,1,0) | C25: =IF(Assumptions!$B$120<Assumptions!$B$23,Assumptions!$B$23*(Assumptions!$B$64+Assumptions!$B$41/Assumptions!$B$23)/(Assumptions!$B$64+Assumptions!$B$122),Assumptions!$B$23) | D25: =Assumptions!$B$23/C25
A26: Series B | B26: =IF(Assumptions!$B$120<Assumptions!$B$24,1,0) | C26: =IF(Assumptions!$B$120<Assumptions!$B$24,Assumptions!$B$24*(Assumptions!$B$64+Assumptions!$B$41/Assumptions!$B$24)/(Assumptions!$B$64+Assumptions!$B$122),Assumptions!$B$24) | D26: =Assumptions!$B$24/C26
A27: Series C | B27: =IF(Assumptions!$B$120<Assumptions!$B$25,1,0) | C27: =IF(Assumptions!$B$120<Assumptions!$B$25,Assumptions!$B$25*(Assumptions!$B$64+Assumptions!$B$41/Assumptions!$B$25)/(Assumptions!$B$64+Assumptions!$B$122),Assumptions!$B$25) | D27: =Assumptions!$B$25/C27
A28: Series D | B28: =IF(Assumptions!$B$120<Assumptions!$B$26,1,0) | C28: =IF(Assumptions!$B$120<Assumptions!$B$26,Assumptions!$B$127,Assumptions!$B$26) | D28: =Assumptions!$B$36*Assumptions!$B$125
A29: Series E | B29: =IF(Assumptions!$B$120<Assumptions!$B$27,1,0) | C29: =IF(Assumptions!$B$120<Assumptions!$B$27,Assumptions!$B$126,Assumptions!$B$27) | D29: =Assumptions!$B$124
A31: Convertible note conversions
A32: Note | B32: cap_implied_pps_usd | C32: discount_implied_pps_usd | D32: conversion_pps_usd | E32: conversion_branch | F32: shares_issued
A33: Note A | B33: =Assumptions!$B$130 | C33: =Assumptions!$B$131 | D33: =MIN(B33,C33) | E33: =IF(B33<C33,"cap","discount") | F33: =ROUND(Assumptions!$B$50/D33,0)
A34: Note B | B34: =Assumptions!$B$134 | C34: =Assumptions!$B$135 | D34: =MIN(B34,C34) | E34: =IF(B34<C34,"cap","discount") | F34: =ROUND(Assumptions!$B$53/D34,0)
A36: Tender mechanics
A37: shares_transferred | B37: =Assumptions!$B$143
A38: usd_to_founders | B38: =Assumptions!$B$43
A39: f_lead_holding_secondary_shares | B39: =Assumptions!$B$143

Sheet Waterfall
A1: Liquidation waterfall (election iteration converges per exit)
A3: Exit | B3: 700M | C3: 1200M | D3: 2000M | E3: 4000M | F3: 8000M
A4: Exit value $ | B4: =Assumptions!$B$58 | C4: =Assumptions!$B$59 | D4: =Assumptions!$B$60 | E4: =Assumptions!$B$61 | F4: =Assumptions!$B$62
A6: Nash combo offset | B6: =MATCH(1,$AX$51:$AX$178,0) | C6: =MATCH(1,$AX$179:$AX$306,0) | D6: =MATCH(1,$AX$307:$AX$434,0) | E6: =MATCH(1,$AX$435:$AX$562,0) | F6: =MATCH(1,$AX$563:$AX$690,0)
A7: series_f_election | B7: =IF(INDEX($AY$51:$AY$178,B$6)>INDEX($BF$51:$BF$178,B$6),"preference","convert") | C7: =IF(INDEX($AY$179:$AY$306,C$6)>INDEX($BF$179:$BF$306,C$6),"preference","convert") | D7: =IF(INDEX($AY$307:$AY$434,D$6)>INDEX($BF$307:$BF$434,D$6),"preference","convert") | E7: =IF(INDEX($AY$435:$AY$562,E$6)>INDEX($BF$435:$BF$562,E$6),"preference","convert") | F7: =IF(INDEX($AY$563:$AY$690,F$6)>INDEX($BF$563:$BF$690,F$6),"preference","convert")
A8: series_e_election | B8: =IF(INDEX($AZ$51:$AZ$178,B$6)>INDEX($BG$51:$BG$178,B$6),"preference","convert") | C8: =IF(INDEX($AZ$179:$AZ$306,C$6)>INDEX($BG$179:$BG$306,C$6),"preference","convert") | D8: =IF(INDEX($AZ$307:$AZ$434,D$6)>INDEX($BG$307:$BG$434,D$6),"preference","convert") | E8: =IF(INDEX($AZ$435:$AZ$562,E$6)>INDEX($BG$435:$BG$562,E$6),"preference","convert") | F8: =IF(INDEX($AZ$563:$AZ$690,F$6)>INDEX($BG$563:$BG$690,F$6),"preference","convert")
A9: series_d_election | B9: =IF(INDEX($BA$51:$BA$178,B$6)>INDEX($BH$51:$BH$178,B$6),"preference","convert") | C9: =IF(INDEX($BA$179:$BA$306,C$6)>INDEX($BH$179:$BH$306,C$6),"preference","convert") | D9: =IF(INDEX($BA$307:$BA$434,D$6)>INDEX($BH$307:$BH$434,D$6),"preference","convert") | E9: =IF(INDEX($BA$435:$BA$562,E$6)>INDEX($BH$435:$BH$562,E$6),"preference","convert") | F9: =IF(INDEX($BA$563:$BA$690,F$6)>INDEX($BH$563:$BH$690,F$6),"preference","convert")
A10: series_c_election | B10: =IF(INDEX($BB$51:$BB$178,B$6)>INDEX($BI$51:$BI$178,B$6),"preference","convert") | C10: =IF(INDEX($BB$179:$BB$306,C$6)>INDEX($BI$179:$BI$306,C$6),"preference","convert") | D10: =IF(INDEX($BB$307:$BB$434,D$6)>INDEX($BI$307:$BI$434,D$6),"preference","convert") | E10: =IF(INDEX($BB$435:$BB$562,E$6)>INDEX($BI$435:$BI$562,E$6),"preference","convert") | F10: =IF(INDEX($BB$563:$BB$690,F$6)>INDEX($BI$563:$BI$690,F$6),"preference","convert")
A11: series_b_election | B11: =IF(INDEX($BC$51:$BC$178,B$6)>INDEX($BJ$51:$BJ$178,B$6),"preference","convert") | C11: =IF(INDEX($BC$179:$BC$306,C$6)>INDEX($BJ$179:$BJ$306,C$6),"preference","convert") | D11: =IF(INDEX($BC$307:$BC$434,D$6)>INDEX($BJ$307:$BJ$434,D$6),"preference","convert") | E11: =IF(INDEX($BC$435:$BC$562,E$6)>INDEX($BJ$435:$BJ$562,E$6),"preference","convert") | F11: =IF(INDEX($BC$563:$BC$690,F$6)>INDEX($BJ$563:$BJ$690,F$6),"preference","convert")
A12: series_a_election | B12: =IF(INDEX($BD$51:$BD$178,B$6)>INDEX($BK$51:$BK$178,B$6),"preference","convert") | C12: =IF(INDEX($BD$179:$BD$306,C$6)>INDEX($BK$179:$BK$306,C$6),"preference","convert") | D12: =IF(INDEX($BD$307:$BD$434,D$6)>INDEX($BK$307:$BK$434,D$6),"preference","convert") | E12: =IF(INDEX($BD$435:$BD$562,E$6)>INDEX($BK$435:$BK$562,E$6),"preference","convert") | F12: =IF(INDEX($BD$563:$BD$690,F$6)>INDEX($BK$563:$BK$690,F$6),"preference","convert")
A13: seed_election | B13: =IF(INDEX($BE$51:$BE$178,B$6)>INDEX($BL$51:$BL$178,B$6),"preference","convert") | C13: =IF(INDEX($BE$179:$BE$306,C$6)>INDEX($BL$179:$BL$306,C$6),"preference","convert") | D13: =IF(INDEX($BE$307:$BE$434,D$6)>INDEX($BL$307:$BL$434,D$6),"preference","convert") | E13: =IF(INDEX($BE$435:$BE$562,E$6)>INDEX($BL$435:$BL$562,E$6),"preference","convert") | F13: =IF(INDEX($BE$563:$BE$690,F$6)>INDEX($BL$563:$BL$690,F$6),"preference","convert")
A16: series_f_dollars | B16: =INDEX($Q$51:$Q$178,B$6) | C16: =INDEX($Q$179:$Q$306,C$6) | D16: =INDEX($Q$307:$Q$434,D$6) | E16: =INDEX($Q$435:$Q$562,E$6) | F16: =INDEX($Q$563:$Q$690,F$6)
A17: series_e_dollars | B17: =INDEX($R$51:$R$178,B$6) | C17: =INDEX($R$179:$R$306,C$6) | D17: =INDEX($R$307:$R$434,D$6) | E17: =INDEX($R$435:$R$562,E$6) | F17: =INDEX($R$563:$R$690,F$6)
A18: series_d_dollars | B18: =INDEX($S$51:$S$178,B$6) | C18: =INDEX($S$179:$S$306,C$6) | D18: =INDEX($S$307:$S$434,D$6) | E18: =INDEX($S$435:$S$562,E$6) | F18: =INDEX($S$563:$S$690,F$6)
A19: series_c_dollars | B19: =INDEX($T$51:$T$178,B$6) | C19: =INDEX($T$179:$T$306,C$6) | D19: =INDEX($T$307:$T$434,D$6) | E19: =INDEX($T$435:$T$562,E$6) | F19: =INDEX($T$563:$T$690,F$6)
A20: series_b_dollars | B20: =INDEX($U$51:$U$178,B$6) | C20: =INDEX($U$179:$U$306,C$6) | D20: =INDEX($U$307:$U$434,D$6) | E20: =INDEX($U$435:$U$562,E$6) | F20: =INDEX($U$563:$U$690,F$6)
A21: series_a_dollars | B21: =INDEX($V$51:$V$178,B$6) | C21: =INDEX($V$179:$V$306,C$6) | D21: =INDEX($V$307:$V$434,D$6) | E21: =INDEX($V$435:$V$562,E$6) | F21: =INDEX($V$563:$V$690,F$6)
A22: seed_dollars | B22: =INDEX($W$51:$W$178,B$6) | C22: =INDEX($W$179:$W$306,C$6) | D22: =INDEX($W$307:$W$434,D$6) | E22: =INDEX($W$435:$W$562,E$6) | F22: =INDEX($W$563:$W$690,F$6)
A23: notes_dollars | B23: =INDEX($X$51:$X$178,B$6) | C23: =INDEX($X$179:$X$306,C$6) | D23: =INDEX($X$307:$X$434,D$6) | E23: =INDEX($X$435:$X$562,E$6) | F23: =INDEX($X$563:$X$690,F$6)
A24: common_dollars | B24: =INDEX($Y$51:$Y$178,B$6) | C24: =INDEX($Y$179:$Y$306,C$6) | D24: =INDEX($Y$307:$Y$434,D$6) | E24: =INDEX($Y$435:$Y$562,E$6) | F24: =INDEX($Y$563:$Y$690,F$6)
A25: options_issued_dollars | B25: =INDEX($Z$51:$Z$178,B$6) | C25: =INDEX($Z$179:$Z$306,C$6) | D25: =INDEX($Z$307:$Z$434,D$6) | E25: =INDEX($Z$435:$Z$562,E$6) | F25: =INDEX($Z$563:$Z$690,F$6)
A26: our_fund_dollars | B26: =B16*Assumptions!$B$140/Assumptions!$B$141 | C26: =C16*Assumptions!$B$140/Assumptions!$B$141 | D26: =D16*Assumptions!$B$140/Assumptions!$B$141 | E26: =E16*Assumptions!$B$140/Assumptions!$B$141 | F26: =F16*Assumptions!$B$140/Assumptions!$B$141
A27: total_distributed | B27: =B16+B17+B18+B19+B20+B21+B22+B23+B24+B25 | C27: =C16+C17+C18+C19+C20+C21+C22+C23+C24+C25 | D27: =D16+D17+D18+D19+D20+D21+D22+D23+D24+D25 | E27: =E16+E17+E18+E19+E20+E21+E22+E23+E24+E25 | F27: =F16+F17+F18+F19+F20+F21+F22+F23+F24+F25
A50: exit_tag | B50: exit_val | C50: e_F | D50: e_E | E50: e_D | F50: e_C | G50: e_B | H50: e_A | I50: e_Seed | J50: pref_pool | K50: conv_shares | L50: pool_after_pref | M50: opts_itm | N50: denom | O50: pool_adj | P50: pps | Q50: F_usd | R50: E_usd | S50: D_usd | T50: C_usd | U50: B_usd | V50: A_usd | W50: Seed_usd | X50: notes_usd | Y50: common_usd | Z50: opts_issued_usd | AA50: total_dist | AB50: row_idx | AC50: fF | AD50: fE | AE50: fD | AF50: fC | AG50: fB | AH50: fA | AI50: fSeed | AJ50: altF | AK50: altE | AL50: altD | AM50: altC | AN50: altB | AO50: altA | AP50: altSeed | AQ50: okF | AR50: okE | AS50: okD | AT50: okC | AU50: okB | AV50: okA | AW50: okSeed | AX50: all_ok | AY50: prefF_v | AZ50: prefE_v | BA50: prefD_v | BB50: prefC_v | BC50: prefB_v | BD50: prefA_v | BE50: prefSeed_v | BF50: convF_v | BG50: convE_v | BH50: convD_v | BI50: convC_v | BJ50: convB_v | BK50: convA_v | BL50: convSeed_v
A51: 700M | B51: =Assumptions!$B$58 | C51: 0 | D51: 0 | E51: 0 | F51: 0 | G51: 0 | H51: 0 | I51: 0 | J51: =(1-C51)*Assumptions!$B$41+(1-D51)*Assumptions!$B$33+(1-E51)*Assumptions!$B$32+(1-F51)*Assumptions!$B$31+(1-G51)*Assumptions!$B$30+(1-H51)*Assumptions!$B$29+(1-I51)*Assumptions!$B$28 | K51: =C51*Assumptions!$B$141+D51*Assumptions!$B$128+E51*Assumptions!$B$129+F51*Assumptions!$B$14+G51*Assumptions!$B$13+H51*Assumptions!$B$12+I51*Assumptions!$B$11+Assumptions!$B$133+Assumptions!$B$137+Assumptions!$B$9 | L51: =B51-J51 | M51: =IF(K51>0,IF(L51/K51>=Assumptions!$B$37,1,0),0) | N51: =K51+M51*Assumptions!$B$153 | O51: =L51+M51*Assumptions!$B$153*Assumptions!$B$37 | P51: =IF(N51>0,O51/N51,0) | Q51: =IF(C51=1,P51*Assumptions!$B$141,Assumptions!$B$41) | R51: =IF(D51=1,P51*Assumptions!$B$128,Assumptions!$B$33) | S51: =IF(E51=1,P51*Assumptions!$B$129,Assumptions!$B$32) | T51: =IF(F51=1,P51*Assumptions!$B$14,Assumptions!$B$31) | U51: =IF(G51=1,P51*Assumptions!$B$13,Assumptions!$B$30) | V51: =IF(H51=1,P51*Assumptions!$B$12,Assumptions!$B$29) | W51: =IF(I51=1,P51*Assumptions!$B$11,Assumptions!$B$28) | X51: =P51*(Assumptions!$B$133+Assumptions!$B$137) | Y51: =P51*Assumptions!$B$9 | Z51: =IF(M51=1,(P51-Assumptions!$B$37)*Assumptions!$B$153,0) | AA51: =Q51+R51+S51+T51+U51+V51+W51+X51+Y51+Z51 | AB51: 0 | AC51: 64 | AD51: 32 | AE51: 16 | AF51: 8 | AG51: 4 | AH51: 2 | AI51: 1 | AJ51: =INDEX($Q$51:$Q$178,AC51+1) | AK51: =INDEX($R$51:$R$178,AD51+1) | AL51: =INDEX($S$51:$S$178,AE51+1) | AM51: =INDEX($T$51:$T$178,AF51+1) | AN51: =INDEX($U$51:$U$178,AG51+1) | AO51: =INDEX($V$51:$V$178,AH51+1) | AP51: =INDEX($W$51:$W$178,AI51+1) | AQ51: =IF(Q51>=AJ51-0.01,1,0) | AR51: =IF(R51>=AK51-0.01,1,0) | AS51: =IF(S51>=AL51-0.01,1,0) | AT51: =IF(T51>=AM51-0.01,1,0) | AU51: =IF(U51>=AN51-0.01,1,0) | AV51: =IF(V51>=AO51-0.01,1,0) | AW51: =IF(W51>=AP51-0.01,1,0) | AX51: =AQ51*AR51*AS51*AT51*AU51*AV51*AW51 | AY51: =Assumptions!$B$41 | AZ51: =Assumptions!$B$33 | BA51: =Assumptions!$B$32 | BB51: =Assumptions!$B$31 | BC51: =Assumptions!$B$30 | BD51: =Assumptions!$B$29 | BE51: =Assumptions!$B$28 | BF51: =P51*Assumptions!$B$141 | BG51: =P51*Assumptions!$B$128 | BH51: =P51*Assumptions!$B$129 | BI51: =P51*Assumptions!$B$14 | BJ51: =P51*Assumptions!$B$13 | BK51: =P51*Assumptions!$B$12 | BL51: =P51*Assumptions!$B$11
A52: 700M | B52: =Assumptions!$B$58 | C52: 0 | D52: 0 | E52: 0 | F52: 0 | G52: 0 | H52: 0 | I52: 1 | J52: =(1-C52)*Assumptions!$B$41+(1-D52)*Assumptions!$B$33+(1-E52)*Assumptions!$B$32+(1-F52)*Assumptions!$B$31+(1-G52)*Assumptions!$B$30+(1-H52)*Assumptions!$B$29+(1-I52)*Assumptions!$B$28 | K52: =C52*Assumptions!$B$141+D52*Assumptions!$B$128+E52*Assumptions!$B$129+F52*Assumptions!$B$14+G52*Assumptions!$B$13+H52*Assumptions!$B$12+I52*Assumptions!$B$11+Assumptions!$B$133+Assumptions!$B$137+Assumptions!$B$9 | L52: =B52-J52 | M52: =IF(K52>0,IF(L52/K52>=Assumptions!$B$37,1,0),0) | N52: =K52+M52*Assumptions!$B$153 | O52: =L52+M52*Assumptions!$B$153*Assumptions!$B$37 | P52: =IF(N52>0,O52/N52,0) | Q52: =IF(C52=1,P52*Assumptions!$B$141,Assumptions!$B$41) | R52: =IF(D52=1,P52*Assumptions!$B$128,Assumptions!$B$33) | S52: =IF(E52=1,P52*Assumptions!$B$129,Assumptions!$B$32) | T52: =IF(F52=1,P52*Assumptions!$B$14,Assumptions!$B$31) | U52: =IF(G52=1,P52*Assumptions!$B$13,Assumptions!$B$30) | V52: =IF(H52=1,P52*Assumptions!$B$12,Assumptions!$B$29) | W52: =IF(I52=1,P52*Assumptions!$B$11,Assumptions!$B$28) | X52: =P52*(Assumptions!$B$133+Assumptions!$B$137) | Y52: =P52*Assumptions!$B$9 | Z52: =IF(M52=1,(P52-Assumptions!$B$37)*Assumptions!$B$153,0) | AA52: =Q52+R52+S52+T52+U52+V52+W52+X52+Y52+Z52 | AB52: 1 | AC52: 65 | AD52: 33 | AE52: 17 | AF52: 9 | AG52: 5 | AH52: 3 | AI52: 0 | AJ52: =INDEX($Q$51:$Q$178,AC52+1) | AK52: =INDEX($R$51:$R$178,AD52+1) | AL52: =INDEX($S$51:$S$178,AE52+1) | AM52: =INDEX($T$51:$T$178,AF52+1) | AN52: =INDEX($U$51:$U$178,AG52+1) | AO52: =INDEX($V$51:$V$178,AH52+1) | AP52: =INDEX($W$51:$W$178,AI52+1) | AQ52: =IF(Q52>=AJ52-0.01,1,0) | AR52: =IF(R52>=AK52-0.01,1,0) | AS52: =IF(S52>=AL52-0.01,1,0) | AT52: =IF(T52>=AM52-0.01,1,0) | AU52: =IF(U52>=AN52-0.01,1,0) | AV52: =IF(V52>=AO52-0.01,1,0) | AW52: =IF(W52>=AP52-0.01,1,0) | AX52: =AQ52*AR52*AS52*AT52*AU52*AV52*AW52 | AY52: =Assumptions!$B$41 | AZ52: =Assumptions!$B$33 | BA52: =Assumptions!$B$32 | BB52: =Assumptions!$B$31 | BC52: =Assumptions!$B$30 | BD52: =Assumptions!$B$29 | BE52: =Assumptions!$B$28 | BF52: =P52*Assumptions!$B$141 | BG52: =P52*Assumptions!$B$128 | BH52: =P52*Assumptions!$B$129 | BI52: =P52*Assumptions!$B$14 | BJ52: =P52*Assumptions!$B$13 | BK52: =P52*Assumptions!$B$12 | BL52: =P52*Assumptions!$B$11
A53: 700M | B53: =Assumptions!$B$58 | C53: 0 | D53: 0 | E53: 0 | F53: 0 | G53: 0 | H53: 1 | I53: 0 | J53: =(1-C53)*Assumptions!$B$41+(1-D53)*Assumptions!$B$33+(1-E53)*Assumptions!$B$32+(1-F53)*Assumptions!$B$31+(1-G53)*Assumptions!$B$30+(1-H53)*Assumptions!$B$29+(1-I53)*Assumptions!$B$28 | K53: =C53*Assumptions!$B$141+D53*Assumptions!$B$128+E53*Assumptions!$B$129+F53*Assumptions!$B$14+G53*Assumptions!$B$13+H53*Assumptions!$B$12+I53*Assumptions!$B$11+Assumptions!$B$133+Assumptions!$B$137+Assumptions!$B$9 | L53: =B53-J53 | M53: =IF(K53>0,IF(L53/K53>=Assumptions!$B$37,1,0),0) | N53: =K53+M53*Assumptions!$B$153 | O53: =L53+M53*Assumptions!$B$153*Assumptions!$B$37 | P53: =IF(N53>0,O53/N53,0) | Q53: =IF(C53=1,P53*Assumptions!$B$141,Assumptions!$B$41) | R53: =IF(D53=1,P53*Assumptions!$B$128,Assumptions!$B$33) | S53: =IF(E53=1,P53*Assumptions!$B$129,Assumptions!$B$32) | T53: =IF(F53=1,P53*Assumptions!$B$14,Assumptions!$B$31) | U53: =IF(G53=1,P53*Assumptions!$B$13,Assumptions!$B$30) | V53: =IF(H53=1,P53*Assumptions!$B$12,Assumptions!$B$29) | W53: =IF(I53=1,P53*Assumptions!$B$11,Assumptions!$B$28) | X53: =P53*(Assumptions!$B$133+Assumptions!$B$137) | Y53: =P53*Assumptions!$B$9 | Z53: =IF(M53=1,(P53-Assumptions!$B$37)*Assumptions!$B$153,0) | AA53: =Q53+R53+S53+T53+U53+V53+W53+X53+Y53+Z53 | AB53: 2 | AC53: 66 | AD53: 34 | AE53: 18 | AF53: 10 | AG53: 6 | AH53: 0 | AI53: 3 | AJ53: =INDEX($Q$51:$Q$178,AC53+1) | AK53: =INDEX($R$51:$R$178,AD53+1) | AL53: =INDEX($S$51:$S$178,AE53+1) | AM53: =INDEX($T$51:$T$178,AF53+1) | AN53: =INDEX($U$51:$U$178,AG53+1) | AO53: =INDEX($V$51:$V$178,AH53+1) | AP53: =INDEX($W$51:$W$178,AI53+1) | AQ53: =IF(Q53>=AJ53-0.01,1,0) | AR53: =IF(R53>=AK53-0.01,1,0) | AS53: =IF(S53>=AL53-0.01,1,0) | AT53: =IF(T53>=AM53-0.01,1,0) | AU53: =IF(U53>=AN53-0.01,1,0) | AV53: =IF(V53>=AO53-0.01,1,0) | AW53: =IF(W53>=AP53-0.01,1,0) | AX53: =AQ53*AR53*AS53*AT53*AU53*AV53*AW53 | AY53: =Assumptions!$B$41 | AZ53: =Assumptions!$B$33 | BA53: =Assumptions!$B$32 | BB53: =Assumptions!$B$31 | BC53: =Assumptions!$B$30 | BD53: =Assumptions!$B$29 | BE53: =Assumptions!$B$28 | BF53: =P53*Assumptions!$B$141 | BG53: =P53*Assumptions!$B$128 | BH53: =P53*Assumptions!$B$129 | BI53: =P53*Assumptions!$B$14 | BJ53: =P53*Assumptions!$B$13 | BK53: =P53*Assumptions!$B$12 | BL53: =P53*Assumptions!$B$11
A54: 700M | B54: =Assumptions!$B$58 | C54: 0 | D54: 0 | E54: 0 | F54: 0 | G54: 0 | H54: 1 | I54: 1 | J54: =(1-C54)*Assumptions!$B$41+(1-D54)*Assumptions!$B$33+(1-E54)*Assumptions!$B$32+(1-F54)*Assumptions!$B$31+(1-G54)*Assumptions!$B$30+(1-H54)*Assumptions!$B$29+(1-I54)*Assumptions!$B$28 | K54: =C54*Assumptions!$B$141+D54*Assumptions!$B$128+E54*Assumptions!$B$129+F54*Assumptions!$B$14+G54*Assumptions!$B$13+H54*Assumptions!$B$12+I54*Assumptions!$B$11+Assumptions!$B$133+Assumptions!$B$137+Assumptions!$B$9 | L54: =B54-J54 | M54: =IF(K54>0,IF(L54/K54>=Assumptions!$B$37,1,0),0) | N54: =K54+M54*Assumptions!$B$153 | O54: =L54+M54*Assumptions!$B$153*Assumptions!$B$37 | P54: =IF(N54>0,O54/N54,0) | Q54: =IF(C54=1,P54*Assumptions!$B$141,Assumptions!$B$41) | R54: =IF(D54=1,P54*Assumptions!$B$128,Assumptions!$B$33) | S54: =IF(E54=1,P54*Assumptions!$B$129,Assumptions!$B$32) | T54: =IF(F54=1,P54*Assumptions!$B$14,Assumptions!$B$31) | U54: =IF(G54=1,P54*Assumptions!$B$13,Assumptions!$B$30) | V54: =IF(H54=1,P54*Assumptions!$B$12,Assumptions!$B$29) | W54: =IF(I54=1,P54*Assumptions!$B$11,Assumptions!$B$28) | X54: =P54*(Assumptions!$B$133+Assumptions!$B$137) | Y54: =P54*Assumptions!$B$9 | Z54: =IF(M54=1,(P54-Assumptions!$B$37)*Assumptions!$B$153,0) | AA54: =Q54+R54+S54+T54+U54+V54+W54+X54+Y54+Z54 | AB54: 3 | AC54: 67 | AD54: 35 | AE54: 19 | AF54: 11 | AG54: 7 | AH54: 1 | AI54: 2 | AJ54: =INDEX($Q$51:$Q$178,AC54+1) | AK54: =INDEX($R$51:$R$178,AD54+1) | AL54: =INDEX($S$51:$S$178,AE54+1) | AM54: =INDEX($T$51:$T$178,AF54+1) | AN54: =INDEX($U$51:$U$178,AG54+1) | AO54: =INDEX($V$51:$V$178,AH54+1) | AP54: =INDEX($W$51:$W$178,AI54+1) | AQ54: =IF(Q54>=AJ54-0.01,1,0) | AR54: =IF(R54>=AK54-0.01,1,0) | AS54: =IF(S54>=AL54-0.01,1,0) | AT54: =IF(T54>=AM54-0.01,1,0) | AU54: =IF(U54>=AN54-0.01,1,0) | AV54: =IF(V54>=AO54-0.01,1,0) | AW54: =IF(W54>=AP54-0.01,1,0) | AX54: =AQ54*AR54*AS54*AT54*AU54*AV54*AW54 | AY54: =Assumptions!$B$41 | AZ54: =Assumptions!$B$33 | BA54: =Assumptions!$B$32 | BB54: =Assumptions!$B$31 | BC54: =Assumptions!$B$30 | BD54: =Assumptions!$B$29 | BE54: =Assumptions!$B$28 | BF54: =P54*Assumptions!$B$141 | BG54: =P54*Assumptions!$B$128 | BH54: =P54*Assumptions!$B$129 | BI54: =P54*Assumptions!$B$14 | BJ54: =P54*Assumptions!$B$13 | BK54: =P54*Assumptions!$B$12 | BL54: =P54*Assumptions!$B$11
A55: 700M | B55: =Assumptions!$B$58 | C55: 0 | D55: 0 | E55: 0 | F55: 0 | G55: 1 | H55: 0 | I55: 0 | J55: =(1-C55)*Assumptions!$B$41+(1-D55)*Assumptions!$B$33+(1-E55)*Assumptions!$B$32+(1-F55)*Assumptions!$B$31+(1-G55)*Assumptions!$B$30+(1-H55)*Assumptions!$B$29+(1-I55)*Assumptions!$B$28 | K55: =C55*Assumptions!$B$141+D55*Assumptions!$B$128+E55*Assumptions!$B$129+F55*Assumptions!$B$14+G55*Assumptions!$B$13+H55*Assumptions!$B$12+I55*Assumptions!$B$11+Assumptions!$B$133+Assumptions!$B$137+Assumptions!$B$9 | L55: =B55-J55 | M55: =IF(K55>0,IF(L55/K55>=Assumptions!$B$37,1,0),0) | N55: =K55+M55*Assumptions!$B$153 | O55: =L55+M55*Assumptions!$B$153*Assumptions!$B$37 | P55: =IF(N55>0,O55/N55,0) | Q55: =IF(C55=1,P55*Assumptions!$B$141,Assumptions!$B$41) | R55: =IF(D55=1,P55*Assumptions!$B$128,Assumptions!$B$33) | S55: =IF(E55=1,P55*Assumptions!$B$129,Assumptions!$B$32) | T55: =IF(F55=1,P55*Assumptions!$B$14,Assumptions!$B$31) | U55: =IF(G55=1,P55*Assumptions!$B$13,Assumptions!$B$30) | V55: =IF(H55=1,P55*Assumptions!$B$12,Assumptions!$B$29) | W55: =IF(I55=1,P55*Assumptions!$B$11,Assumptions!$B$28) | X55: =P55*(Assumptions!$B$133+Assumptions!$B$137) | Y55: =P55*Assumptions!$B$9 | Z55: =IF(M55=1,(P55-Assumptions!$B$37)*Assumptions!$B$153,0) | AA55: =Q55+R55+S55+T55+U55+V55+W55+X55+Y55+Z55 | AB55: 4 | AC55: 68 | AD55: 36 | AE55: 20 | AF55: 12 | AG55: 0 | AH55: 6 | AI55: 5 | AJ55: =INDEX($Q$51:$Q$178,AC55+1) | AK55: =INDEX($R$51:$R$178,AD55+1) | AL55: =INDEX($S$51:$S$178,AE55+1) | AM55: =INDEX($T$51:$T$178,AF55+1) | AN55: =INDEX($U$51:$U$178,AG55+1) | AO55: =INDEX($V$51:$V$178,AH55+1) | AP55: =INDEX($W$51:$W$178,AI55+1) | AQ55: =IF(Q55>=AJ55-0.01,1,0) | AR55: =IF(R55>=AK55-0.01,1,0) | AS55: =IF(S55>=AL55-0.01,1,0) | AT55: =IF(T55>=AM55-0.01,1,0) | AU55: =IF(U55>=AN55-0.01,1,0) | AV55: =IF(V55>=AO55-0.01,1,0) | AW55: =IF(W55>=AP55-0.01,1,0) | AX55: =AQ55*AR55*AS55*AT55*AU55*AV55*AW55 | AY55: =Assumptions!$B$41 | AZ55: =Assumptions!$B$33 | BA55: =Assumptions!$B$32 | BB55: =Assumptions!$B$31 | BC55: =Assumptions!$B$30 | BD55: =Assumptions!$B$29 | BE55: =Assumptions!$B$28 | BF55: =P55*Assumptions!$B$141 | BG55: =P55*Assumptions!$B$128 | BH55: =P55*Assumptions!$B$129 | BI55: =P55*Assumptions!$B$14 | BJ55: =P55*Assumptions!$B$13 | BK55: =P55*Assumptions!$B$12 | BL55: =P55*Assumptions!$B$11
A56: 700M | B56: =Assumptions!$B$58 | C56: 0 | D56: 0 | E56: 0 | F56: 0 | G56: 1 | H56: 0 | I56: 1 | J56: =(1-C56)*Assumptions!$B$41+(1-D56)*Assumptions!$B$33+(1-E56)*Assumptions!$B$32+(1-F56)*Assumptions!$B$31+(1-G56)*Assumptions!$B$30+(1-H56)*Assumptions!$B$29+(1-I56)*Assumptions!$B$28 | K56: =C56*Assumptions!$B$141+D56*Assumptions!$B$128+E56*Assumptions!$B$129+F56*Assumptions!$B$14+G56*Assumptions!$B$13+H56*Assumptions!$B$12+I56*Assumptions!$B$11+Assumptions!$B$133+Assumptions!$B$137+Assumptions!$B$9 | L56: =B56-J56 | M56: =IF(K56>0,IF(L56/K56>=Assumptions!$B$37,1,0),0) | N56: =K56+M56*Assumptions!$B$153 | O56: =L56+M56*Assumptions!$B$153*Assumptions!$B$37 | P56: =IF(N56>0,O56/N56,0) | Q56: =IF(C56=1,P56*Assumptions!$B$141,Assumptions!$B$41) | R56: =IF(D56=1,P56*Assumptions!$B$128,Assumptions!$B$33) | S56: =IF(E56=1,P56*Assumptions!$B$129,Assumptions!$B$32) | T56: =IF(F56=1,P56*Assumptions!$B$14,Assumptions!$B$31) | U56: =IF(G56=1,P56*Assumptions!$B$13,Assumptions!$B$30) | V56: =IF(H56=1,P56*Assumptions!$B$12,Assumptions!$B$29) | W56: =IF(I56=1,P56*Assumptions!$B$11,Assumptions!$B$28) | X56: =P56*(Assumptions!$B$133+Assumptions!$B$137) | Y56: =P56*Assumptions!$B$9 | Z56: =IF(M56=1,(P56-Assumptions!$B$37)*Assumptions!$B$153,0) | AA56: =Q56+R56+S56+T56+U56+V56+W56+X56+Y56+Z56 | AB56: 5 | AC56: 69 | AD56: 37 | AE56: 21 | AF56: 13 | AG56: 1 | AH56: 7 | AI56: 4 | AJ56: =INDEX($Q$51:$Q$178,AC56+1) | AK56: =INDEX($R$51:$R$178,AD56+1) | AL56: =INDEX($S$51:$S$178,AE56+1) | AM56: =INDEX($T$51:$T$178,AF56+1) | AN56: =INDEX($U$51:$U$178,AG56+1) | AO56: =INDEX($V$51:$V$178,AH56+1) | AP56: =INDEX($W$51:$W$178,AI56+1) | AQ56: =IF(Q56>=AJ56-0.01,1,0) | AR56: =IF(R56>=AK56-0.01,1,0) | AS56: =IF(S56>=AL56-0.01,1,0) | AT56: =IF(T56>=AM56-0.01,1,0) | AU56: =IF(U56>=AN56-0.01,1,0) | AV56: =IF(V56>=AO56-0.01,1,0) | AW56: =IF(W56>=AP56-0.01,1,0) | AX56: =AQ56*AR56*AS56*AT56*AU56*AV56*AW56 | AY56: =Assumptions!$B$41 | AZ56: =Assumptions!$B$33 | BA56: =Assumptions!$B$32 | BB56: =Assumptions!$B$31 | BC56: =Assumptions!$B$30 | BD56: =Assumptions!$B$29 | BE56: =Assumptions!$B$28 | BF56: =P56*Assumptions!$B$141 | BG56: =P56*Assumptions!$B$128 | BH56: =P56*Assumptions!$B$129 | BI56: =P56*Assumptions!$B$14 | BJ56: =P56*Assumptions!$B$13 | BK56: =P56*Assumptions!$B$12 | BL56: =P56*Assumptions!$B$11
A57: 700M | B57: =Assumptions!$B$58 | C57: 0 | D57: 0 | E57: 0 | F57: 0 | G57: 1 | H57: 1 | I57: 0 | J57: =(1-C57)*Assumptions!$B$41+(1-D57)*Assumptions!$B$33+(1-E57)*Assumptions!$B$32+(1-F57)*Assumptions!$B$31+(1-G57)*Assumptions!$B$30+(1-H57)*Assumptions!$B$29+(1-I57)*Assumptions!$B$28 | K57: =C57*Assumptions!$B$141+D57*Assumptions!$B$128+E57*Assumptions!$B$129+F57*Assumptions!$B$14+G57*Assumptions!$B$13+H57*Assumptions!$B$12+I57*Assumptions!$B$11+Assumptions!$B$133+Assumptions!$B$137+Assumptions!$B$9 | L57: =B57-J57 | M57: =IF(K57>0,IF(L57/K57>=Assumptions!$B$37,1,0),0) | N57: =K57+M57*Assumptions!$B$153 | O57: =L57+M57*Assumptions!$B$153*Assumptions!$B$37 | P57: =IF(N57>0,O57/N57,0) | Q57: =IF(C57=1,P57*Assumptions!$B$141,Assumptions!$B$41) | R57: =IF(D57=1,P57*Assumptions!$B$128,Assumptions!$B$33) | S57: =IF(E57=1,P57*Assumptions!$B$129,Assumptions!$B$32) | T57: =IF(F57=1,P57*Assumptions!$B$14,Assumptions!$B$31) | U57: =IF(G57=1,P57*Assumptions!$B$13,Assumptions!$B$30) | V57: =IF(H57=1,P57*Assumptions!$B$12,Assumptions!$B$29) | W57: =IF(I57=1,P57*Assumptions!$B$11,Assumptions!$B$28) | X57: =P57*(Assumptions!$B$133+Assumptions!$B$137) | Y57: =P57*Assumptions!$B$9 | Z57: =IF(M57=1,(P57-Assumptions!$B$37)*Assumptions!$B$153,0) | AA57: =Q57+R57+S57+T57+U57+V57+W57+X57+Y57+Z57 | AB57: 6 | AC57: 70 | AD57: 38 | AE57: 22 | AF57: 14 | AG57: 2 | AH57: 4 | AI57: 7 | AJ57: =INDEX($Q$51:$Q$178,AC57+1) | AK57: =INDEX($R$51:$R$178,AD57+1) | AL57: =INDEX($S$51:$S$178,AE57+1) | AM57: =INDEX($T$51:$T$178,AF57+1) | AN57: =INDEX($U$51:$U$178,AG57+1) | AO57: =INDEX($V$51:$V$178,AH57+1) | AP57: =INDEX($W$51:$W$178,AI57+1) | AQ57: =IF(Q57>=AJ57-0.01,1,0) | AR57: =IF(R57>=AK57-0.01,1,0) | AS57: =IF(S57>=AL57-0.01,1,0) | AT57: =IF(T57>=AM57-0.01,1,0) | AU57: =IF(U57>=AN57-0.01,1,0) | AV57: =IF(V57>=AO57-0.01,1,0) | AW57: =IF(W57>=AP57-0.01,1,0) | AX57: =AQ57*AR57*AS57*AT57*AU57*AV57*AW57 | AY57: =Assumptions!$B$41 | AZ57: =Assumptions!$B$33 | BA57: =Assumptions!$B$32 | BB57: =Assumptions!$B$31 | BC57: =Assumptions!$B$30 | BD57: =Assumptions!$B$29 | BE57: =Assumptions!$B$28 | BF57: =P57*Assumptions!$B$141 | BG57: =P57*Assumptions!$B$128 | BH57: =P57*Assumptions!$B$129 | BI57: =P57*Assumptions!$B$14 | BJ57: =P57*Assumptions!$B$13 | BK57: =P57*Assumptions!$B$12 | BL57: =P57*Assumptions!$B$11
A58: 700M | B58: =Assumptions!$B$58 | C58: 0 | D58: 0 | E58: 0 | F58: 0 | G58: 1 | H58: 1 | I58: 1 | J58: =(1-C58)*Assumptions!$B$41+(1-D58)*Assumptions!$B$33+(1-E58)*Assumptions!$B$32+(1-F58)*Assumptions!$B$31+(1-G58)*Assumptions!$B$30+(1-H58)*Assumptions!$B$29+(1-I58)*Assumptions!$B$28 | K58: =C58*Assumptions!$B$141+D58*Assumptions!$B$128+E58*Assumptions!$B$129+F58*Assumptions!$B$14+G58*Assumptions!$B$13+H58*Assumptions!$B$12+I58*Assumptions!$B$11+Assumptions!$B$133+Assumptions!$B$137+Assumptions!$B$9 | L58: =B58-J58 | M58: =IF(K58>0,IF(L58/K58>=Assumptions!$B$37,1,0),0) | N58: =K58+M58*Assumptions!$B$153 | O58: =L58+M58*Assumptions!$B$153*Assumptions!$B$37 | P58: =IF(N58>0,O58/N58,0) | Q58: =IF(C58=1,P58*Assumptions!$B$141,Assumptions!$B$41) | R58: =IF(D58=1,P58*Assumptions!$B$128,Assumptions!$B$33) | S58: =IF(E58=1,P58*Assumptions!$B$129,Assumptions!$B$32) | T58: =IF(F58=1,P58*Assumptions!$B$14,Assumptions!$B$31) | U58: =IF(G58=1,P58*Assumptions!$B$13,Assumptions!$B$30) | V58: =IF(H58=1,P58*Assumptions!$B$12,Assumptions!$B$29) | W58: =IF(I58=1,P58*Assumptions!$B$11,Assumptions!$B$28) | X58: =P58*(Assumptions!$B$133+Assumptions!$B$137) | Y58: =P58*Assumptions!$B$9 | Z58: =IF(M58=1,(P58-Assumptions!$B$37)*Assumptions!$B$153,0) | AA58: =Q58+R58+S58+T58+U58+V58+W58+X58+Y58+Z58 | AB58: 7 | AC58: 71 | AD58: 39 | AE58: 23 | AF58: 15 | AG58: 3 | AH58: 5 | AI58: 6 | AJ58: =INDEX($Q$51:$Q$178,AC58+1) | AK58: =INDEX($R$51:$R$178,AD58+1) | AL58: =INDEX($S$51:$S$178,AE58+1) | AM58: =INDEX($T$51:$T$178,AF58+1) | AN58: =INDEX($U$51:$U$178,AG58+1) | AO58: =INDEX($V$51:$V$178,AH58+1) | AP58: =INDEX($W$51:$W$178,AI58+1) | AQ58: =IF(Q58>=AJ58-0.01,1,0) | AR58: =IF(R58>=AK58-0.01,1,0) | AS58: =IF(S58>=AL58-0.01,1,0) | AT58: =IF(T58>=AM58-0.01,1,0) | AU58: =IF(U58>=AN58-0.01,1,0) | AV58: =IF(V58>=AO58-0.01,1,0) | AW58: =IF(W58>=AP58-0.01,1,0) | AX58: =AQ58*AR58*AS58*AT58*AU58*AV58*AW58 | AY58: =Assumptions!$B$41 | AZ58: =Assumptions!$B$33 | BA58: =Assumptions!$B$32 | BB58: =Assumptions!$B$31 | BC58: =Assumptions!$B$30 | BD58: =Assumptions!$B$29 | BE58: =Assumptions!$B$28 | BF58: =P58*Assumptions!$B$141 | BG58: =P58*Assumptions!$B$128 | BH58: =P58*Assumptions!$B$129 | BI58: =P58*Assumptions!$B$14 | BJ58: =P58*Assumptions!$B$13 | BK58: =P58*Assumptions!$B$12 | BL58: =P58*Assumptions!$B$11
A59: 700M | B59: =Assumptions!$B$58 | C59: 0 | D59: 0 | E59: 0 | F59: 1 | G59: 0 | H59: 0 | I59: 0 | J59: =(1-C59)*Assumptions!$B$41+(1-D59)*Assumptions!$B$33+(1-E59)*Assumptions!$B$32+(1-F59)*Assumptions!$B$31+(1-G59)*Assumptions!$B$30+(1-H59)*Assumptions!$B$29+(1-I59)*Assumptions!$B$28 | K59: =C59*Assumptions!$B$141+D59*Assumptions!$B$128+E59*Assumptions!$B$129+F59*Assumptions!$B$14+G59*Assumptions!$B$13+H59*Assumptions!$B$12+I59*Assumptions!$B$11+Assumptions!$B$133+Assumptions!$B$137+Assumptions!$B$9 | L59: =B59-J59 | M59: =IF(K59>0,IF(L59/K59>=Assumptions!$B$37,1,0),0) | N59: =K59+M59*Assumptions!$B$153 | O59: =L59+M59*Assumptions!$B$153*Assumptions!$B$37 | P59: =IF(N59>0,O59/N59,0) | Q59: =IF(C59=1,P59*Assumptions!$B$141,Assumptions!$B$41) | R59: =IF(D59=1,P59*Assumptions!$B$128,Assumptions!$B$33) | S59: =IF(E59=1,P59*Assumptions!$B$129,Assumptions!$B$32) | T59: =IF(F59=1,P59*Assumptions!$B$14,Assumptions!$B$31) | U59: =IF(G59=1,P59*Assumptions!$B$13,Assumptions!$B$30) | V59: =IF(H59=1,P59*Assumptions!$B$12,Assumptions!$B$29) | W59: =IF(I59=1,P59*Assumptions!$B$11,Assumptions!$B$28) | X59: =P59*(Assumptions!$B$133+Assumptions!$B$137) | Y59: =P59*Assumptions!$B$9 | Z59: =IF(M59=1,(P59-Assumptions!$B$37)*Assumptions!$B$153,0) | AA59: =Q59+R59+S59+T59+U59+V59+W59+X59+Y59+Z59 | AB59: 8 | AC59: 72 | AD59: 40 | AE59: 24 | AF59: 0 | AG59: 12 | AH59: 10 | AI59: 9 | AJ59: =INDEX($Q$51:$Q$178,AC59+1) | AK59: =INDEX($R$51:$R$178,AD59+1) | AL59: =INDEX($S$51:$S$178,AE59+1) | AM59: =INDEX($T$51:$T$178,AF59+1) | AN59: =INDEX($U$51:$U$178,AG59+1) | AO59: =INDEX($V$51:$V$178,AH59+1) | AP59: =INDEX($W$51:$W$178,AI59+1) | AQ59: =IF(Q59>=AJ59-0.01,1,0) | AR59: =IF(R59>=AK59-0.01,1,0) | AS59: =IF(S59>=AL59-0.01,1,0) | AT59: =IF(T59>=AM59-0.01,1,0) | AU59: =IF(U59>=AN59-0.01,1,0) | AV59: =IF(V59>=AO59-0.01,1,0) | AW59: =IF(W59>=AP59-0.01,1,0) | AX59: =AQ59*AR59*AS59*AT59*AU59*AV59*AW59 | AY59: =Assumptions!$B$41 | AZ59: =Assumptions!$B$33 | BA59: =Assumptions!$B$32 | BB59: =Assumptions!$B$31 | BC59: =Assumptions!$B$30 | BD59: =Assumptions!$B$29 | BE59: =Assumptions!$B$28 | BF59: =P59*Assumptions!$B$141 | BG59: =P59*Assumptions!$B$128 | BH59: =P59*Assumptions!$B$129 | BI59: =P59*Assumptions!$B$14 | BJ59: =P59*Assumptions!$B$13 | BK59: =P59*Assumptions!$B$12 | BL59: =P59*Assumptions!$B$11
A60: 700M | B60: =Assumptions!$B$58 | C60: 0 | D60: 0 | E60: 0 | F60: 1 | G60: 0 | H60: 0 | I60: 1 | J60: =(1-C60)*Assumptions!$B$41+(1-D60)*Assumptions!$B$33+(1-E60)*Assumptions!$B$32+(1-F60)*Assumptions!$B$31+(1-G60)*Assumptions!$B$30+(1-H60)*Assumptions!$B$29+(1-I60)*Assumptions!$B$28 | K60: =C60*Assumptions!$B$141+D60*Assumptions!$B$128+E60*Assumptions!$B$129+F60*Assumptions!$B$14+G60*Assumptions!$B$13+H60*Assumptions!$B$12+I60*Assumptions!$B$11+Assumptions!$B$133+Assumptions!$B$137+Assumptions!$B$9 | L60: =B60-J60 | M60: =IF(K60>0,IF(L60/K60>=Assumptions!$B$37,1,0),0) | N60: =K60+M60*Assumptions!$B$153 | O60: =L60+M60*Assumptions!$B$153*Assumptions!$B$37 | P60: =IF(N60>0,O60/N60,0) | Q60: =IF(C60=1,P60*Assumptions!$B$141,Assumptions!$B$41) | R60: =IF(D60=1,P60*Assumptions!$B$128,Assumptions!$B$33) | S60: =IF(E60=1,P60*Assumptions!$B$129,Assumptions!$B$32) | T60: =IF(F60=1,P60*Assumptions!$B$14,Assumptions!$B$31) | U60: =IF(G60=1,P60*Assumptions!$B$13,Assumptions!$B$30) | V60: =IF(H60=1,P60*Assumptions!$B$12,Assumptions!$B$29) | W60: =IF(I60=1,P60*Assumptions!$B$11,Assumptions!$B$28) | X60: =P60*(Assumptions!$B$133+Assumptions!$B$137) | Y60: =P60*Assumptions!$B$9 | Z60: =IF(M60=1,(P60-Assumptions!$B$37)*Assumptions!$B$153,0) | AA60: =Q60+R60+S60+T60+U60+V60+W60+X60+Y60+Z60 | AB60: 9 | AC60: 73 | AD60: 41 | AE60: 25 | AF60: 1 | AG60: 13 | AH60: 11 | AI60: 8 | AJ60: =INDEX($Q$51:$Q$178,AC60+1) | AK60: =INDEX($R$51:$R$178,AD60+1) | AL60: =INDEX($S$51:$S$178,AE60+1) | AM60: =INDEX($T$51:$T$178,AF60+1) | AN60: =INDEX($U$51:$U$178,AG60+1) | AO60: =INDEX($V$51:$V$178,AH60+1) | AP60: =INDEX($W$51:$W$178,AI60+1) | AQ60: =IF(Q60>=AJ60-0.01,1,0) | AR60: =IF(R60>=AK60-0.01,1,0) | AS60: =IF(S60>=AL60-0.01,1,0) | AT60: =IF(T60>=AM60-0.01,1,0) | AU60: =IF(U60>=AN60-0.01,1,0) | AV60: =IF(V60>=AO60-0.01,1,0) | AW60: =IF(W60>=AP60-0.01,1,0) | AX60: =AQ60*AR60*AS60*AT60*AU60*AV60*AW60 | AY60: =Assumptions!$B$41 | AZ60: =Assumptions!$B$33 | BA60: =Assumptions!$B$32 | BB60: =Assumptions!$B$31 | BC60: =Assumptions!$B$30 | BD60: =Assumptions!$B$29 | BE60: =Assumptions!$B$28 | BF60: =P60*Assumptions!$B$141 | BG60: =P60*Assumptions!$B$128 | BH60: =P60*Assumptions!$B$129 | BI60: =P60*Assumptions!$B$14 | BJ60: =P60*Assumptions!$B$13 | BK60: =P60*Assumptions!$B$12 | BL60: =P60*Assumptions!$B$11
A61: 700M | B61: =Assumptions!$B$58 | C61: 0 | D61: 0 | E61: 0 | F61: 1 | G61: 0 | H61: 1 | I61: 0 | J61: =(1-C61)*Assumptions!$B$41+(1-D61)*Assumptions!$B$33+(1-E61)*Assumptions!$B$32+(1-F61)*Assumptions!$B$31+(1-G61)*Assumptions!$B$30+(1-H61)*Assumptions!$B$29+(1-I61)*Assumptions!$B$28 | K61: =C61*Assumptions!$B$141+D61*Assumptions!$B$128+E61*Assumptions!$B$129+F61*Assumptions!$B$14+G61*Assumptions!$B$13+H61*Assumptions!$B$12+I61*Assumptions!$B$11+Assumptions!$B$133+Assumptions!$B$137+Assumptions!$B$9 | L61: =B61-J61 | M61: =IF(K61>0,IF(L61/K61>=Assumptions!$B$37,1,0),0) | N61: =K61+M61*Assumptions!$B$153 | O61: =L61+M61*Assumptions!$B$153*Assumptions!$B$37 | P61: =IF(N61>0,O61/N61,0) | Q61: =IF(C61=1,P61*Assumptions!$B$141,Assumptions!$B$41) | R61: =IF(D61=1,P61*Assumptions!$B$128,Assumptions!$B$33) | S61: =IF(E61=1,P61*Assumptions!$B$129,Assumptions!$B$32) | T61: =IF(F61=1,P61*Assumptions!$B$14,Assumptions!$B$31) | U61: =IF(G61=1,P61*Assumptions!$B$13,Assumptions!$B$30) | V61: =IF(H61=1,P61*Assumptions!$B$12,Assumptions!$B$29) | W61: =IF(I61=1,P61*Assumptions!$B$11,Assumptions!$B$28) | X61: =P61*(Assumptions!$B$133+Assumptions!$B$137) | Y61: =P61*Assumptions!$B$9 | Z61: =IF(M61=1,(P61-Assumptions!$B$37)*Assumptions!$B$153,0) | AA61: =Q61+R61+S61+T61+U61+V61+W61+X61+Y61+Z61 | AB61: 10 | AC61: 74 | AD61: 42 | AE61: 26 | AF61: 2 | AG61: 14 | AH61: 8 | AI61: 11 | AJ61: =INDEX($Q$51:$Q$178,AC61+1) | AK61: =INDEX($R$51:$R$178,AD61+1) | AL61: =INDEX($S$51:$S$178,AE61+1) | AM61: =INDEX($T$51:$T$178,AF61+1) | AN61: =INDEX($U$51:$U$178,AG61+1) | AO61: =INDEX($V$51:$V$178,AH61+1) | AP61: =INDEX($W$51:$W$178,AI61+1) | AQ61: =IF(Q61>=AJ61-0.01,1,0) | AR61: =IF(R61>=AK61-0.01,1,0) | AS61: =IF(S61>=AL61-0.01,1,0) | AT61: =IF(T61>=AM61-0.01,1,0) | AU61: =IF(U61>=AN61-0.01,1,0) | AV61: =IF(V61>=AO61-0.01,1,0) | AW61: =IF(W61>=AP61-0.01,1,0) | AX61: =AQ61*AR61*AS61*AT61*AU61*AV61*AW61 | AY61: =Assumptions!$B$41 | AZ61: =Assumptions!$B$33 | BA61: =Assumptions!$B$32 | BB61: =Assumptions!$B$31 | BC61: =Assumptions!$B$30 | BD61: =Assumptions!$B$29 | BE61: =Assumptions!$B$28 | BF61: =P61*Assumptions!$B$141 | BG61: =P61*Assumptions!$B$128 | BH61: =P61*Assumptions!$B$129 | BI61: =P61*Assumptions!$B$14 | BJ61: =P61*Assumptions!$B$13 | BK61: =P61*Assumptions!$B$12 | BL61: =P61*Assumptions!$B$11
A62: 700M | B62: =Assumptions!$B$58 | C62: 0 | D62: 0 | E62: 0 | F62: 1 | G62: 0 | H62: 1 | I62: 1 | J62: =(1-C62)*Assumptions!$B$41+(1-D62)*Assumptions!$B$33+(1-E62)*Assumptions!$B$32+(1-F62)*Assumptions!$B$31+(1-G62)*Assumptions!$B$30+(1-H62)*Assumptions!$B$29+(1-I62)*Assumptions!$B$28 | K62: =C62*Assumptions!$B$141+D62*Assumptions!$B$128+E62*Assumptions!$B$129+F62*Assumptions!$B$14+G62*Assumptions!$B$13+H62*Assumptions!$B$12+I62*Assumptions!$B$11+Assumptions!$B$133+Assumptions!$B$137+Assumptions!$B$9 | L62: =B62-J62 | M62: =IF(K62>0,IF(L62/K62>=Assumptions!$B$37,1,0),0) | N62: =K62+M62*Assumptions!$B$153 | O62: =L62+M62*Assumptions!$B$153*Assumptions!$B$37 | P62: =IF(N62>0,O62/N62,0) | Q62: =IF(C62=1,P62*Assumptions!$B$141,Assumptions!$B$41) | R62: =IF(D62=1,P62*Assumptions!$B$128,Assumptions!$B$33) | S62: =IF(E62=1,P62*Assumptions!$B$129,Assumptions!$B$32) | T62: =IF(F62=1,P62*Assumptions!$B$14,Assumptions!$B$31) | U62: =IF(G62=1,P62*Assumptions!$B$13,Assumptions!$B$30) | V62: =IF(H62=1,P62*Assumptions!$B$12,Assumptions!$B$29) | W62: =IF(I62=1,P62*Assumptions!$B$11,Assumptions!$B$28) | X62: =P62*(Assumptions!$B$133+Assumptions!$B$137) | Y62: =P62*Assumptions!$B$9 | Z62: =IF(M62=1,(P62-Assumptions!$B$37)*Assumptions!$B$153,0) | AA62: =Q62+R62+S62+T62+U62+V62+W62+X62+Y62+Z62 | AB62: 11 | AC62: 75 | AD62: 43 | AE62: 27 | AF62: 3 | AG62: 15 | AH62: 9 | AI62: 10 | AJ62: =INDEX($Q$51:$Q$178,AC62+1) | AK62: =INDEX($R$51:$R$178,AD62+1) | AL62: =INDEX($S$51:$S$178,AE62+1) | AM62: =INDEX($T$51:$T$178,AF62+1) | AN62: =INDEX($U$51:$U$178,AG62+1) | AO62: =INDEX($V$51:$V$178,AH62+1) | AP62: =INDEX($W$51:$W$178,AI62+1) | AQ62: =IF(Q62>=AJ62-0.01,1,0) | AR62: =IF(R62>=AK62-0.01,1,0) | AS62: =IF(S62>=AL62-0.01,1,0) | AT62: =IF(T62>=AM62-0.01,1,0) | AU62: =IF(U62>=AN62-0.01,1,0) | AV62: =IF(V62>=AO62-0.01,1,0) | AW62: =IF(W62>=AP62-0.01,1,0) | AX62: =AQ62*AR62*AS62*AT62*AU62*AV62*AW62 | AY62: =Assumptions!$B$41 | AZ62: =Assumptions!$B$33 | BA62: =Assumptions!$B$32 | BB62: =Assumptions!$B$31 | BC62: =Assumptions!$B$30 | BD62: =Assumptions!$B$29 | BE62: =Assumptions!$B$28 | BF62: =P62*Assumptions!$B$141 | BG62: =P62*Assumptions!$B$128 | BH62: =P62*Assumptions!$B$129 | BI62: =P62*Assumptions!$B$14 | BJ62: =P62*Assumptions!$B$13 | BK62: =P62*Assumptions!$B$12 | BL62: =P62*Assumptions!$B$11
... A178: 700M | B178: =Assumptions!$B$58 | C178: 1 | D178: 1 | E178: 1 | F178: 1 | G178: 1 | H178: 1 | I178: 1 | J178: =(1-C178)*Assumptions!$B$41+(1-D178)*Assumptions!$B$33+(1-E178)*Assumptions!$B$32+(1-F178)*Assumptions!$B$31+(1-G178)*Assumptions!$B$30+(1-H178)*Assumptions!$B$29+(1-I178)*Assumptions!$B$28 | K178: =C178*Assumptions!$B$141+D178*Assumptions!$B$128+E178*Assumptions!$B$129+F178*Assumptions!$B$14+G178*Assumptions!$B$13+H178*Assumptions!$B$12+I178*Assumptions!$B$11+Assumptions!$B$133+Assumptions!$B$137+Assumptions!$B$9 | L178: =B178-J178 | M178: =IF(K178>0,IF(L178/K178>=Assumptions!$B$37,1,0),0) | N178: =K178+M178*Assumptions!$B$153 | O178: =L178+M178*Assumptions!$B$153*Assumptions!$B$37 | P178: =IF(N178>0,O178/N178,0) | Q178: =IF(C178=1,P178*Assumptions!$B$141,Assumptions!$B$41) | R178: =IF(D178=1,P178*Assumptions!$B$128,Assumptions!$B$33) | S178: =IF(E178=1,P178*Assumptions!$B$129,Assumptions!$B$32) | T178: =IF(F178=1,P178*Assumptions!$B$14,Assumptions!$B$31) | U178: =IF(G178=1,P178*Assumptions!$B$13,Assumptions!$B$30) | V178: =IF(H178=1,P178*Assumptions!$B$12,Assumptions!$B$29) | W178: =IF(I178=1,P178*Assumptions!$B$11,Assumptions!$B$28) | X178: =P178*(Assumptions!$B$133+Assumptions!$B$137) | Y178: =P178*Assumptions!$B$9 | Z178: =IF(M178=1,(P178-Assumptions!$B$37)*Assumptions!$B$153,0) | AA178: =Q178+R178+S178+T178+U178+V178+W178+X178+Y178+Z178 | AB178: 127 | AC178: 63 | AD178: 95 | AE178: 111 | AF178: 119 | AG178: 123 | AH178: 125 | AI178: 126 | AJ178: =INDEX($Q$51:$Q$178,AC178+1) | AK178: =INDEX($R$51:$R$178,AD178+1) | AL178: =INDEX($S$51:$S$178,AE178+1) | AM178: =INDEX($T$51:$T$178,AF178+1) | AN178: =INDEX($U$51:$U$178,AG178+1) | AO178: =INDEX($V$51:$V$178,AH178+1) | AP178: =INDEX($W$51:$W$178,AI178+1) | AQ178: =IF(Q178>=AJ178-0.01,1,0) | AR178: =IF(R178>=AK178-0.01,1,0) | AS178: =IF(S178>=AL178-0.01,1,0) | AT178: =IF(T178>=AM178-0.01,1,0) | AU178: =IF(U178>=AN178-0.01,1,0) | AV178: =IF(V178>=AO178-0.01,1,0) | AW178: =IF(W178>=AP178-0.01,1,0) | AX178: =AQ178*AR178*AS178*AT178*AU178*AV178*AW178 | AY178: =Assumptions!$B$41 | AZ178: =Assumptions!$B$33 | BA178: =Assumptions!$B$32 | BB178: =Assumptions!$B$31 | BC178: =Assumptions!$B$30 | BD178: =Assumptions!$B$29 | BE178: =Assumptions!$B$28 | BF178: =P178*Assumptions!$B$141 | BG178: =P178*Assumptions!$B$128 | BH178: =P178*Assumptions!$B$129 | BI178: =P178*Assumptions!$B$14 | BJ178: =P178*Assumptions!$B$13 | BK178: =P178*Assumptions!$B$12 | BL178: =P178*Assumptions!$B$11
A179: 1200M | B179: =Assumptions!$B$59 | C179: 0 | D179: 0 | E179: 0 | F179: 0 | G179: 0 | H179: 0 | I179: 0 | J179: =(1-C179)*Assumptions!$B$41+(1-D179)*Assumptions!$B$33+(1-E179)*Assumptions!$B$32+(1-F179)*Assumptions!$B$31+(1-G179)*Assumptions!$B$30+(1-H179)*Assumptions!$B$29+(1-I179)*Assumptions!$B$28 | K179: =C179*Assumptions!$B$141+D179*Assumptions!$B$128+E179*Assumptions!$B$129+F179*Assumptions!$B$14+G179*Assumptions!$B$13+H179*Assumptions!$B$12+I179*Assumptions!$B$11+Assumptions!$B$133+Assumptions!$B$137+Assumptions!$B$9 | L179: =B179-J179 | M179: =IF(K179>0,IF(L179/K179>=Assumptions!$B$37,1,0),0) | N179: =K179+M179*Assumptions!$B$153 | O179: =L179+M179*Assumptions!$B$153*Assumptions!$B$37 | P179: =IF(N179>0,O179/N179,0) | Q179: =IF(C179=1,P179*Assumptions!$B$141,Assumptions!$B$41) | R179: =IF(D179=1,P179*Assumptions!$B$128,Assumptions!$B$33) | S179: =IF(E179=1,P179*Assumptions!$B$129,Assumptions!$B$32) | T179: =IF(F179=1,P179*Assumptions!$B$14,Assumptions!$B$31) | U179: =IF(G179=1,P179*Assumptions!$B$13,Assumptions!$B$30) | V179: =IF(H179=1,P179*Assumptions!$B$12,Assumptions!$B$29) | W179: =IF(I179=1,P179*Assumptions!$B$11,Assumptions!$B$28) | X179: =P179*(Assumptions!$B$133+Assumptions!$B$137) | Y179: =P179*Assumptions!$B$9 | Z179: =IF(M179=1,(P179-Assumptions!$B$37)*Assumptions!$B$153,0) | AA179: =Q179+R179+S179+T179+U179+V179+W179+X179+Y179+Z179 | AB179: 0 | AC179: 64 | AD179: 32 | AE179: 16 | AF179: 8 | AG179: 4 | AH179: 2 | AI179: 1 | AJ179: =INDEX($Q$179:$Q$306,AC179+1) | AK179: =INDEX($R$179:$R$306,AD179+1) | AL179: =INDEX($S$179:$S$306,AE179+1) | AM179: =INDEX($T$179:$T$306,AF179+1) | AN179: =INDEX($U$179:$U$306,AG179+1) | AO179: =INDEX($V$179:$V$306,AH179+1) | AP179: =INDEX($W$179:$W$306,AI179+1) | AQ179: =IF(Q179>=AJ179-0.01,1,0) | AR179: =IF(R179>=AK179-0.01,1,0) | AS179: =IF(S179>=AL179-0.01,1,0) | AT179: =IF(T179>=AM179-0.01,1,0) | AU179: =IF(U179>=AN179-0.01,1,0) | AV179: =IF(V179>=AO179-0.01,1,0) | AW179: =IF(W179>=AP179-0.01,1,0) | AX179: =AQ179*AR179*AS179*AT179*AU179*AV179*AW179 | AY179: =Assumptions!$B$41 | AZ179: =Assumptions!$B$33 | BA179: =Assumptions!$B$32 | BB179: =Assumptions!$B$31 | BC179: =Assumptions!$B$30 | BD179: =Assumptions!$B$29 | BE179: =Assumptions!$B$28 | BF179: =P179*Assumptions!$B$141 | BG179: =P179*Assumptions!$B$128 | BH179: =P179*Assumptions!$B$129 | BI179: =P179*Assumptions!$B$14 | BJ179: =P179*Assumptions!$B$13 | BK179: =P179*Assumptions!$B$12 | BL179: =P179*Assumptions!$B$11
A180: 1200M | B180: =Assumptions!$B$59 | C180: 0 | D180: 0 | E180: 0 | F180: 0 | G180: 0 | H180: 0 | I180: 1 | J180: =(1-C180)*Assumptions!$B$41+(1-D180)*Assumptions!$B$33+(1-E180)*Assumptions!$B$32+(1-F180)*Assumptions!$B$31+(1-G180)*Assumptions!$B$30+(1-H180)*Assumptions!$B$29+(1-I180)*Assumptions!$B$28 | K180: =C180*Assumptions!$B$141+D180*Assumptions!$B$128+E180*Assumptions!$B$129+F180*Assumptions!$B$14+G180*Assumptions!$B$13+H180*Assumptions!$B$12+I180*Assumptions!$B$11+Assumptions!$B$133+Assumptions!$B$137+Assumptions!$B$9 | L180: =B180-J180 | M180: =IF(K180>0,IF(L180/K180>=Assumptions!$B$37,1,0),0) | N180: =K180+M180*Assumptions!$B$153 | O180: =L180+M180*Assumptions!$B$153*Assumptions!$B$37 | P180: =IF(N180>0,O180/N180,0) | Q180: =IF(C180=1,P180*Assumptions!$B$141,Assumptions!$B$41) | R180: =IF(D180=1,P180*Assumptions!$B$128,Assumptions!$B$33) | S180: =IF(E180=1,P180*Assumptions!$B$129,Assumptions!$B$32) | T180: =IF(F180=1,P180*Assumptions!$B$14,Assumptions!$B$31) | U180: =IF(G180=1,P180*Assumptions!$B$13,Assumptions!$B$30) | V180: =IF(H180=1,P180*Assumptions!$B$12,Assumptions!$B$29) | W180: =IF(I180=1,P180*Assumptions!$B$11,Assumptions!$B$28) | X180: =P180*(Assumptions!$B$133+Assumptions!$B$137) | Y180: =P180*Assumptions!$B$9 | Z180: =IF(M180=1,(P180-Assumptions!$B$37)*Assumptions!$B$153,0) | AA180: =Q180+R180+S180+T180+U180+V180+W180+X180+Y180+Z180 | AB180: 1 | AC180: 65 | AD180: 33 | AE180: 17 | AF180: 9 | AG180: 5 | AH180: 3 | AI180: 0 | AJ180: =INDEX($Q$179:$Q$306,AC180+1) | AK180: =INDEX($R$179:$R$306,AD180+1) | AL180: =INDEX($S$179:$S$306,AE180+1) | AM180: =INDEX($T$179:$T$306,AF180+1) | AN180: =INDEX($U$179:$U$306,AG180+1) | AO180: =INDEX($V$179:$V$306,AH180+1) | AP180: =INDEX($W$179:$W$306,AI180+1) | AQ180: =IF(Q180>=AJ180-0.01,1,0) | AR180: =IF(R180>=AK180-0.01,1,0) | AS180: =IF(S180>=AL180-0.01,1,0) | AT180: =IF(T180>=AM180-0.01,1,0) | AU180: =IF(U180>=AN180-0.01,1,0) | AV180: =IF(V180>=AO180-0.01,1,0) | AW180: =IF(W180>=AP180-0.01,1,0) | AX180: =AQ180*AR180*AS180*AT180*AU180*AV180*AW180 | AY180: =Assumptions!$B$41 | AZ180: =Assumptions!$B$33 | BA180: =Assumptions!$B$32 | BB180: =Assumptions!$B$31 | BC180: =Assumptions!$B$30 | BD180: =Assumptions!$B$29 | BE180: =Assumptions!$B$28 | BF180: =P180*Assumptions!$B$141 | BG180: =P180*Assumptions!$B$128 | BH180: =P180*Assumptions!$B$129 | BI180: =P180*Assumptions!$B$14 | BJ180: =P180*Assumptions!$B$13 | BK180: =P180*Assumptions!$B$12 | BL180: =P180*Assumptions!$B$11
A181: 1200M | B181: =Assumptions!$B$59 | C181: 0 | D181: 0 | E181: 0 | F181: 0 | G181: 0 | H181: 1 | I181: 0 | J181: =(1-C181)*Assumptions!$B$41+(1-D181)*Assumptions!$B$33+(1-E181)*Assumptions!$B$32+(1-F181)*Assumptions!$B$31+(1-G181)*Assumptions!$B$30+(1-H181)*Assumptions!$B$29+(1-I181)*Assumptions!$B$28 | K181: =C181*Assumptions!$B$141+D181*Assumptions!$B$128+E181*Assumptions!$B$129+F181*Assumptions!$B$14+G181*Assumptions!$B$13+H181*Assumptions!$B$12+I181*Assumptions!$B$11+Assumptions!$B$133+Assumptions!$B$137+Assumptions!$B$9 | L181: =B181-J181 | M181: =IF(K181>0,IF(L181/K181>=Assumptions!$B$37,1,0),0) | N181: =K181+M181*Assumptions!$B$153 | O181: =L181+M181*Assumptions!$B$153*Assumptions!$B$37 | P181: =IF(N181>0,O181/N181,0) | Q181: =IF(C181=1,P181*Assumptions!$B$141,Assumptions!$B$41) | R181: =IF(D181=1,P181*Assumptions!$B$128,Assumptions!$B$33) | S181: =IF(E181=1,P181*Assumptions!$B$129,Assumptions!$B$32) | T181: =IF(F181=1,P181*Assumptions!$B$14,Assumptions!$B$31) | U181: =IF(G181=1,P181*Assumptions!$B$13,Assumptions!$B$30) | V181: =IF(H181=1,P181*Assumptions!$B$12,Assumptions!$B$29) | W181: =IF(I181=1,P181*Assumptions!$B$11,Assumptions!$B$28) | X181: =P181*(Assumptions!$B$133+Assumptions!$B$137) | Y181: =P181*Assumptions!$B$9 | Z181: =IF(M181=1,(P181-Assumptions!$B$37)*Assumptions!$B$153,0) | AA181: =Q181+R181+S181+T181+U181+V181+W181+X181+Y181+Z181 | AB181: 2 | AC181: 66 | AD181: 34 | AE181: 18 | AF181: 10 | AG181: 6 | AH181: 0 | AI181: 3 | AJ181: =INDEX($Q$179:$Q$306,AC181+1) | AK181: =INDEX($R$179:$R$306,AD181+1) | AL181: =INDEX($S$179:$S$306,AE181+1) | AM181: =INDEX($T$179:$T$306,AF181+1) | AN181: =INDEX($U$179:$U$306,AG181+1) | AO181: =INDEX($V$179:$V$306,AH181+1) | AP181: =INDEX($W$179:$W$306,AI181+1) | AQ181: =IF(Q181>=AJ181-0.01,1,0) | AR181: =IF(R181>=AK181-0.01,1,0) | AS181: =IF(S181>=AL181-0.01,1,0) | AT181: =IF(T181>=AM181-0.01,1,0) | AU181: =IF(U181>=AN181-0.01,1,0) | AV181: =IF(V181>=AO181-0.01,1,0) | AW181: =IF(W181>=AP181-0.01,1,0) | AX181: =AQ181*AR181*AS181*AT181*AU181*AV181*AW181 | AY181: =Assumptions!$B$41 | AZ181: =Assumptions!$B$33 | BA181: =Assumptions!$B$32 | BB181: =Assumptions!$B$31 | BC181: =Assumptions!$B$30 | BD181: =Assumptions!$B$29 | BE181: =Assumptions!$B$28 | BF181: =P181*Assumptions!$B$141 | BG181: =P181*Assumptions!$B$128 | BH181: =P181*Assumptions!$B$129 | BI181: =P181*Assumptions!$B$14 | BJ181: =P181*Assumptions!$B$13 | BK181: =P181*Assumptions!$B$12 | BL181: =P181*Assumptions!$B$11
A182: 1200M | B182: =Assumptions!$B$59 | C182: 0 | D182: 0 | E182: 0 | F182: 0 | G182: 0 | H182: 1 | I182: 1 | J182: =(1-C182)*Assumptions!$B$41+(1-D182)*Assumptions!$B$33+(1-E182)*Assumptions!$B$32+(1-F182)*Assumptions!$B$31+(1-G182)*Assumptions!$B$30+(1-H182)*Assumptions!$B$29+(1-I182)*Assumptions!$B$28 | K182: =C182*Assumptions!$B$141+D182*Assumptions!$B$128+E182*Assumptions!$B$129+F182*Assumptions!$B$14+G182*Assumptions!$B$13+H182*Assumptions!$B$12+I182*Assumptions!$B$11+Assumptions!$B$133+Assumptions!$B$137+Assumptions!$B$9 | L182: =B182-J182 | M182: =IF(K182>0,IF(L182/K182>=Assumptions!$B$37,1,0),0) | N182: =K182+M182*Assumptions!$B$153 | O182: =L182+M182*Assumptions!$B$153*Assumptions!$B$37 | P182: =IF(N182>0,O182/N182,0) | Q182: =IF(C182=1,P182*Assumptions!$B$141,Assumptions!$B$41) | R182: =IF(D182=1,P182*Assumptions!$B$128,Assumptions!$B$33) | S182: =IF(E182=1,P182*Assumptions!$B$129,Assumptions!$B$32) | T182: =IF(F182=1,P182*Assumptions!$B$14,Assumptions!$B$31) | U182: =IF(G182=1,P182*Assumptions!$B$13,Assumptions!$B$30) | V182: =IF(H182=1,P182*Assumptions!$B$12,Assumptions!$B$29) | W182: =IF(I182=1,P182*Assumptions!$B$11,Assumptions!$B$28) | X182: =P182*(Assumptions!$B$133+Assumptions!$B$137) | Y182: =P182*Assumptions!$B$9 | Z182: =IF(M182=1,(P182-Assumptions!$B$37)*Assumptions!$B$153,0) | AA182: =Q182+R182+S182+T182+U182+V182+W182+X182+Y182+Z182 | AB182: 3 | AC182: 67 | AD182: 35 | AE182: 19 | AF182: 11 | AG182: 7 | AH182: 1 | AI182: 2 | AJ182: =INDEX($Q$179:$Q$306,AC182+1) | AK182: =INDEX($R$179:$R$306,AD182+1) | AL182: =INDEX($S$179:$S$306,AE182+1) | AM182: =INDEX($T$179:$T$306,AF182+1) | AN182: =INDEX($U$179:$U$306,AG182+1) | AO182: =INDEX($V$179:$V$306,AH182+1) | AP182: =INDEX($W$179:$W$306,AI182+1) | AQ182: =IF(Q182>=AJ182-0.01,1,0) | AR182: =IF(R182>=AK182-0.01,1,0) | AS182: =IF(S182>=AL182-0.01,1,0) | AT182: =IF(T182>=AM182-0.01,1,0) | AU182: =IF(U182>=AN182-0.01,1,0) | AV182: =IF(V182>=AO182-0.01,1,0) | AW182: =IF(W182>=AP182-0.01,1,0) | AX182: =AQ182*AR182*AS182*AT182*AU182*AV182*AW182 | AY182: =Assumptions!$B$41 | AZ182: =Assumptions!$B$33 | BA182: =Assumptions!$B$32 | BB182: =Assumptions!$B$31 | BC182: =Assumptions!$B$30 | BD182: =Assumptions!$B$29 | BE182: =Assumptions!$B$28 | BF182: =P182*Assumptions!$B$141 | BG182: =P182*Assumptions!$B$128 | BH182: =P182*Assumptions!$B$129 | BI182: =P182*Assumptions!$B$14 | BJ182: =P182*Assumptions!$B$13 | BK182: =P182*Assumptions!$B$12 | BL182: =P182*Assumptions!$B$11
A183: 1200M | B183: =Assumptions!$B$59 | C183: 0 | D183: 0 | E183: 0 | F183: 0 | G183: 1 | H183: 0 | I183: 0 | J183: =(1-C183)*Assumptions!$B$41+(1-D183)*Assumptions!$B$33+(1-E183)*Assumptions!$B$32+(1-F183)*Assumptions!$B$31+(1-G183)*Assumptions!$B$30+(1-H183)*Assumptions!$B$29+(1-I183)*Assumptions!$B$28 | K183: =C183*Assumptions!$B$141+D183*Assumptions!$B$128+E183*Assumptions!$B$129+F183*Assumptions!$B$14+G183*Assumptions!$B$13+H183*Assumptions!$B$12+I183*Assumptions!$B$11+Assumptions!$B$133+Assumptions!$B$137+Assumptions!$B$9 | L183: =B183-J183 | M183: =IF(K183>0,IF(L183/K183>=Assumptions!$B$37,1,0),0) | N183: =K183+M183*Assumptions!$B$153 | O183: =L183+M183*Assumptions!$B$153*Assumptions!$B$37 | P183: =IF(N183>0,O183/N183,0) | Q183: =IF(C183=1,P183*Assumptions!$B$141,Assumptions!$B$41) | R183: =IF(D183=1,P183*Assumptions!$B$128,Assumptions!$B$33) | S183: =IF(E183=1,P183*Assumptions!$B$129,Assumptions!$B$32) | T183: =IF(F183=1,P183*Assumptions!$B$14,Assumptions!$B$31) | U183: =IF(G183=1,P183*Assumptions!$B$13,Assumptions!$B$30) | V183: =IF(H183=1,P183*Assumptions!$B$12,Assumptions!$B$29) | W183: =IF(I183=1,P183*Assumptions!$B$11,Assumptions!$B$28) | X183: =P183*(Assumptions!$B$133+Assumptions!$B$137) | Y183: =P183*Assumptions!$B$9 | Z183: =IF(M183=1,(P183-Assumptions!$B$37)*Assumptions!$B$153,0) | AA183: =Q183+R183+S183+T183+U183+V183+W183+X183+Y183+Z183 | AB183: 4 | AC183: 68 | AD183: 36 | AE183: 20 | AF183: 12 | AG183: 0 | AH183: 6 | AI183: 5 | AJ183: =INDEX($Q$179:$Q$306,AC183+1) | AK183: =INDEX($R$179:$R$306,AD183+1) | AL183: =INDEX($S$179:$S$306,AE183+1) | AM183: =INDEX($T$179:$T$306,AF183+1) | AN183: =INDEX($U$179:$U$306,AG183+1) | AO183: =INDEX($V$179:$V$306,AH183+1) | AP183: =INDEX($W$179:$W$306,AI183+1) | AQ183: =IF(Q183>=AJ183-0.01,1,0) | AR183: =IF(R183>=AK183-0.01,1,0) | AS183: =IF(S183>=AL183-0.01,1,0) | AT183: =IF(T183>=AM183-0.01,1,0) | AU183: =IF(U183>=AN183-0.01,1,0) | AV183: =IF(V183>=AO183-0.01,1,0) | AW183: =IF(W183>=AP183-0.01,1,0) | AX183: =AQ183*AR183*AS183*AT183*AU183*AV183*AW183 | AY183: =Assumptions!$B$41 | AZ183: =Assumptions!$B$33 | BA183: =Assumptions!$B$32 | BB183: =Assumptions!$B$31 | BC183: =Assumptions!$B$30 | BD183: =Assumptions!$B$29 | BE183: =Assumptions!$B$28 | BF183: =P183*Assumptions!$B$141 | BG183: =P183*Assumptions!$B$128 | BH183: =P183*Assumptions!$B$129 | BI183: =P183*Assumptions!$B$14 | BJ183: =P183*Assumptions!$B$13 | BK183: =P183*Assumptions!$B$12 | BL183: =P183*Assumptions!$B$11
A184: 1200M | B184: =Assumptions!$B$59 | C184: 0 | D184: 0 | E184: 0 | F184: 0 | G184: 1 | H184: 0 | I184: 1 | J184: =(1-C184)*Assumptions!$B$41+(1-D184)*Assumptions!$B$33+(1-E184)*Assumptions!$B$32+(1-F184)*Assumptions!$B$31+(1-G184)*Assumptions!$B$30+(1-H184)*Assumptions!$B$29+(1-I184)*Assumptions!$B$28 | K184: =C184*Assumptions!$B$141+D184*Assumptions!$B$128+E184*Assumptions!$B$129+F184*Assumptions!$B$14+G184*Assumptions!$B$13+H184*Assumptions!$B$12+I184*Assumptions!$B$11+Assumptions!$B$133+Assumptions!$B$137+Assumptions!$B$9 | L184: =B184-J184 | M184: =IF(K184>0,IF(L184/K184>=Assumptions!$B$37,1,0),0) | N184: =K184+M184*Assumptions!$B$153 | O184: =L184+M184*Assumptions!$B$153*Assumptions!$B$37 | P184: =IF(N184>0,O184/N184,0) | Q184: =IF(C184=1,P184*Assumptions!$B$141,Assumptions!$B$41) | R184: =IF(D184=1,P184*Assumptions!$B$128,Assumptions!$B$33) | S184: =IF(E184=1,P184*Assumptions!$B$129,Assumptions!$B$32) | T184: =IF(F184=1,P184*Assumptions!$B$14,Assumptions!$B$31) | U184: =IF(G184=1,P184*Assumptions!$B$13,Assumptions!$B$30) | V184: =IF(H184=1,P184*Assumptions!$B$12,Assumptions!$B$29) | W184: =IF(I184=1,P184*Assumptions!$B$11,Assumptions!$B$28) | X184: =P184*(Assumptions!$B$133+Assumptions!$B$137) | Y184: =P184*Assumptions!$B$9 | Z184: =IF(M184=1,(P184-Assumptions!$B$37)*Assumptions!$B$153,0) | AA184: =Q184+R184+S184+T184+U184+V184+W184+X184+Y184+Z184 | AB184: 5 | AC184: 69 | AD184: 37 | AE184: 21 | AF184: 13 | AG184: 1 | AH184: 7 | AI184: 4 | AJ184: =INDEX($Q$179:$Q$306,AC184+1) | AK184: =INDEX($R$179:$R$306,AD184+1) | AL184: =INDEX($S$179:$S$306,AE184+1) | AM184: =INDEX($T$179:$T$306,AF184+1) | AN184: =INDEX($U$179:$U$306,AG184+1) | AO184: =INDEX($V$179:$V$306,AH184+1) | AP184: =INDEX($W$179:$W$306,AI184+1) | AQ184: =IF(Q184>=AJ184-0.01,1,0) | AR184: =IF(R184>=AK184-0.01,1,0) | AS184: =IF(S184>=AL184-0.01,1,0) | AT184: =IF(T184>=AM184-0.01,1,0) | AU184: =IF(U184>=AN184-0.01,1,0) | AV184: =IF(V184>=AO184-0.01,1,0) | AW184: =IF(W184>=AP184-0.01,1,0) | AX184: =AQ184*AR184*AS184*AT184*AU184*AV184*AW184 | AY184: =Assumptions!$B$41 | AZ184: =Assumptions!$B$33 | BA184: =Assumptions!$B$32 | BB184: =Assumptions!$B$31 | BC184: =Assumptions!$B$30 | BD184: =Assumptions!$B$29 | BE184: =Assumptions!$B$28 | BF184: =P184*Assumptions!$B$141 | BG184: =P184*Assumptions!$B$128 | BH184: =P184*Assumptions!$B$129 | BI184: =P184*Assumptions!$B$14 | BJ184: =P184*Assumptions!$B$13 | BK184: =P184*Assumptions!$B$12 | BL184: =P184*Assumptions!$B$11
A185: 1200M | B185: =Assumptions!$B$59 | C185: 0 | D185: 0 | E185: 0 | F185: 0 | G185: 1 | H185: 1 | I185: 0 | J185: =(1-C185)*Assumptions!$B$41+(1-D185)*Assumptions!$B$33+(1-E185)*Assumptions!$B$32+(1-F185)*Assumptions!$B$31+(1-G185)*Assumptions!$B$30+(1-H185)*Assumptions!$B$29+(1-I185)*Assumptions!$B$28 | K185: =C185*Assumptions!$B$141+D185*Assumptions!$B$128+E185*Assumptions!$B$129+F185*Assumptions!$B$14+G185*Assumptions!$B$13+H185*Assumptions!$B$12+I185*Assumptions!$B$11+Assumptions!$B$133+Assumptions!$B$137+Assumptions!$B$9 | L185: =B185-J185 | M185: =IF(K185>0,IF(L185/K185>=Assumptions!$B$37,1,0),0) | N185: =K185+M185*Assumptions!$B$153 | O185: =L185+M185*Assumptions!$B$153*Assumptions!$B$37 | P185: =IF(N185>0,O185/N185,0) | Q185: =IF(C185=1,P185*Assumptions!$B$141,Assumptions!$B$41) | R185: =IF(D185=1,P185*Assumptions!$B$128,Assumptions!$B$33) | S185: =IF(E185=1,P185*Assumptions!$B$129,Assumptions!$B$32) | T185: =IF(F185=1,P185*Assumptions!$B$14,Assumptions!$B$31) | U185: =IF(G185=1,P185*Assumptions!$B$13,Assumptions!$B$30) | V185: =IF(H185=1,P185*Assumptions!$B$12,Assumptions!$B$29) | W185: =IF(I185=1,P185*Assumptions!$B$11,Assumptions!$B$28) | X185: =P185*(Assumptions!$B$133+Assumptions!$B$137) | Y185: =P185*Assumptions!$B$9 | Z185: =IF(M185=1,(P185-Assumptions!$B$37)*Assumptions!$B$153,0) | AA185: =Q185+R185+S185+T185+U185+V185+W185+X185+Y185+Z185 | AB185: 6 | AC185: 70 | AD185: 38 | AE185: 22 | AF185: 14 | AG185: 2 | AH185: 4 | AI185: 7 | AJ185: =INDEX($Q$179:$Q$306,AC185+1) | AK185: =INDEX($R$179:$R$306,AD185+1) | AL185: =INDEX($S$179:$S$306,AE185+1) | AM185: =INDEX($T$179:$T$306,AF185+1) | AN185: =INDEX($U$179:$U$306,AG185+1) | AO185: =INDEX($V$179:$V$306,AH185+1) | AP185: =INDEX($W$179:$W$306,AI185+1) | AQ185: =IF(Q185>=AJ185-0.01,1,0) | AR185: =IF(R185>=AK185-0.01,1,0) | AS185: =IF(S185>=AL185-0.01,1,0) | AT185: =IF(T185>=AM185-0.01,1,0) | AU185: =IF(U185>=AN185-0.01,1,0) | AV185: =IF(V185>=AO185-0.01,1,0) | AW185: =IF(W185>=AP185-0.01,1,0) | AX185: =AQ185*AR185*AS185*AT185*AU185*AV185*AW185 | AY185: =Assumptions!$B$41 | AZ185: =Assumptions!$B$33 | BA185: =Assumptions!$B$32 | BB185: =Assumptions!$B$31 | BC185: =Assumptions!$B$30 | BD185: =Assumptions!$B$29 | BE185: =Assumptions!$B$28 | BF185: =P185*Assumptions!$B$141 | BG185: =P185*Assumptions!$B$128 | BH185: =P185*Assumptions!$B$129 | BI185: =P185*Assumptions!$B$14 | BJ185: =P185*Assumptions!$B$13 | BK185: =P185*Assumptions!$B$12 | BL185: =P185*Assumptions!$B$11
A186: 1200M | B186: =Assumptions!$B$59 | C186: 0 | D186: 0 | E186: 0 | F186: 0 | G186: 1 | H186: 1 | I186: 1 | J186: =(1-C186)*Assumptions!$B$41+(1-D186)*Assumptions!$B$33+(1-E186)*Assumptions!$B$32+(1-F186)*Assumptions!$B$31+(1-G186)*Assumptions!$B$30+(1-H186)*Assumptions!$B$29+(1-I186)*Assumptions!$B$28 | K186: =C186*Assumptions!$B$141+D186*Assumptions!$B$128+E186*Assumptions!$B$129+F186*Assumptions!$B$14+G186*Assumptions!$B$13+H186*Assumptions!$B$12+I186*Assumptions!$B$11+Assumptions!$B$133+Assumptions!$B$137+Assumptions!$B$9 | L186: =B186-J186 | M186: =IF(K186>0,IF(L186/K186>=Assumptions!$B$37,1,0),0) | N186: =K186+M186*Assumptions!$B$153 | O186: =L186+M186*Assumptions!$B$153*Assumptions!$B$37 | P186: =IF(N186>0,O186/N186,0) | Q186: =IF(C186=1,P186*Assumptions!$B$141,Assumptions!$B$41) | R186: =IF(D186=1,P186*Assumptions!$B$128,Assumptions!$B$33) | S186: =IF(E186=1,P186*Assumptions!$B$129,Assumptions!$B$32) | T186: =IF(F186=1,P186*Assumptions!$B$14,Assumptions!$B$31) | U186: =IF(G186=1,P186*Assumptions!$B$13,Assumptions!$B$30) | V186: =IF(H186=1,P186*Assumptions!$B$12,Assumptions!$B$29) | W186: =IF(I186=1,P186*Assumptions!$B$11,Assumptions!$B$28) | X186: =P186*(Assumptions!$B$133+Assumptions!$B$137) | Y186: =P186*Assumptions!$B$9 | Z186: =IF(M186=1,(P186-Assumptions!$B$37)*Assumptions!$B$153,0) | AA186: =Q186+R186+S186+T186+U186+V186+W186+X186+Y186+Z186 | AB186: 7 | AC186: 71 | AD186: 39 | AE186: 23 | AF186: 15 | AG186: 3 | AH186: 5 | AI186: 6 | AJ186: =INDEX($Q$179:$Q$306,AC186+1) | AK186: =INDEX($R$179:$R$306,AD186+1) | AL186: =INDEX($S$179:$S$306,AE186+1) | AM186: =INDEX($T$179:$T$306,AF186+1) | AN186: =INDEX($U$179:$U$306,AG186+1) | AO186: =INDEX($V$179:$V$306,AH186+1) | AP186: =INDEX($W$179:$W$306,AI186+1) | AQ186: =IF(Q186>=AJ186-0.01,1,0) | AR186: =IF(R186>=AK186-0.01,1,0) | AS186: =IF(S186>=AL186-0.01,1,0) | AT186: =IF(T186>=AM186-0.01,1,0) | AU186: =IF(U186>=AN186-0.01,1,0) | AV186: =IF(V186>=AO186-0.01,1,0) | AW186: =IF(W186>=AP186-0.01,1,0) | AX186: =AQ186*AR186*AS186*AT186*AU186*AV186*AW186 | AY186: =Assumptions!$B$41 | AZ186: =Assumptions!$B$33 | BA186: =Assumptions!$B$32 | BB186: =Assumptions!$B$31 | BC186: =Assumptions!$B$30 | BD186: =Assumptions!$B$29 | BE186: =Assumptions!$B$28 | BF186: =P186*Assumptions!$B$141 | BG186: =P186*Assumptions!$B$128 | BH186: =P186*Assumptions!$B$129 | BI186: =P186*Assumptions!$B$14 | BJ186: =P186*Assumptions!$B$13 | BK186: =P186*Assumptions!$B$12 | BL186: =P186*Assumptions!$B$11
A187: 1200M | B187: =Assumptions!$B$59 | C187: 0 | D187: 0 | E187: 0 | F187: 1 | G187: 0 | H187: 0 | I187: 0 | J187: =(1-C187)*Assumptions!$B$41+(1-D187)*Assumptions!$B$33+(1-E187)*Assumptions!$B$32+(1-F187)*Assumptions!$B$31+(1-G187)*Assumptions!$B$30+(1-H187)*Assumptions!$B$29+(1-I187)*Assumptions!$B$28 | K187: =C187*Assumptions!$B$141+D187*Assumptions!$B$128+E187*Assumptions!$B$129+F187*Assumptions!$B$14+G187*Assumptions!$B$13+H187*Assumptions!$B$12+I187*Assumptions!$B$11+Assumptions!$B$133+Assumptions!$B$137+Assumptions!$B$9 | L187: =B187-J187 | M187: =IF(K187>0,IF(L187/K187>=Assumptions!$B$37,1,0),0) | N187: =K187+M187*Assumptions!$B$153 | O187: =L187+M187*Assumptions!$B$153*Assumptions!$B$37 | P187: =IF(N187>0,O187/N187,0) | Q187: =IF(C187=1,P187*Assumptions!$B$141,Assumptions!$B$41) | R187: =IF(D187=1,P187*Assumptions!$B$128,Assumptions!$B$33) | S187: =IF(E187=1,P187*Assumptions!$B$129,Assumptions!$B$32) | T187: =IF(F187=1,P187*Assumptions!$B$14,Assumptions!$B$31) | U187: =IF(G187=1,P187*Assumptions!$B$13,Assumptions!$B$30) | V187: =IF(H187=1,P187*Assumptions!$B$12,Assumptions!$B$29) | W187: =IF(I187=1,P187*Assumptions!$B$11,Assumptions!$B$28) | X187: =P187*(Assumptions!$B$133+Assumptions!$B$137) | Y187: =P187*Assumptions!$B$9 | Z187: =IF(M187=1,(P187-Assumptions!$B$37)*Assumptions!$B$153,0) | AA187: =Q187+R187+S187+T187+U187+V187+W187+X187+Y187+Z187 | AB187: 8 | AC187: 72 | AD187: 40 | AE187: 24 | AF187: 0 | AG187: 12 | AH187: 10 | AI187: 9 | AJ187: =INDEX($Q$179:$Q$306,AC187+1) | AK187: =INDEX($R$179:$R$306,AD187+1) | AL187: =INDEX($S$179:$S$306,AE187+1) | AM187: =INDEX($T$179:$T$306,AF187+1) | AN187: =INDEX($U$179:$U$306,AG187+1) | AO187: =INDEX($V$179:$V$306,AH187+1) | AP187: =INDEX($W$179:$W$306,AI187+1) | AQ187: =IF(Q187>=AJ187-0.01,1,0) | AR187: =IF(R187>=AK187-0.01,1,0) | AS187: =IF(S187>=AL187-0.01,1,0) | AT187: =IF(T187>=AM187-0.01,1,0) | AU187: =IF(U187>=AN187-0.01,1,0) | AV187: =IF(V187>=AO187-0.01,1,0) | AW187: =IF(W187>=AP187-0.01,1,0) | AX187: =AQ187*AR187*AS187*AT187*AU187*AV187*AW187 | AY187: =Assumptions!$B$41 | AZ187: =Assumptions!$B$33 | BA187: =Assumptions!$B$32 | BB187: =Assumptions!$B$31 | BC187: =Assumptions!$B$30 | BD187: =Assumptions!$B$29 | BE187: =Assumptions!$B$28 | BF187: =P187*Assumptions!$B$141 | BG187: =P187*Assumptions!$B$128 | BH187: =P187*Assumptions!$B$129 | BI187: =P187*Assumptions!$B$14 | BJ187: =P187*Assumptions!$B$13 | BK187: =P187*Assumptions!$B$12 | BL187: =P187*Assumptions!$B$11
A188: 1200M | B188: =Assumptions!$B$59 | C188: 0 | D188: 0 | E188: 0 | F188: 1 | G188: 0 | H188: 0 | I188: 1 | J188: =(1-C188)*Assumptions!$B$41+(1-D188)*Assumptions!$B$33+(1-E188)*Assumptions!$B$32+(1-F188)*Assumptions!$B$31+(1-G188)*Assumptions!$B$30+(1-H188)*Assumptions!$B$29+(1-I188)*Assumptions!$B$28 | K188: =C188*Assumptions!$B$141+D188*Assumptions!$B$128+E188*Assumptions!$B$129+F188*Assumptions!$B$14+G188*Assumptions!$B$13+H188*Assumptions!$B$12+I188*Assumptions!$B$11+Assumptions!$B$133+Assumptions!$B$137+Assumptions!$B$9 | L188: =B188-J188 | M188: =IF(K188>0,IF(L188/K188>=Assumptions!$B$37,1,0),0) | N188: =K188+M188*Assumptions!$B$153 | O188: =L188+M188*Assumptions!$B$153*Assumptions!$B$37 | P188: =IF(N188>0,O188/N188,0) | Q188: =IF(C188=1,P188*Assumptions!$B$141,Assumptions!$B$41) | R188: =IF(D188=1,P188*Assumptions!$B$128,Assumptions!$B$33) | S188: =IF(E188=1,P188*Assumptions!$B$129,Assumptions!$B$32) | T188: =IF(F188=1,P188*Assumptions!$B$14,Assumptions!$B$31) | U188: =IF(G188=1,P188*Assumptions!$B$13,Assumptions!$B$30) | V188: =IF(H188=1,P188*Assumptions!$B$12,Assumptions!$B$29) | W188: =IF(I188=1,P188*Assumptions!$B$11,Assumptions!$B$28) | X188: =P188*(Assumptions!$B$133+Assumptions!$B$137) | Y188: =P188*Assumptions!$B$9 | Z188: =IF(M188=1,(P188-Assumptions!$B$37)*Assumptions!$B$153,0) | AA188: =Q188+R188+S188+T188+U188+V188+W188+X188+Y188+Z188 | AB188: 9 | AC188: 73 | AD188: 41 | AE188: 25 | AF188: 1 | AG188: 13 | AH188: 11 | AI188: 8 | AJ188: =INDEX($Q$179:$Q$306,AC188+1) | AK188: =INDEX($R$179:$R$306,AD188+1) | AL188: =INDEX($S$179:$S$306,AE188+1) | AM188: =INDEX($T$179:$T$306,AF188+1) | AN188: =INDEX($U$179:$U$306,AG188+1) | AO188: =INDEX($V$179:$V$306,AH188+1) | AP188: =INDEX($W$179:$W$306,AI188+1) | AQ188: =IF(Q188>=AJ188-0.01,1,0) | AR188: =IF(R188>=AK188-0.01,1,0) | AS188: =IF(S188>=AL188-0.01,1,0) | AT188: =IF(T188>=AM188-0.01,1,0) | AU188: =IF(U188>=AN188-0.01,1,0) | AV188: =IF(V188>=AO188-0.01,1,0) | AW188: =IF(W188>=AP188-0.01,1,0) | AX188: =AQ188*AR188*AS188*AT188*AU188*AV188*AW188 | AY188: =Assumptions!$B$41 | AZ188: =Assumptions!$B$33 | BA188: =Assumptions!$B$32 | BB188: =Assumptions!$B$31 | BC188: =Assumptions!$B$30 | BD188: =Assumptions!$B$29 | BE188: =Assumptions!$B$28 | BF188: =P188*Assumptions!$B$141 | BG188: =P188*Assumptions!$B$128 | BH188: =P188*Assumptions!$B$129 | BI188: =P188*Assumptions!$B$14 | BJ188: =P188*Assumptions!$B$13 | BK188: =P188*Assumptions!$B$12 | BL188: =P188*Assumptions!$B$11
A189: 1200M | B189: =Assumptions!$B$59 | C189: 0 | D189: 0 | E189: 0 | F189: 1 | G189: 0 | H189: 1 | I189: 0 | J189: =(1-C189)*Assumptions!$B$41+(1-D189)*Assumptions!$B$33+(1-E189)*Assumptions!$B$32+(1-F189)*Assumptions!$B$31+(1-G189)*Assumptions!$B$30+(1-H189)*Assumptions!$B$29+(1-I189)*Assumptions!$B$28 | K189: =C189*Assumptions!$B$141+D189*Assumptions!$B$128+E189*Assumptions!$B$129+F189*Assumptions!$B$14+G189*Assumptions!$B$13+H189*Assumptions!$B$12+I189*Assumptions!$B$11+Assumptions!$B$133+Assumptions!$B$137+Assumptions!$B$9 | L189: =B189-J189 | M189: =IF(K189>0,IF(L189/K189>=Assumptions!$B$37,1,0),0) | N189: =K189+M189*Assumptions!$B$153 | O189: =L189+M189*Assumptions!$B$153*Assumptions!$B$37 | P189: =IF(N189>0,O189/N189,0) | Q189: =IF(C189=1,P189*Assumptions!$B$141,Assumptions!$B$41) | R189: =IF(D189=1,P189*Assumptions!$B$128,Assumptions!$B$33) | S189: =IF(E189=1,P189*Assumptions!$B$129,Assumptions!$B$32) | T189: =IF(F189=1,P189*Assumptions!$B$14,Assumptions!$B$31) | U189: =IF(G189=1,P189*Assumptions!$B$13,Assumptions!$B$30) | V189: =IF(H189=1,P189*Assumptions!$B$12,Assumptions!$B$29) | W189: =IF(I189=1,P189*Assumptions!$B$11,Assumptions!$B$28) | X189: =P189*(Assumptions!$B$133+Assumptions!$B$137) | Y189: =P189*Assumptions!$B$9 | Z189: =IF(M189=1,(P189-Assumptions!$B$37)*Assumptions!$B$153,0) | AA189: =Q189+R189+S189+T189+U189+V189+W189+X189+Y189+Z189 | AB189: 10 | AC189: 74 | AD189: 42 | AE189: 26 | AF189: 2 | AG189: 14 | AH189: 8 | AI189: 11 | AJ189: =INDEX($Q$179:$Q$306,AC189+1) | AK189: =INDEX($R$179:$R$306,AD189+1) | AL189: =INDEX($S$179:$S$306,AE189+1) | AM189: =INDEX($T$179:$T$306,AF189+1) | AN189: =INDEX($U$179:$U$306,AG189+1) | AO189: =INDEX($V$179:$V$306,AH189+1) | AP189: =INDEX($W$179:$W$306,AI189+1) | AQ189: =IF(Q189>=AJ189-0.01,1,0) | AR189: =IF(R189>=AK189-0.01,1,0) | AS189: =IF(S189>=AL189-0.01,1,0) | AT189: =IF(T189>=AM189-0.01,1,0) | AU189: =IF(U189>=AN189-0.01,1,0) | AV189: =IF(V189>=AO189-0.01,1,0) | AW189: =IF(W189>=AP189-0.01,1,0) | AX189: =AQ189*AR189*AS189*AT189*AU189*AV189*AW189 | AY189: =Assumptions!$B$41 | AZ189: =Assumptions!$B$33 | BA189: =Assumptions!$B$32 | BB189: =Assumptions!$B$31 | BC189: =Assumptions!$B$30 | BD189: =Assumptions!$B$29 | BE189: =Assumptions!$B$28 | BF189: =P189*Assumptions!$B$141 | BG189: =P189*Assumptions!$B$128 | BH189: =P189*Assumptions!$B$129 | BI189: =P189*Assumptions!$B$14 | BJ189: =P189*Assumptions!$B$13 | BK189: =P189*Assumptions!$B$12 | BL189: =P189*Assumptions!$B$11
A190: 1200M | B190: =Assumptions!$B$59 | C190: 0 | D190: 0 | E190: 0 | F190: 1 | G190: 0 | H190: 1 | I190: 1 | J190: =(1-C190)*Assumptions!$B$41+(1-D190)*Assumptions!$B$33+(1-E190)*Assumptions!$B$32+(1-F190)*Assumptions!$B$31+(1-G190)*Assumptions!$B$30+(1-H190)*Assumptions!$B$29+(1-I190)*Assumptions!$B$28 | K190: =C190*Assumptions!$B$141+D190*Assumptions!$B$128+E190*Assumptions!$B$129+F190*Assumptions!$B$14+G190*Assumptions!$B$13+H190*Assumptions!$B$12+I190*Assumptions!$B$11+Assumptions!$B$133+Assumptions!$B$137+Assumptions!$B$9 | L190: =B190-J190 | M190: =IF(K190>0,IF(L190/K190>=Assumptions!$B$37,1,0),0) | N190: =K190+M190*Assumptions!$B$153 | O190: =L190+M190*Assumptions!$B$153*Assumptions!$B$37 | P190: =IF(N190>0,O190/N190,0) | Q190: =IF(C190=1,P190*Assumptions!$B$141,Assumptions!$B$41) | R190: =IF(D190=1,P190*Assumptions!$B$128,Assumptions!$B$33) | S190: =IF(E190=1,P190*Assumptions!$B$129,Assumptions!$B$32) | T190: =IF(F190=1,P190*Assumptions!$B$14,Assumptions!$B$31) | U190: =IF(G190=1,P190*Assumptions!$B$13,Assumptions!$B$30) | V190: =IF(H190=1,P190*Assumptions!$B$12,Assumptions!$B$29) | W190: =IF(I190=1,P190*Assumptions!$B$11,Assumptions!$B$28) | X190: =P190*(Assumptions!$B$133+Assumptions!$B$137) | Y190: =P190*Assumptions!$B$9 | Z190: =IF(M190=1,(P190-Assumptions!$B$37)*Assumptions!$B$153,0) | AA190: =Q190+R190+S190+T190+U190+V190+W190+X190+Y190+Z190 | AB190: 11 | AC190: 75 | AD190: 43 | AE190: 27 | AF190: 3 | AG190: 15 | AH190: 9 | AI190: 10 | AJ190: =INDEX($Q$179:$Q$306,AC190+1) | AK190: =INDEX($R$179:$R$306,AD190+1) | AL190: =INDEX($S$179:$S$306,AE190+1) | AM190: =INDEX($T$179:$T$306,AF190+1) | AN190: =INDEX($U$179:$U$306,AG190+1) | AO190: =INDEX($V$179:$V$306,AH190+1) | AP190: =INDEX($W$179:$W$306,AI190+1) | AQ190: =IF(Q190>=AJ190-0.01,1,0) | AR190: =IF(R190>=AK190-0.01,1,0) | AS190: =IF(S190>=AL190-0.01,1,0) | AT190: =IF(T190>=AM190-0.01,1,0) | AU190: =IF(U190>=AN190-0.01,1,0) | AV190: =IF(V190>=AO190-0.01,1,0) | AW190: =IF(W190>=AP190-0.01,1,0) | AX190: =AQ190*AR190*AS190*AT190*AU190*AV190*AW190 | AY190: =Assumptions!$B$41 | AZ190: =Assumptions!$B$33 | BA190: =Assumptions!$B$32 | BB190: =Assumptions!$B$31 | BC190: =Assumptions!$B$30 | BD190: =Assumptions!$B$29 | BE190: =Assumptions!$B$28 | BF190: =P190*Assumptions!$B$141 | BG190: =P190*Assumptions!$B$128 | BH190: =P190*Assumptions!$B$129 | BI190: =P190*Assumptions!$B$14 | BJ190: =P190*Assumptions!$B$13 | BK190: =P190*Assumptions!$B$12 | BL190: =P190*Assumptions!$B$11
... A306: 1200M | B306: =Assumptions!$B$59 | C306: 1 | D306: 1 | E306: 1 | F306: 1 | G306: 1 | H306: 1 | I306: 1 | J306: =(1-C306)*Assumptions!$B$41+(1-D306)*Assumptions!$B$33+(1-E306)*Assumptions!$B$32+(1-F306)*Assumptions!$B$31+(1-G306)*Assumptions!$B$30+(1-H306)*Assumptions!$B$29+(1-I306)*Assumptions!$B$28 | K306: =C306*Assumptions!$B$141+D306*Assumptions!$B$128+E306*Assumptions!$B$129+F306*Assumptions!$B$14+G306*Assumptions!$B$13+H306*Assumptions!$B$12+I306*Assumptions!$B$11+Assumptions!$B$133+Assumptions!$B$137+Assumptions!$B$9 | L306: =B306-J306 | M306: =IF(K306>0,IF(L306/K306>=Assumptions!$B$37,1,0),0) | N306: =K306+M306*Assumptions!$B$153 | O306: =L306+M306*Assumptions!$B$153*Assumptions!$B$37 | P306: =IF(N306>0,O306/N306,0) | Q306: =IF(C306=1,P306*Assumptions!$B$141,Assumptions!$B$41) | R306: =IF(D306=1,P306*Assumptions!$B$128,Assumptions!$B$33) | S306: =IF(E306=1,P306*Assumptions!$B$129,Assumptions!$B$32) | T306: =IF(F306=1,P306*Assumptions!$B$14,Assumptions!$B$31) | U306: =IF(G306=1,P306*Assumptions!$B$13,Assumptions!$B$30) | V306: =IF(H306=1,P306*Assumptions!$B$12,Assumptions!$B$29) | W306: =IF(I306=1,P306*Assumptions!$B$11,Assumptions!$B$28) | X306: =P306*(Assumptions!$B$133+Assumptions!$B$137) | Y306: =P306*Assumptions!$B$9 | Z306: =IF(M306=1,(P306-Assumptions!$B$37)*Assumptions!$B$153,0) | AA306: =Q306+R306+S306+T306+U306+V306+W306+X306+Y306+Z306 | AB306: 127 | AC306: 63 | AD306: 95 | AE306: 111 | AF306: 119 | AG306: 123 | AH306: 125 | AI306: 126 | AJ306: =INDEX($Q$179:$Q$306,AC306+1) | AK306: =INDEX($R$179:$R$306,AD306+1) | AL306: =INDEX($S$179:$S$306,AE306+1) | AM306: =INDEX($T$179:$T$306,AF306+1) | AN306: =INDEX($U$179:$U$306,AG306+1) | AO306: =INDEX($V$179:$V$306,AH306+1) | AP306: =INDEX($W$179:$W$306,AI306+1) | AQ306: =IF(Q306>=AJ306-0.01,1,0) | AR306: =IF(R306>=AK306-0.01,1,0) | AS306: =IF(S306>=AL306-0.01,1,0) | AT306: =IF(T306>=AM306-0.01,1,0) | AU306: =IF(U306>=AN306-0.01,1,0) | AV306: =IF(V306>=AO306-0.01,1,0) | AW306: =IF(W306>=AP306-0.01,1,0) | AX306: =AQ306*AR306*AS306*AT306*AU306*AV306*AW306 | AY306: =Assumptions!$B$41 | AZ306: =Assumptions!$B$33 | BA306: =Assumptions!$B$32 | BB306: =Assumptions!$B$31 | BC306: =Assumptions!$B$30 | BD306: =Assumptions!$B$29 | BE306: =Assumptions!$B$28 | BF306: =P306*Assumptions!$B$141 | BG306: =P306*Assumptions!$B$128 | BH306: =P306*Assumptions!$B$129 | BI306: =P306*Assumptions!$B$14 | BJ306: =P306*Assumptions!$B$13 | BK306: =P306*Assumptions!$B$12 | BL306: =P306*Assumptions!$B$11
A307: 2000M | B307: =Assumptions!$B$60 | C307: 0 | D307: 0 | E307: 0 | F307: 0 | G307: 0 | H307: 0 | I307: 0 | J307: =(1-C307)*Assumptions!$B$41+(1-D307)*Assumptions!$B$33+(1-E307)*Assumptions!$B$32+(1-F307)*Assumptions!$B$31+(1-G307)*Assumptions!$B$30+(1-H307)*Assumptions!$B$29+(1-I307)*Assumptions!$B$28 | K307: =C307*Assumptions!$B$141+D307*Assumptions!$B$128+E307*Assumptions!$B$129+F307*Assumptions!$B$14+G307*Assumptions!$B$13+H307*Assumptions!$B$12+I307*Assumptions!$B$11+Assumptions!$B$133+Assumptions!$B$137+Assumptions!$B$9 | L307: =B307-J307 | M307: =IF(K307>0,IF(L307/K307>=Assumptions!$B$37,1,0),0) | N307: =K307+M307*Assumptions!$B$153 | O307: =L307+M307*Assumptions!$B$153*Assumptions!$B$37 | P307: =IF(N307>0,O307/N307,0) | Q307: =IF(C307=1,P307*Assumptions!$B$141,Assumptions!$B$41) | R307: =IF(D307=1,P307*Assumptions!$B$128,Assumptions!$B$33) | S307: =IF(E307=1,P307*Assumptions!$B$129,Assumptions!$B$32) | T307: =IF(F307=1,P307*Assumptions!$B$14,Assumptions!$B$31) | U307: =IF(G307=1,P307*Assumptions!$B$13,Assumptions!$B$30) | V307: =IF(H307=1,P307*Assumptions!$B$12,Assumptions!$B$29) | W307: =IF(I307=1,P307*Assumptions!$B$11,Assumptions!$B$28) | X307: =P307*(Assumptions!$B$133+Assumptions!$B$137) | Y307: =P307*Assumptions!$B$9 | Z307: =IF(M307=1,(P307-Assumptions!$B$37)*Assumptions!$B$153,0) | AA307: =Q307+R307+S307+T307+U307+V307+W307+X307+Y307+Z307 | AB307: 0 | AC307: 64 | AD307: 32 | AE307: 16 | AF307: 8 | AG307: 4 | AH307: 2 | AI307: 1 | AJ307: =INDEX($Q$307:$Q$434,AC307+1) | AK307: =INDEX($R$307:$R$434,AD307+1) | AL307: =INDEX($S$307:$S$434,AE307+1) | AM307: =INDEX($T$307:$T$434,AF307+1) | AN307: =INDEX($U$307:$U$434,AG307+1) | AO307: =INDEX($V$307:$V$434,AH307+1) | AP307: =INDEX($W$307:$W$434,AI307+1) | AQ307: =IF(Q307>=AJ307-0.01,1,0) | AR307: =IF(R307>=AK307-0.01,1,0) | AS307: =IF(S307>=AL307-0.01,1,0) | AT307: =IF(T307>=AM307-0.01,1,0) | AU307: =IF(U307>=AN307-0.01,1,0) | AV307: =IF(V307>=AO307-0.01,1,0) | AW307: =IF(W307>=AP307-0.01,1,0) | AX307: =AQ307*AR307*AS307*AT307*AU307*AV307*AW307 | AY307: =Assumptions!$B$41 | AZ307: =Assumptions!$B$33 | BA307: =Assumptions!$B$32 | BB307: =Assumptions!$B$31 | BC307: =Assumptions!$B$30 | BD307: =Assumptions!$B$29 | BE307: =Assumptions!$B$28 | BF307: =P307*Assumptions!$B$141 | BG307: =P307*Assumptions!$B$128 | BH307: =P307*Assumptions!$B$129 | BI307: =P307*Assumptions!$B$14 | BJ307: =P307*Assumptions!$B$13 | BK307: =P307*Assumptions!$B$12 | BL307: =P307*Assumptions!$B$11
A308: 2000M | B308: =Assumptions!$B$60 | C308: 0 | D308: 0 | E308: 0 | F308: 0 | G308: 0 | H308: 0 | I308: 1 | J308: =(1-C308)*Assumptions!$B$41+(1-D308)*Assumptions!$B$33+(1-E308)*Assumptions!$B$32+(1-F308)*Assumptions!$B$31+(1-G308)*Assumptions!$B$30+(1-H308)*Assumptions!$B$29+(1-I308)*Assumptions!$B$28 | K308: =C308*Assumptions!$B$141+D308*Assumptions!$B$128+E308*Assumptions!$B$129+F308*Assumptions!$B$14+G308*Assumptions!$B$13+H308*Assumptions!$B$12+I308*Assumptions!$B$11+Assumptions!$B$133+Assumptions!$B$137+Assumptions!$B$9 | L308: =B308-J308 | M308: =IF(K308>0,IF(L308/K308>=Assumptions!$B$37,1,0),0) | N308: =K308+M308*Assumptions!$B$153 | O308: =L308+M308*Assumptions!$B$153*Assumptions!$B$37 | P308: =IF(N308>0,O308/N308,0) | Q308: =IF(C308=1,P308*Assumptions!$B$141,Assumptions!$B$41) | R308: =IF(D308=1,P308*Assumptions!$B$128,Assumptions!$B$33) | S308: =IF(E308=1,P308*Assumptions!$B$129,Assumptions!$B$32) | T308: =IF(F308=1,P308*Assumptions!$B$14,Assumptions!$B$31) | U308: =IF(G308=1,P308*Assumptions!$B$13,Assumptions!$B$30) | V308: =IF(H308=1,P308*Assumptions!$B$12,Assumptions!$B$29) | W308: =IF(I308=1,P308*Assumptions!$B$11,Assumptions!$B$28) | X308: =P308*(Assumptions!$B$133+Assumptions!$B$137) | Y308: =P308*Assumptions!$B$9 | Z308: =IF(M308=1,(P308-Assumptions!$B$37)*Assumptions!$B$153,0) | AA308: =Q308+R308+S308+T308+U308+V308+W308+X308+Y308+Z308 | AB308: 1 | AC308: 65 | AD308: 33 | AE308: 17 | AF308: 9 | AG308: 5 | AH308: 3 | AI308: 0 | AJ308: =INDEX($Q$307:$Q$434,AC308+1) | AK308: =INDEX($R$307:$R$434,AD308+1) | AL308: =INDEX($S$307:$S$434,AE308+1) | AM308: =INDEX($T$307:$T$434,AF308+1) | AN308: =INDEX($U$307:$U$434,AG308+1) | AO308: =INDEX($V$307:$V$434,AH308+1) | AP308: =INDEX($W$307:$W$434,AI308+1) | AQ308: =IF(Q308>=AJ308-0.01,1,0) | AR308: =IF(R308>=AK308-0.01,1,0) | AS308: =IF(S308>=AL308-0.01,1,0) | AT308: =IF(T308>=AM308-0.01,1,0) | AU308: =IF(U308>=AN308-0.01,1,0) | AV308: =IF(V308>=AO308-0.01,1,0) | AW308: =IF(W308>=AP308-0.01,1,0) | AX308: =AQ308*AR308*AS308*AT308*AU308*AV308*AW308 | AY308: =Assumptions!$B$41 | AZ308: =Assumptions!$B$33 | BA308: =Assumptions!$B$32 | BB308: =Assumptions!$B$31 | BC308: =Assumptions!$B$30 | BD308: =Assumptions!$B$29 | BE308: =Assumptions!$B$28 | BF308: =P308*Assumptions!$B$141 | BG308: =P308*Assumptions!$B$128 | BH308: =P308*Assumptions!$B$129 | BI308: =P308*Assumptions!$B$14 | BJ308: =P308*Assumptions!$B$13 | BK308: =P308*Assumptions!$B$12 | BL308: =P308*Assumptions!$B$11
A309: 2000M | B309: =Assumptions!$B$60 | C309: 0 | D309: 0 | E309: 0 | F309: 0 | G309: 0 | H309: 1 | I309: 0 | J309: =(1-C309)*Assumptions!$B$41+(1-D309)*Assumptions!$B$33+(1-E309)*Assumptions!$B$32+(1-F309)*Assumptions!$B$31+(1-G309)*Assumptions!$B$30+(1-H309)*Assumptions!$B$29+(1-I309)*Assumptions!$B$28 | K309: =C309*Assumptions!$B$141+D309*Assumptions!$B$128+E309*Assumptions!$B$129+F309*Assumptions!$B$14+G309*Assumptions!$B$13+H309*Assumptions!$B$12+I309*Assumptions!$B$11+Assumptions!$B$133+Assumptions!$B$137+Assumptions!$B$9 | L309: =B309-J309 | M309: =IF(K309>0,IF(L309/K309>=Assumptions!$B$37,1,0),0) | N309: =K309+M309*Assumptions!$B$153 | O309: =L309+M309*Assumptions!$B$153*Assumptions!$B$37 | P309: =IF(N309>0,O309/N309,0) | Q309: =IF(C309=1,P309*Assumptions!$B$141,Assumptions!$B$41) | R309: =IF(D309=1,P309*Assumptions!$B$128,Assumptions!$B$33) | S309: =IF(E309=1,P309*Assumptions!$B$129,Assumptions!$B$32) | T309: =IF(F309=1,P309*Assumptions!$B$14,Assumptions!$B$31) | U309: =IF(G309=1,P309*Assumptions!$B$13,Assumptions!$B$30) | V309: =IF(H309=1,P309*Assumptions!$B$12,Assumptions!$B$29) | W309: =IF(I309=1,P309*Assumptions!$B$11,Assumptions!$B$28) | X309: =P309*(Assumptions!$B$133+Assumptions!$B$137) | Y309: =P309*Assumptions!$B$9 | Z309: =IF(M309=1,(P309-Assumptions!$B$37)*Assumptions!$B$153,0) | AA309: =Q309+R309+S309+T309+U309+V309+W309+X309+Y309+Z309 | AB309: 2 | AC309: 66 | AD309: 34 | AE309: 18 | AF309: 10 | AG309: 6 | AH309: 0 | AI309: 3 | AJ309: =INDEX($Q$307:$Q$434,AC309+1) | AK309: =INDEX($R$307:$R$434,AD309+1) | AL309: =INDEX($S$307:$S$434,AE309+1) | AM309: =INDEX($T$307:$T$434,AF309+1) | AN309: =INDEX($U$307:$U$434,AG309+1) | AO309: =INDEX($V$307:$V$434,AH309+1) | AP309: =INDEX($W$307:$W$434,AI309+1) | AQ309: =IF(Q309>=AJ309-0.01,1,0) | AR309: =IF(R309>=AK309-0.01,1,0) | AS309: =IF(S309>=AL309-0.01,1,0) | AT309: =IF(T309>=AM309-0.01,1,0) | AU309: =IF(U309>=AN309-0.01,1,0) | AV309: =IF(V309>=AO309-0.01,1,0) | AW309: =IF(W309>=AP309-0.01,1,0) | AX309: =AQ309*AR309*AS309*AT309*AU309*AV309*AW309 | AY309: =Assumptions!$B$41 | AZ309: =Assumptions!$B$33 | BA309: =Assumptions!$B$32 | BB309: =Assumptions!$B$31 | BC309: =Assumptions!$B$30 | BD309: =Assumptions!$B$29 | BE309: =Assumptions!$B$28 | BF309: =P309*Assumptions!$B$141 | BG309: =P309*Assumptions!$B$128 | BH309: =P309*Assumptions!$B$129 | BI309: =P309*Assumptions!$B$14 | BJ309: =P309*Assumptions!$B$13 | BK309: =P309*Assumptions!$B$12 | BL309: =P309*Assumptions!$B$11
A310: 2000M | B310: =Assumptions!$B$60 | C310: 0 | D310: 0 | E310: 0 | F310: 0 | G310: 0 | H310: 1 | I310: 1 | J310: =(1-C310)*Assumptions!$B$41+(1-D310)*Assumptions!$B$33+(1-E310)*Assumptions!$B$32+(1-F310)*Assumptions!$B$31+(1-G310)*Assumptions!$B$30+(1-H310)*Assumptions!$B$29+(1-I310)*Assumptions!$B$28 | K310: =C310*Assumptions!$B$141+D310*Assumptions!$B$128+E310*Assumptions!$B$129+F310*Assumptions!$B$14+G310*Assumptions!$B$13+H310*Assumptions!$B$12+I310*Assumptions!$B$11+Assumptions!$B$133+Assumptions!$B$137+Assumptions!$B$9 | L310: =B310-J310 | M310: =IF(K310>0,IF(L310/K310>=Assumptions!$B$37,1,0),0) | N310: =K310+M310*Assumptions!$B$153 | O310: =L310+M310*Assumptions!$B$153*Assumptions!$B$37 | P310: =IF(N310>0,O310/N310,0) | Q310: =IF(C310=1,P310*Assumptions!$B$141,Assumptions!$B$41) | R310: =IF(D310=1,P310*Assumptions!$B$128,Assumptions!$B$33) | S310: =IF(E310=1,P310*Assumptions!$B$129,Assumptions!$B$32) | T310: =IF(F310=1,P310*Assumptions!$B$14,Assumptions!$B$31) | U310: =IF(G310=1,P310*Assumptions!$B$13,Assumptions!$B$30) | V310: =IF(H310=1,P310*Assumptions!$B$12,Assumptions!$B$29) | W310: =IF(I310=1,P310*Assumptions!$B$11,Assumptions!$B$28) | X310: =P310*(Assumptions!$B$133+Assumptions!$B$137) | Y310: =P310*Assumptions!$B$9 | Z310: =IF(M310=1,(P310-Assumptions!$B$37)*Assumptions!$B$153,0) | AA310: =Q310+R310+S310+T310+U310+V310+W310+X310+Y310+Z310 | AB310: 3 | AC310: 67 | AD310: 35 | AE310: 19 | AF310: 11 | AG310: 7 | AH310: 1 | AI310: 2 | AJ310: =INDEX($Q$307:$Q$434,AC310+1) | AK310: =INDEX($R$307:$R$434,AD310+1) | AL310: =INDEX($S$307:$S$434,AE310+1) | AM310: =INDEX($T$307:$T$434,AF310+1) | AN310: =INDEX($U$307:$U$434,AG310+1) | AO310: =INDEX($V$307:$V$434,AH310+1) | AP310: =INDEX($W$307:$W$434,AI310+1) | AQ310: =IF(Q310>=AJ310-0.01,1,0) | AR310: =IF(R310>=AK310-0.01,1,0) | AS310: =IF(S310>=AL310-0.01,1,0) | AT310: =IF(T310>=AM310-0.01,1,0) | AU310: =IF(U310>=AN310-0.01,1,0) | AV310: =IF(V310>=AO310-0.01,1,0) | AW310: =IF(W310>=AP310-0.01,1,0) | AX310: =AQ310*AR310*AS310*AT310*AU310*AV310*AW310 | AY310: =Assumptions!$B$41 | AZ310: =Assumptions!$B$33 | BA310: =Assumptions!$B$32 | BB310: =Assumptions!$B$31 | BC310: =Assumptions!$B$30 | BD310: =Assumptions!$B$29 | BE310: =Assumptions!$B$28 | BF310: =P310*Assumptions!$B$141 | BG310: =P310*Assumptions!$B$128 | BH310: =P310*Assumptions!$B$129 | BI310: =P310*Assumptions!$B$14 | BJ310: =P310*Assumptions!$B$13 | BK310: =P310*Assumptions!$B$12 | BL310: =P310*Assumptions!$B$11
A311: 2000M | B311: =Assumptions!$B$60 | C311: 0 | D311: 0 | E311: 0 | F311: 0 | G311: 1 | H311: 0 | I311: 0 | J311: =(1-C311)*Assumptions!$B$41+(1-D311)*Assumptions!$B$33+(1-E311)*Assumptions!$B$32+(1-F311)*Assumptions!$B$31+(1-G311)*Assumptions!$B$30+(1-H311)*Assumptions!$B$29+(1-I311)*Assumptions!$B$28 | K311: =C311*Assumptions!$B$141+D311*Assumptions!$B$128+E311*Assumptions!$B$129+F311*Assumptions!$B$14+G311*Assumptions!$B$13+H311*Assumptions!$B$12+I311*Assumptions!$B$11+Assumptions!$B$133+Assumptions!$B$137+Assumptions!$B$9 | L311: =B311-J311 | M311: =IF(K311>0,IF(L311/K311>=Assumptions!$B$37,1,0),0) | N311: =K311+M311*Assumptions!$B$153 | O311: =L311+M311*Assumptions!$B$153*Assumptions!$B$37 | P311: =IF(N311>0,O311/N311,0) | Q311: =IF(C311=1,P311*Assumptions!$B$141,Assumptions!$B$41) | R311: =IF(D311=1,P311*Assumptions!$B$128,Assumptions!$B$33) | S311: =IF(E311=1,P311*Assumptions!$B$129,Assumptions!$B$32) | T311: =IF(F311=1,P311*Assumptions!$B$14,Assumptions!$B$31) | U311: =IF(G311=1,P311*Assumptions!$B$13,Assumptions!$B$30) | V311: =IF(H311=1,P311*Assumptions!$B$12,Assumptions!$B$29) | W311: =IF(I311=1,P311*Assumptions!$B$11,Assumptions!$B$28) | X311: =P311*(Assumptions!$B$133+Assumptions!$B$137) | Y311: =P311*Assumptions!$B$9 | Z311: =IF(M311=1,(P311-Assumptions!$B$37)*Assumptions!$B$153,0) | AA311: =Q311+R311+S311+T311+U311+V311+W311+X311+Y311+Z311 | AB311: 4 | AC311: 68 | AD311: 36 | AE311: 20 | AF311: 12 | AG311: 0 | AH311: 6 | AI311: 5 | AJ311: =INDEX($Q$307:$Q$434,AC311+1) | AK311: =INDEX($R$307:$R$434,AD311+1) | AL311: =INDEX($S$307:$S$434,AE311+1) | AM311: =INDEX($T$307:$T$434,AF311+1) | AN311: =INDEX($U$307:$U$434,AG311+1) | AO311: =INDEX($V$307:$V$434,AH311+1) | AP311: =INDEX($W$307:$W$434,AI311+1) | AQ311: =IF(Q311>=AJ311-0.01,1,0) | AR311: =IF(R311>=AK311-0.01,1,0) | AS311: =IF(S311>=AL311-0.01,1,0) | AT311: =IF(T311>=AM311-0.01,1,0) | AU311: =IF(U311>=AN311-0.01,1,0) | AV311: =IF(V311>=AO311-0.01,1,0) | AW311: =IF(W311>=AP311-0.01,1,0) | AX311: =AQ311*AR311*AS311*AT311*AU311*AV311*AW311 | AY311: =Assumptions!$B$41 | AZ311: =Assumptions!$B$33 | BA311: =Assumptions!$B$32 | BB311: =Assumptions!$B$31 | BC311: =Assumptions!$B$30 | BD311: =Assumptions!$B$29 | BE311: =Assumptions!$B$28 | BF311: =P311*Assumptions!$B$141 | BG311: =P311*Assumptions!$B$128 | BH311: =P311*Assumptions!$B$129 | BI311: =P311*Assumptions!$B$14 | BJ311: =P311*Assumptions!$B$13 | BK311: =P311*Assumptions!$B$12 | BL311: =P311*Assumptions!$B$11
A312: 2000M | B312: =Assumptions!$B$60 | C312: 0 | D312: 0 | E312: 0 | F312: 0 | G312: 1 | H312: 0 | I312: 1 | J312: =(1-C312)*Assumptions!$B$41+(1-D312)*Assumptions!$B$33+(1-E312)*Assumptions!$B$32+(1-F312)*Assumptions!$B$31+(1-G312)*Assumptions!$B$30+(1-H312)*Assumptions!$B$29+(1-I312)*Assumptions!$B$28 | K312: =C312*Assumptions!$B$141+D312*Assumptions!$B$128+E312*Assumptions!$B$129+F312*Assumptions!$B$14+G312*Assumptions!$B$13+H312*Assumptions!$B$12+I312*Assumptions!$B$11+Assumptions!$B$133+Assumptions!$B$137+Assumptions!$B$9 | L312: =B312-J312 | M312: =IF(K312>0,IF(L312/K312>=Assumptions!$B$37,1,0),0) | N312: =K312+M312*Assumptions!$B$153 | O312: =L312+M312*Assumptions!$B$153*Assumptions!$B$37 | P312: =IF(N312>0,O312/N312,0) | Q312: =IF(C312=1,P312*Assumptions!$B$141,Assumptions!$B$41) | R312: =IF(D312=1,P312*Assumptions!$B$128,Assumptions!$B$33) | S312: =IF(E312=1,P312*Assumptions!$B$129,Assumptions!$B$32) | T312: =IF(F312=1,P312*Assumptions!$B$14,Assumptions!$B$31) | U312: =IF(G312=1,P312*Assumptions!$B$13,Assumptions!$B$30) | V312: =IF(H312=1,P312*Assumptions!$B$12,Assumptions!$B$29) | W312: =IF(I312=1,P312*Assumptions!$B$11,Assumptions!$B$28) | X312: =P312*(Assumptions!$B$133+Assumptions!$B$137) | Y312: =P312*Assumptions!$B$9 | Z312: =IF(M312=1,(P312-Assumptions!$B$37)*Assumptions!$B$153,0) | AA312: =Q312+R312+S312+T312+U312+V312+W312+X312+Y312+Z312 | AB312: 5 | AC312: 69 | AD312: 37 | AE312: 21 | AF312: 13 | AG312: 1 | AH312: 7 | AI312: 4 | AJ312: =INDEX($Q$307:$Q$434,AC312+1) | AK312: =INDEX($R$307:$R$434,AD312+1) | AL312: =INDEX($S$307:$S$434,AE312+1) | AM312: =INDEX($T$307:$T$434,AF312+1) | AN312: =INDEX($U$307:$U$434,AG312+1) | AO312: =INDEX($V$307:$V$434,AH312+1) | AP312: =INDEX($W$307:$W$434,AI312+1) | AQ312: =IF(Q312>=AJ312-0.01,1,0) | AR312: =IF(R312>=AK312-0.01,1,0) | AS312: =IF(S312>=AL312-0.01,1,0) | AT312: =IF(T312>=AM312-0.01,1,0) | AU312: =IF(U312>=AN312-0.01,1,0) | AV312: =IF(V312>=AO312-0.01,1,0) | AW312: =IF(W312>=AP312-0.01,1,0) | AX312: =AQ312*AR312*AS312*AT312*AU312*AV312*AW312 | AY312: =Assumptions!$B$41 | AZ312: =Assumptions!$B$33 | BA312: =Assumptions!$B$32 | BB312: =Assumptions!$B$31 | BC312: =Assumptions!$B$30 | BD312: =Assumptions!$B$29 | BE312: =Assumptions!$B$28 | BF312: =P312*Assumptions!$B$141 | BG312: =P312*Assumptions!$B$128 | BH312: =P312*Assumptions!$B$129 | BI312: =P312*Assumptions!$B$14 | BJ312: =P312*Assumptions!$B$13 | BK312: =P312*Assumptions!$B$12 | BL312: =P312*Assumptions!$B$11
A313: 2000M | B313: =Assumptions!$B$60 | C313: 0 | D313: 0 | E313: 0 | F313: 0 | G313: 1 | H313: 1 | I313: 0 | J313: =(1-C313)*Assumptions!$B$41+(1-D313)*Assumptions!$B$33+(1-E313)*Assumptions!$B$32+(1-F313)*Assumptions!$B$31+(1-G313)*Assumptions!$B$30+(1-H313)*Assumptions!$B$29+(1-I313)*Assumptions!$B$28 | K313: =C313*Assumptions!$B$141+D313*Assumptions!$B$128+E313*Assumptions!$B$129+F313*Assumptions!$B$14+G313*Assumptions!$B$13+H313*Assumptions!$B$12+I313*Assumptions!$B$11+Assumptions!$B$133+Assumptions!$B$137+Assumptions!$B$9 | L313: =B313-J313 | M313: =IF(K313>0,IF(L313/K313>=Assumptions!$B$37,1,0),0) | N313: =K313+M313*Assumptions!$B$153 | O313: =L313+M313*Assumptions!$B$153*Assumptions!$B$37 | P313: =IF(N313>0,O313/N313,0) | Q313: =IF(C313=1,P313*Assumptions!$B$141,Assumptions!$B$41) | R313: =IF(D313=1,P313*Assumptions!$B$128,Assumptions!$B$33) | S313: =IF(E313=1,P313*Assumptions!$B$129,Assumptions!$B$32) | T313: =IF(F313=1,P313*Assumptions!$B$14,Assumptions!$B$31) | U313: =IF(G313=1,P313*Assumptions!$B$13,Assumptions!$B$30) | V313: =IF(H313=1,P313*Assumptions!$B$12,Assumptions!$B$29) | W313: =IF(I313=1,P313*Assumptions!$B$11,Assumptions!$B$28) | X313: =P313*(Assumptions!$B$133+Assumptions!$B$137) | Y313: =P313*Assumptions!$B$9 | Z313: =IF(M313=1,(P313-Assumptions!$B$37)*Assumptions!$B$153,0) | AA313: =Q313+R313+S313+T313+U313+V313+W313+X313+Y313+Z313 | AB313: 6 | AC313: 70 | AD313: 38 | AE313: 22 | AF313: 14 | AG313: 2 | AH313: 4 | AI313: 7 | AJ313: =INDEX($Q$307:$Q$434,AC313+1) | AK313: =INDEX($R$307:$R$434,AD313+1) | AL313: =INDEX($S$307:$S$434,AE313+1) | AM313: =INDEX($T$307:$T$434,AF313+1) | AN313: =INDEX($U$307:$U$434,AG313+1) | AO313: =INDEX($V$307:$V$434,AH313+1) | AP313: =INDEX($W$307:$W$434,AI313+1) | AQ313: =IF(Q313>=AJ313-0.01,1,0) | AR313: =IF(R313>=AK313-0.01,1,0) | AS313: =IF(S313>=AL313-0.01,1,0) | AT313: =IF(T313>=AM313-0.01,1,0) | AU313: =IF(U313>=AN313-0.01,1,0) | AV313: =IF(V313>=AO313-0.01,1,0) | AW313: =IF(W313>=AP313-0.01,1,0) | AX313: =AQ313*AR313*AS313*AT313*AU313*AV313*AW313 | AY313: =Assumptions!$B$41 | AZ313: =Assumptions!$B$33 | BA313: =Assumptions!$B$32 | BB313: =Assumptions!$B$31 | BC313: =Assumptions!$B$30 | BD313: =Assumptions!$B$29 | BE313: =Assumptions!$B$28 | BF313: =P313*Assumptions!$B$141 | BG313: =P313*Assumptions!$B$128 | BH313: =P313*Assumptions!$B$129 | BI313: =P313*Assumptions!$B$14 | BJ313: =P313*Assumptions!$B$13 | BK313: =P313*Assumptions!$B$12 | BL313: =P313*Assumptions!$B$11
A314: 2000M | B314: =Assumptions!$B$60 | C314: 0 | D314: 0 | E314: 0 | F314: 0 | G314: 1 | H314: 1 | I314: 1 | J314: =(1-C314)*Assumptions!$B$41+(1-D314)*Assumptions!$B$33+(1-E314)*Assumptions!$B$32+(1-F314)*Assumptions!$B$31+(1-G314)*Assumptions!$B$30+(1-H314)*Assumptions!$B$29+(1-I314)*Assumptions!$B$28 | K314: =C314*Assumptions!$B$141+D314*Assumptions!$B$128+E314*Assumptions!$B$129+F314*Assumptions!$B$14+G314*Assumptions!$B$13+H314*Assumptions!$B$12+I314*Assumptions!$B$11+Assumptions!$B$133+Assumptions!$B$137+Assumptions!$B$9 | L314: =B314-J314 | M314: =IF(K314>0,IF(L314/K314>=Assumptions!$B$37,1,0),0) | N314: =K314+M314*Assumptions!$B$153 | O314: =L314+M314*Assumptions!$B$153*Assumptions!$B$37 | P314: =IF(N314>0,O314/N314,0) | Q314: =IF(C314=1,P314*Assumptions!$B$141,Assumptions!$B$41) | R314: =IF(D314=1,P314*Assumptions!$B$128,Assumptions!$B$33) | S314: =IF(E314=1,P314*Assumptions!$B$129,Assumptions!$B$32) | T314: =IF(F314=1,P314*Assumptions!$B$14,Assumptions!$B$31) | U314: =IF(G314=1,P314*Assumptions!$B$13,Assumptions!$B$30) | V314: =IF(H314=1,P314*Assumptions!$B$12,Assumptions!$B$29) | W314: =IF(I314=1,P314*Assumptions!$B$11,Assumptions!$B$28) | X314: =P314*(Assumptions!$B$133+Assumptions!$B$137) | Y314: =P314*Assumptions!$B$9 | Z314: =IF(M314=1,(P314-Assumptions!$B$37)*Assumptions!$B$153,0) | AA314: =Q314+R314+S314+T314+U314+V314+W314+X314+Y314+Z314 | AB314: 7 | AC314: 71 | AD314: 39 | AE314: 23 | AF314: 15 | AG314: 3 | AH314: 5 | AI314: 6 | AJ314: =INDEX($Q$307:$Q$434,AC314+1) | AK314: =INDEX($R$307:$R$434,AD314+1) | AL314: =INDEX($S$307:$S$434,AE314+1) | AM314: =INDEX($T$307:$T$434,AF314+1) | AN314: =INDEX($U$307:$U$434,AG314+1) | AO314: =INDEX($V$307:$V$434,AH314+1) | AP314: =INDEX($W$307:$W$434,AI314+1) | AQ314: =IF(Q314>=AJ314-0.01,1,0) | AR314: =IF(R314>=AK314-0.01,1,0) | AS314: =IF(S314>=AL314-0.01,1,0) | AT314: =IF(T314>=AM314-0.01,1,0) | AU314: =IF(U314>=AN314-0.01,1,0) | AV314: =IF(V314>=AO314-0.01,1,0) | AW314: =IF(W314>=AP314-0.01,1,0) | AX314: =AQ314*AR314*AS314*AT314*AU314*AV314*AW314 | AY314: =Assumptions!$B$41 | AZ314: =Assumptions!$B$33 | BA314: =Assumptions!$B$32 | BB314: =Assumptions!$B$31 | BC314: =Assumptions!$B$30 | BD314: =Assumptions!$B$29 | BE314: =Assumptions!$B$28 | BF314: =P314*Assumptions!$B$141 | BG314: =P314*Assumptions!$B$128 | BH314: =P314*Assumptions!$B$129 | BI314: =P314*Assumptions!$B$14 | BJ314: =P314*Assumptions!$B$13 | BK314: =P314*Assumptions!$B$12 | BL314: =P314*Assumptions!$B$11
A315: 2000M | B315: =Assumptions!$B$60 | C315: 0 | D315: 0 | E315: 0 | F315: 1 | G315: 0 | H315: 0 | I315: 0 | J315: =(1-C315)*Assumptions!$B$41+(1-D315)*Assumptions!$B$33+(1-E315)*Assumptions!$B$32+(1-F315)*Assumptions!$B$31+(1-G315)*Assumptions!$B$30+(1-H315)*Assumptions!$B$29+(1-I315)*Assumptions!$B$28 | K315: =C315*Assumptions!$B$141+D315*Assumptions!$B$128+E315*Assumptions!$B$129+F315*Assumptions!$B$14+G315*Assumptions!$B$13+H315*Assumptions!$B$12+I315*Assumptions!$B$11+Assumptions!$B$133+Assumptions!$B$137+Assumptions!$B$9 | L315: =B315-J315 | M315: =IF(K315>0,IF(L315/K315>=Assumptions!$B$37,1,0),0) | N315: =K315+M315*Assumptions!$B$153 | O315: =L315+M315*Assumptions!$B$153*Assumptions!$B$37 | P315: =IF(N315>0,O315/N315,0) | Q315: =IF(C315=1,P315*Assumptions!$B$141,Assumptions!$B$41) | R315: =IF(D315=1,P315*Assumptions!$B$128,Assumptions!$B$33) | S315: =IF(E315=1,P315*Assumptions!$B$129,Assumptions!$B$32) | T315: =IF(F315=1,P315*Assumptions!$B$14,Assumptions!$B$31) | U315: =IF(G315=1,P315*Assumptions!$B$13,Assumptions!$B$30) | V315: =IF(H315=1,P315*Assumptions!$B$12,Assumptions!$B$29) | W315: =IF(I315=1,P315*Assumptions!$B$11,Assumptions!$B$28) | X315: =P315*(Assumptions!$B$133+Assumptions!$B$137) | Y315: =P315*Assumptions!$B$9 | Z315: =IF(M315=1,(P315-Assumptions!$B$37)*Assumptions!$B$153,0) | AA315: =Q315+R315+S315+T315+U315+V315+W315+X315+Y315+Z315 | AB315: 8 | AC315: 72 | AD315: 40 | AE315: 24 | AF315: 0 | AG315: 12 | AH315: 10 | AI315: 9 | AJ315: =INDEX($Q$307:$Q$434,AC315+1) | AK315: =INDEX($R$307:$R$434,AD315+1) | AL315: =INDEX($S$307:$S$434,AE315+1) | AM315: =INDEX($T$307:$T$434,AF315+1) | AN315: =INDEX($U$307:$U$434,AG315+1) | AO315: =INDEX($V$307:$V$434,AH315+1) | AP315: =INDEX($W$307:$W$434,AI315+1) | AQ315: =IF(Q315>=AJ315-0.01,1,0) | AR315: =IF(R315>=AK315-0.01,1,0) | AS315: =IF(S315>=AL315-0.01,1,0) | AT315: =IF(T315>=AM315-0.01,1,0) | AU315: =IF(U315>=AN315-0.01,1,0) | AV315: =IF(V315>=AO315-0.01,1,0) | AW315: =IF(W315>=AP315-0.01,1,0) | AX315: =AQ315*AR315*AS315*AT315*AU315*AV315*AW315 | AY315: =Assumptions!$B$41 | AZ315: =Assumptions!$B$33 | BA315: =Assumptions!$B$32 | BB315: =Assumptions!$B$31 | BC315: =Assumptions!$B$30 | BD315: =Assumptions!$B$29 | BE315: =Assumptions!$B$28 | BF315: =P315*Assumptions!$B$141 | BG315: =P315*Assumptions!$B$128 | BH315: =P315*Assumptions!$B$129 | BI315: =P315*Assumptions!$B$14 | BJ315: =P315*Assumptions!$B$13 | BK315: =P315*Assumptions!$B$12 | BL315: =P315*Assumptions!$B$11
A316: 2000M | B316: =Assumptions!$B$60 | C316: 0 | D316: 0 | E316: 0 | F316: 1 | G316: 0 | H316: 0 | I316: 1 | J316: =(1-C316)*Assumptions!$B$41+(1-D316)*Assumptions!$B$33+(1-E316)*Assumptions!$B$32+(1-F316)*Assumptions!$B$31+(1-G316)*Assumptions!$B$30+(1-H316)*Assumptions!$B$29+(1-I316)*Assumptions!$B$28 | K316: =C316*Assumptions!$B$141+D316*Assumptions!$B$128+E316*Assumptions!$B$129+F316*Assumptions!$B$14+G316*Assumptions!$B$13+H316*Assumptions!$B$12+I316*Assumptions!$B$11+Assumptions!$B$133+Assumptions!$B$137+Assumptions!$B$9 | L316: =B316-J316 | M316: =IF(K316>0,IF(L316/K316>=Assumptions!$B$37,1,0),0) | N316: =K316+M316*Assumptions!$B$153 | O316: =L316+M316*Assumptions!$B$153*Assumptions!$B$37 | P316: =IF(N316>0,O316/N316,0) | Q316: =IF(C316=1,P316*Assumptions!$B$141,Assumptions!$B$41) | R316: =IF(D316=1,P316*Assumptions!$B$128,Assumptions!$B$33) | S316: =IF(E316=1,P316*Assumptions!$B$129,Assumptions!$B$32) | T316: =IF(F316=1,P316*Assumptions!$B$14,Assumptions!$B$31) | U316: =IF(G316=1,P316*Assumptions!$B$13,Assumptions!$B$30) | V316: =IF(H316=1,P316*Assumptions!$B$12,Assumptions!$B$29) | W316: =IF(I316=1,P316*Assumptions!$B$11,Assumptions!$B$28) | X316: =P316*(Assumptions!$B$133+Assumptions!$B$137) | Y316: =P316*Assumptions!$B$9 | Z316: =IF(M316=1,(P316-Assumptions!$B$37)*Assumptions!$B$153,0) | AA316: =Q316+R316+S316+T316+U316+V316+W316+X316+Y316+Z316 | AB316: 9 | AC316: 73 | AD316: 41 | AE316: 25 | AF316: 1 | AG316: 13 | AH316: 11 | AI316: 8 | AJ316: =INDEX($Q$307:$Q$434,AC316+1) | AK316: =INDEX($R$307:$R$434,AD316+1) | AL316: =INDEX($S$307:$S$434,AE316+1) | AM316: =INDEX($T$307:$T$434,AF316+1) | AN316: =INDEX($U$307:$U$434,AG316+1) | AO316: =INDEX($V$307:$V$434,AH316+1) | AP316: =INDEX($W$307:$W$434,AI316+1) | AQ316: =IF(Q316>=AJ316-0.01,1,0) | AR316: =IF(R316>=AK316-0.01,1,0) | AS316: =IF(S316>=AL316-0.01,1,0) | AT316: =IF(T316>=AM316-0.01,1,0) | AU316: =IF(U316>=AN316-0.01,1,0) | AV316: =IF(V316>=AO316-0.01,1,0) | AW316: =IF(W316>=AP316-0.01,1,0) | AX316: =AQ316*AR316*AS316*AT316*AU316*AV316*AW316 | AY316: =Assumptions!$B$41 | AZ316: =Assumptions!$B$33 | BA316: =Assumptions!$B$32 | BB316: =Assumptions!$B$31 | BC316: =Assumptions!$B$30 | BD316: =Assumptions!$B$29 | BE316: =Assumptions!$B$28 | BF316: =P316*Assumptions!$B$141 | BG316: =P316*Assumptions!$B$128 | BH316: =P316*Assumptions!$B$129 | BI316: =P316*Assumptions!$B$14 | BJ316: =P316*Assumptions!$B$13 | BK316: =P316*Assumptions!$B$12 | BL316: =P316*Assumptions!$B$11
A317: 2000M | B317: =Assumptions!$B$60 | C317: 0 | D317: 0 | E317: 0 | F317: 1 | G317: 0 | H317: 1 | I317: 0 | J317: =(1-C317)*Assumptions!$B$41+(1-D317)*Assumptions!$B$33+(1-E317)*Assumptions!$B$32+(1-F317)*Assumptions!$B$31+(1-G317)*Assumptions!$B$30+(1-H317)*Assumptions!$B$29+(1-I317)*Assumptions!$B$28 | K317: =C317*Assumptions!$B$141+D317*Assumptions!$B$128+E317*Assumptions!$B$129+F317*Assumptions!$B$14+G317*Assumptions!$B$13+H317*Assumptions!$B$12+I317*Assumptions!$B$11+Assumptions!$B$133+Assumptions!$B$137+Assumptions!$B$9 | L317: =B317-J317 | M317: =IF(K317>0,IF(L317/K317>=Assumptions!$B$37,1,0),0) | N317: =K317+M317*Assumptions!$B$153 | O317: =L317+M317*Assumptions!$B$153*Assumptions!$B$37 | P317: =IF(N317>0,O317/N317,0) | Q317: =IF(C317=1,P317*Assumptions!$B$141,Assumptions!$B$41) | R317: =IF(D317=1,P317*Assumptions!$B$128,Assumptions!$B$33) | S317: =IF(E317=1,P317*Assumptions!$B$129,Assumptions!$B$32) | T317: =IF(F317=1,P317*Assumptions!$B$14,Assumptions!$B$31) | U317: =IF(G317=1,P317*Assumptions!$B$13,Assumptions!$B$30) | V317: =IF(H317=1,P317*Assumptions!$B$12,Assumptions!$B$29) | W317: =IF(I317=1,P317*Assumptions!$B$11,Assumptions!$B$28) | X317: =P317*(Assumptions!$B$133+Assumptions!$B$137) | Y317: =P317*Assumptions!$B$9 | Z317: =IF(M317=1,(P317-Assumptions!$B$37)*Assumptions!$B$153,0) | AA317: =Q317+R317+S317+T317+U317+V317+W317+X317+Y317+Z317 | AB317: 10 | AC317: 74 | AD317: 42 | AE317: 26 | AF317: 2 | AG317: 14 | AH317: 8 | AI317: 11 | AJ317: =INDEX($Q$307:$Q$434,AC317+1) | AK317: =INDEX($R$307:$R$434,AD317+1) | AL317: =INDEX($S$307:$S$434,AE317+1) | AM317: =INDEX($T$307:$T$434,AF317+1) | AN317: =INDEX($U$307:$U$434,AG317+1) | AO317: =INDEX($V$307:$V$434,AH317+1) | AP317: =INDEX($W$307:$W$434,AI317+1) | AQ317: =IF(Q317>=AJ317-0.01,1,0) | AR317: =IF(R317>=AK317-0.01,1,0) | AS317: =IF(S317>=AL317-0.01,1,0) | AT317: =IF(T317>=AM317-0.01,1,0) | AU317: =IF(U317>=AN317-0.01,1,0) | AV317: =IF(V317>=AO317-0.01,1,0) | AW317: =IF(W317>=AP317-0.01,1,0) | AX317: =AQ317*AR317*AS317*AT317*AU317*AV317*AW317 | AY317: =Assumptions!$B$41 | AZ317: =Assumptions!$B$33 | BA317: =Assumptions!$B$32 | BB317: =Assumptions!$B$31 | BC317: =Assumptions!$B$30 | BD317: =Assumptions!$B$29 | BE317: =Assumptions!$B$28 | BF317: =P317*Assumptions!$B$141 | BG317: =P317*Assumptions!$B$128 | BH317: =P317*Assumptions!$B$129 | BI317: =P317*Assumptions!$B$14 | BJ317: =P317*Assumptions!$B$13 | BK317: =P317*Assumptions!$B$12 | BL317: =P317*Assumptions!$B$11
A318: 2000M | B318: =Assumptions!$B$60 | C318: 0 | D318: 0 | E318: 0 | F318: 1 | G318: 0 | H318: 1 | I318: 1 | J318: =(1-C318)*Assumptions!$B$41+(1-D318)*Assumptions!$B$33+(1-E318)*Assumptions!$B$32+(1-F318)*Assumptions!$B$31+(1-G318)*Assumptions!$B$30+(1-H318)*Assumptions!$B$29+(1-I318)*Assumptions!$B$28 | K318: =C318*Assumptions!$B$141+D318*Assumptions!$B$128+E318*Assumptions!$B$129+F318*Assumptions!$B$14+G318*Assumptions!$B$13+H318*Assumptions!$B$12+I318*Assumptions!$B$11+Assumptions!$B$133+Assumptions!$B$137+Assumptions!$B$9 | L318: =B318-J318 | M318: =IF(K318>0,IF(L318/K318>=Assumptions!$B$37,1,0),0) | N318: =K318+M318*Assumptions!$B$153 | O318: =L318+M318*Assumptions!$B$153*Assumptions!$B$37 | P318: =IF(N318>0,O318/N318,0) | Q318: =IF(C318=1,P318*Assumptions!$B$141,Assumptions!$B$41) | R318: =IF(D318=1,P318*Assumptions!$B$128,Assumptions!$B$33) | S318: =IF(E318=1,P318*Assumptions!$B$129,Assumptions!$B$32) | T318: =IF(F318=1,P318*Assumptions!$B$14,Assumptions!$B$31) | U318: =IF(G318=1,P318*Assumptions!$B$13,Assumptions!$B$30) | V318: =IF(H318=1,P318*Assumptions!$B$12,Assumptions!$B$29) | W318: =IF(I318=1,P318*Assumptions!$B$11,Assumptions!$B$28) | X318: =P318*(Assumptions!$B$133+Assumptions!$B$137) | Y318: =P318*Assumptions!$B$9 | Z318: =IF(M318=1,(P318-Assumptions!$B$37)*Assumptions!$B$153,0) | AA318: =Q318+R318+S318+T318+U318+V318+W318+X318+Y318+Z318 | AB318: 11 | AC318: 75 | AD318: 43 | AE318: 27 | AF318: 3 | AG318: 15 | AH318: 9 | AI318: 10 | AJ318: =INDEX($Q$307:$Q$434,AC318+1) | AK318: =INDEX($R$307:$R$434,AD318+1) | AL318: =INDEX($S$307:$S$434,AE318+1) | AM318: =INDEX($T$307:$T$434,AF318+1) | AN318: =INDEX($U$307:$U$434,AG318+1) | AO318: =INDEX($V$307:$V$434,AH318+1) | AP318: =INDEX($W$307:$W$434,AI318+1) | AQ318: =IF(Q318>=AJ318-0.01,1,0) | AR318: =IF(R318>=AK318-0.01,1,0) | AS318: =IF(S318>=AL318-0.01,1,0) | AT318: =IF(T318>=AM318-0.01,1,0) | AU318: =IF(U318>=AN318-0.01,1,0) | AV318: =IF(V318>=AO318-0.01,1,0) | AW318: =IF(W318>=AP318-0.01,1,0) | AX318: =AQ318*AR318*AS318*AT318*AU318*AV318*AW318 | AY318: =Assumptions!$B$41 | AZ318: =Assumptions!$B$33 | BA318: =Assumptions!$B$32 | BB318: =Assumptions!$B$31 | BC318: =Assumptions!$B$30 | BD318: =Assumptions!$B$29 | BE318: =Assumptions!$B$28 | BF318: =P318*Assumptions!$B$141 | BG318: =P318*Assumptions!$B$128 | BH318: =P318*Assumptions!$B$129 | BI318: =P318*Assumptions!$B$14 | BJ318: =P318*Assumptions!$B$13 | BK318: =P318*Assumptions!$B$12 | BL318: =P318*Assumptions!$B$11
... A434: 2000M | B434: =Assumptions!$B$60 | C434: 1 | D434: 1 | E434: 1 | F434: 1 | G434: 1 | H434: 1 | I434: 1 | J434: =(1-C434)*Assumptions!$B$41+(1-D434)*Assumptions!$B$33+(1-E434)*Assumptions!$B$32+(1-F434)*Assumptions!$B$31+(1-G434)*Assumptions!$B$30+(1-H434)*Assumptions!$B$29+(1-I434)*Assumptions!$B$28 | K434: =C434*Assumptions!$B$141+D434*Assumptions!$B$128+E434*Assumptions!$B$129+F434*Assumptions!$B$14+G434*Assumptions!$B$13+H434*Assumptions!$B$12+I434*Assumptions!$B$11+Assumptions!$B$133+Assumptions!$B$137+Assumptions!$B$9 | L434: =B434-J434 | M434: =IF(K434>0,IF(L434/K434>=Assumptions!$B$37,1,0),0) | N434: =K434+M434*Assumptions!$B$153 | O434: =L434+M434*Assumptions!$B$153*Assumptions!$B$37 | P434: =IF(N434>0,O434/N434,0) | Q434: =IF(C434=1,P434*Assumptions!$B$141,Assumptions!$B$41) | R434: =IF(D434=1,P434*Assumptions!$B$128,Assumptions!$B$33) | S434: =IF(E434=1,P434*Assumptions!$B$129,Assumptions!$B$32) | T434: =IF(F434=1,P434*Assumptions!$B$14,Assumptions!$B$31) | U434: =IF(G434=1,P434*Assumptions!$B$13,Assumptions!$B$30) | V434: =IF(H434=1,P434*Assumptions!$B$12,Assumptions!$B$29) | W434: =IF(I434=1,P434*Assumptions!$B$11,Assumptions!$B$28) | X434: =P434*(Assumptions!$B$133+Assumptions!$B$137) | Y434: =P434*Assumptions!$B$9 | Z434: =IF(M434=1,(P434-Assumptions!$B$37)*Assumptions!$B$153,0) | AA434: =Q434+R434+S434+T434+U434+V434+W434+X434+Y434+Z434 | AB434: 127 | AC434: 63 | AD434: 95 | AE434: 111 | AF434: 119 | AG434: 123 | AH434: 125 | AI434: 126 | AJ434: =INDEX($Q$307:$Q$434,AC434+1) | AK434: =INDEX($R$307:$R$434,AD434+1) | AL434: =INDEX($S$307:$S$434,AE434+1) | AM434: =INDEX($T$307:$T$434,AF434+1) | AN434: =INDEX($U$307:$U$434,AG434+1) | AO434: =INDEX($V$307:$V$434,AH434+1) | AP434: =INDEX($W$307:$W$434,AI434+1) | AQ434: =IF(Q434>=AJ434-0.01,1,0) | AR434: =IF(R434>=AK434-0.01,1,0) | AS434: =IF(S434>=AL434-0.01,1,0) | AT434: =IF(T434>=AM434-0.01,1,0) | AU434: =IF(U434>=AN434-0.01,1,0) | AV434: =IF(V434>=AO434-0.01,1,0) | AW434: =IF(W434>=AP434-0.01,1,0) | AX434: =AQ434*AR434*AS434*AT434*AU434*AV434*AW434 | AY434: =Assumptions!$B$41 | AZ434: =Assumptions!$B$33 | BA434: =Assumptions!$B$32 | BB434: =Assumptions!$B$31 | BC434: =Assumptions!$B$30 | BD434: =Assumptions!$B$29 | BE434: =Assumptions!$B$28 | BF434: =P434*Assumptions!$B$141 | BG434: =P434*Assumptions!$B$128 | BH434: =P434*Assumptions!$B$129 | BI434: =P434*Assumptions!$B$14 | BJ434: =P434*Assumptions!$B$13 | BK434: =P434*Assumptions!$B$12 | BL434: =P434*Assumptions!$B$11
A435: 4000M | B435: =Assumptions!$B$61 | C435: 0 | D435: 0 | E435: 0 | F435: 0 | G435: 0 | H435: 0 | I435: 0 | J435: =(1-C435)*Assumptions!$B$41+(1-D435)*Assumptions!$B$33+(1-E435)*Assumptions!$B$32+(1-F435)*Assumptions!$B$31+(1-G435)*Assumptions!$B$30+(1-H435)*Assumptions!$B$29+(1-I435)*Assumptions!$B$28 | K435: =C435*Assumptions!$B$141+D435*Assumptions!$B$128+E435*Assumptions!$B$129+F435*Assumptions!$B$14+G435*Assumptions!$B$13+H435*Assumptions!$B$12+I435*Assumptions!$B$11+Assumptions!$B$133+Assumptions!$B$137+Assumptions!$B$9 | L435: =B435-J435 | M435: =IF(K435>0,IF(L435/K435>=Assumptions!$B$37,1,0),0) | N435: =K435+M435*Assumptions!$B$153 | O435: =L435+M435*Assumptions!$B$153*Assumptions!$B$37 | P435: =IF(N435>0,O435/N435,0) | Q435: =IF(C435=1,P435*Assumptions!$B$141,Assumptions!$B$41) | R435: =IF(D435=1,P435*Assumptions!$B$128,Assumptions!$B$33) | S435: =IF(E435=1,P435*Assumptions!$B$129,Assumptions!$B$32) | T435: =IF(F435=1,P435*Assumptions!$B$14,Assumptions!$B$31) | U435: =IF(G435=1,P435*Assumptions!$B$13,Assumptions!$B$30) | V435: =IF(H435=1,P435*Assumptions!$B$12,Assumptions!$B$29) | W435: =IF(I435=1,P435*Assumptions!$B$11,Assumptions!$B$28) | X435: =P435*(Assumptions!$B$133+Assumptions!$B$137) | Y435: =P435*Assumptions!$B$9 | Z435: =IF(M435=1,(P435-Assumptions!$B$37)*Assumptions!$B$153,0) | AA435: =Q435+R435+S435+T435+U435+V435+W435+X435+Y435+Z435 | AB435: 0 | AC435: 64 | AD435: 32 | AE435: 16 | AF435: 8 | AG435: 4 | AH435: 2 | AI435: 1 | AJ435: =INDEX($Q$435:$Q$562,AC435+1) | AK435: =INDEX($R$435:$R$562,AD435+1) | AL435: =INDEX($S$435:$S$562,AE435+1) | AM435: =INDEX($T$435:$T$562,AF435+1) | AN435: =INDEX($U$435:$U$562,AG435+1) | AO435: =INDEX($V$435:$V$562,AH435+1) | AP435: =INDEX($W$435:$W$562,AI435+1) | AQ435: =IF(Q435>=AJ435-0.01,1,0) | AR435: =IF(R435>=AK435-0.01,1,0) | AS435: =IF(S435>=AL435-0.01,1,0) | AT435: =IF(T435>=AM435-0.01,1,0) | AU435: =IF(U435>=AN435-0.01,1,0) | AV435: =IF(V435>=AO435-0.01,1,0) | AW435: =IF(W435>=AP435-0.01,1,0) | AX435: =AQ435*AR435*AS435*AT435*AU435*AV435*AW435 | AY435: =Assumptions!$B$41 | AZ435: =Assumptions!$B$33 | BA435: =Assumptions!$B$32 | BB435: =Assumptions!$B$31 | BC435: =Assumptions!$B$30 | BD435: =Assumptions!$B$29 | BE435: =Assumptions!$B$28 | BF435: =P435*Assumptions!$B$141 | BG435: =P435*Assumptions!$B$128 | BH435: =P435*Assumptions!$B$129 | BI435: =P435*Assumptions!$B$14 | BJ435: =P435*Assumptions!$B$13 | BK435: =P435*Assumptions!$B$12 | BL435: =P435*Assumptions!$B$11
A436: 4000M | B436: =Assumptions!$B$61 | C436: 0 | D436: 0 | E436: 0 | F436: 0 | G436: 0 | H436: 0 | I436: 1 | J436: =(1-C436)*Assumptions!$B$41+(1-D436)*Assumptions!$B$33+(1-E436)*Assumptions!$B$32+(1-F436)*Assumptions!$B$31+(1-G436)*Assumptions!$B$30+(1-H436)*Assumptions!$B$29+(1-I436)*Assumptions!$B$28 | K436: =C436*Assumptions!$B$141+D436*Assumptions!$B$128+E436*Assumptions!$B$129+F436*Assumptions!$B$14+G436*Assumptions!$B$13+H436*Assumptions!$B$12+I436*Assumptions!$B$11+Assumptions!$B$133+Assumptions!$B$137+Assumptions!$B$9 | L436: =B436-J436 | M436: =IF(K436>0,IF(L436/K436>=Assumptions!$B$37,1,0),0) | N436: =K436+M436*Assumptions!$B$153 | O436: =L436+M436*Assumptions!$B$153*Assumptions!$B$37 | P436: =IF(N436>0,O436/N436,0) | Q436: =IF(C436=1,P436*Assumptions!$B$141,Assumptions!$B$41) | R436: =IF(D436=1,P436*Assumptions!$B$128,Assumptions!$B$33) | S436: =IF(E436=1,P436*Assumptions!$B$129,Assumptions!$B$32) | T436: =IF(F436=1,P436*Assumptions!$B$14,Assumptions!$B$31) | U436: =IF(G436=1,P436*Assumptions!$B$13,Assumptions!$B$30) | V436: =IF(H436=1,P436*Assumptions!$B$12,Assumptions!$B$29) | W436: =IF(I436=1,P436*Assumptions!$B$11,Assumptions!$B$28) | X436: =P436*(Assumptions!$B$133+Assumptions!$B$137) | Y436: =P436*Assumptions!$B$9 | Z436: =IF(M436=1,(P436-Assumptions!$B$37)*Assumptions!$B$153,0) | AA436: =Q436+R436+S436+T436+U436+V436+W436+X436+Y436+Z436 | AB436: 1 | AC436: 65 | AD436: 33 | AE436: 17 | AF436: 9 | AG436: 5 | AH436: 3 | AI436: 0 | AJ436: =INDEX($Q$435:$Q$562,AC436+1) | AK436: =INDEX($R$435:$R$562,AD436+1) | AL436: =INDEX($S$435:$S$562,AE436+1) | AM436: =INDEX($T$435:$T$562,AF436+1) | AN436: =INDEX($U$435:$U$562,AG436+1) | AO436: =INDEX($V$435:$V$562,AH436+1) | AP436: =INDEX($W$435:$W$562,AI436+1) | AQ436: =IF(Q436>=AJ436-0.01,1,0) | AR436: =IF(R436>=AK436-0.01,1,0) | AS436: =IF(S436>=AL436-0.01,1,0) | AT436: =IF(T436>=AM436-0.01,1,0) | AU436: =IF(U436>=AN436-0.01,1,0) | AV436: =IF(V436>=AO436-0.01,1,0) | AW436: =IF(W436>=AP436-0.01,1,0) | AX436: =AQ436*AR436*AS436*AT436*AU436*AV436*AW436 | AY436: =Assumptions!$B$41 | AZ436: =Assumptions!$B$33 | BA436: =Assumptions!$B$32 | BB436: =Assumptions!$B$31 | BC436: =Assumptions!$B$30 | BD436: =Assumptions!$B$29 | BE436: =Assumptions!$B$28 | BF436: =P436*Assumptions!$B$141 | BG436: =P436*Assumptions!$B$128 | BH436: =P436*Assumptions!$B$129 | BI436: =P436*Assumptions!$B$14 | BJ436: =P436*Assumptions!$B$13 | BK436: =P436*Assumptions!$B$12 | BL436: =P436*Assumptions!$B$11
A437: 4000M | B437: =Assumptions!$B$61 | C437: 0 | D437: 0 | E437: 0 | F437: 0 | G437: 0 | H437: 1 | I437: 0 | J437: =(1-C437)*Assumptions!$B$41+(1-D437)*Assumptions!$B$33+(1-E437)*Assumptions!$B$32+(1-F437)*Assumptions!$B$31+(1-G437)*Assumptions!$B$30+(1-H437)*Assumptions!$B$29+(1-I437)*Assumptions!$B$28 | K437: =C437*Assumptions!$B$141+D437*Assumptions!$B$128+E437*Assumptions!$B$129+F437*Assumptions!$B$14+G437*Assumptions!$B$13+H437*Assumptions!$B$12+I437*Assumptions!$B$11+Assumptions!$B$133+Assumptions!$B$137+Assumptions!$B$9 | L437: =B437-J437 | M437: =IF(K437>0,IF(L437/K437>=Assumptions!$B$37,1,0),0) | N437: =K437+M437*Assumptions!$B$153 | O437: =L437+M437*Assumptions!$B$153*Assumptions!$B$37 | P437: =IF(N437>0,O437/N437,0) | Q437: =IF(C437=1,P437*Assumptions!$B$141,Assumptions!$B$41) | R437: =IF(D437=1,P437*Assumptions!$B$128,Assumptions!$B$33) | S437: =IF(E437=1,P437*Assumptions!$B$129,Assumptions!$B$32) | T437: =IF(F437=1,P437*Assumptions!$B$14,Assumptions!$B$31) | U437: =IF(G437=1,P437*Assumptions!$B$13,Assumptions!$B$30) | V437: =IF(H437=1,P437*Assumptions!$B$12,Assumptions!$B$29) | W437: =IF(I437=1,P437*Assumptions!$B$11,Assumptions!$B$28) | X437: =P437*(Assumptions!$B$133+Assumptions!$B$137) | Y437: =P437*Assumptions!$B$9 | Z437: =IF(M437=1,(P437-Assumptions!$B$37)*Assumptions!$B$153,0) | AA437: =Q437+R437+S437+T437+U437+V437+W437+X437+Y437+Z437 | AB437: 2 | AC437: 66 | AD437: 34 | AE437: 18 | AF437: 10 | AG437: 6 | AH437: 0 | AI437: 3 | AJ437: =INDEX($Q$435:$Q$562,AC437+1) | AK437: =INDEX($R$435:$R$562,AD437+1) | AL437: =INDEX($S$435:$S$562,AE437+1) | AM437: =INDEX($T$435:$T$562,AF437+1) | AN437: =INDEX($U$435:$U$562,AG437+1) | AO437: =INDEX($V$435:$V$562,AH437+1) | AP437: =INDEX($W$435:$W$562,AI437+1) | AQ437: =IF(Q437>=AJ437-0.01,1,0) | AR437: =IF(R437>=AK437-0.01,1,0) | AS437: =IF(S437>=AL437-0.01,1,0) | AT437: =IF(T437>=AM437-0.01,1,0) | AU437: =IF(U437>=AN437-0.01,1,0) | AV437: =IF(V437>=AO437-0.01,1,0) | AW437: =IF(W437>=AP437-0.01,1,0) | AX437: =AQ437*AR437*AS437*AT437*AU437*AV437*AW437 | AY437: =Assumptions!$B$41 | AZ437: =Assumptions!$B$33 | BA437: =Assumptions!$B$32 | BB437: =Assumptions!$B$31 | BC437: =Assumptions!$B$30 | BD437: =Assumptions!$B$29 | BE437: =Assumptions!$B$28 | BF437: =P437*Assumptions!$B$141 | BG437: =P437*Assumptions!$B$128 | BH437: =P437*Assumptions!$B$129 | BI437: =P437*Assumptions!$B$14 | BJ437: =P437*Assumptions!$B$13 | BK437: =P437*Assumptions!$B$12 | BL437: =P437*Assumptions!$B$11
A438: 4000M | B438: =Assumptions!$B$61 | C438: 0 | D438: 0 | E438: 0 | F438: 0 | G438: 0 | H438: 1 | I438: 1 | J438: =(1-C438)*Assumptions!$B$41+(1-D438)*Assumptions!$B$33+(1-E438)*Assumptions!$B$32+(1-F438)*Assumptions!$B$31+(1-G438)*Assumptions!$B$30+(1-H438)*Assumptions!$B$29+(1-I438)*Assumptions!$B$28 | K438: =C438*Assumptions!$B$141+D438*Assumptions!$B$128+E438*Assumptions!$B$129+F438*Assumptions!$B$14+G438*Assumptions!$B$13+H438*Assumptions!$B$12+I438*Assumptions!$B$11+Assumptions!$B$133+Assumptions!$B$137+Assumptions!$B$9 | L438: =B438-J438 | M438: =IF(K438>0,IF(L438/K438>=Assumptions!$B$37,1,0),0) | N438: =K438+M438*Assumptions!$B$153 | O438: =L438+M438*Assumptions!$B$153*Assumptions!$B$37 | P438: =IF(N438>0,O438/N438,0) | Q438: =IF(C438=1,P438*Assumptions!$B$141,Assumptions!$B$41) | R438: =IF(D438=1,P438*Assumptions!$B$128,Assumptions!$B$33) | S438: =IF(E438=1,P438*Assumptions!$B$129,Assumptions!$B$32) | T438: =IF(F438=1,P438*Assumptions!$B$14,Assumptions!$B$31) | U438: =IF(G438=1,P438*Assumptions!$B$13,Assumptions!$B$30) | V438: =IF(H438=1,P438*Assumptions!$B$12,Assumptions!$B$29) | W438: =IF(I438=1,P438*Assumptions!$B$11,Assumptions!$B$28) | X438: =P438*(Assumptions!$B$133+Assumptions!$B$137) | Y438: =P438*Assumptions!$B$9 | Z438: =IF(M438=1,(P438-Assumptions!$B$37)*Assumptions!$B$153,0) | AA438: =Q438+R438+S438+T438+U438+V438+W438+X438+Y438+Z438 | AB438: 3 | AC438: 67 | AD438: 35 | AE438: 19 | AF438: 11 | AG438: 7 | AH438: 1 | AI438: 2 | AJ438: =INDEX($Q$435:$Q$562,AC438+1) | AK438: =INDEX($R$435:$R$562,AD438+1) | AL438: =INDEX($S$435:$S$562,AE438+1) | AM438: =INDEX($T$435:$T$562,AF438+1) | AN438: =INDEX($U$435:$U$562,AG438+1) | AO438: =INDEX($V$435:$V$562,AH438+1) | AP438: =INDEX($W$435:$W$562,AI438+1) | AQ438: =IF(Q438>=AJ438-0.01,1,0) | AR438: =IF(R438>=AK438-0.01,1,0) | AS438: =IF(S438>=AL438-0.01,1,0) | AT438: =IF(T438>=AM438-0.01,1,0) | AU438: =IF(U438>=AN438-0.01,1,0) | AV438: =IF(V438>=AO438-0.01,1,0) | AW438: =IF(W438>=AP438-0.01,1,0) | AX438: =AQ438*AR438*AS438*AT438*AU438*AV438*AW438 | AY438: =Assumptions!$B$41 | AZ438: =Assumptions!$B$33 | BA438: =Assumptions!$B$32 | BB438: =Assumptions!$B$31 | BC438: =Assumptions!$B$30 | BD438: =Assumptions!$B$29 | BE438: =Assumptions!$B$28 | BF438: =P438*Assumptions!$B$141 | BG438: =P438*Assumptions!$B$128 | BH438: =P438*Assumptions!$B$129 | BI438: =P438*Assumptions!$B$14 | BJ438: =P438*Assumptions!$B$13 | BK438: =P438*Assumptions!$B$12 | BL438: =P438*Assumptions!$B$11
A439: 4000M | B439: =Assumptions!$B$61 | C439: 0 | D439: 0 | E439: 0 | F439: 0 | G439: 1 | H439: 0 | I439: 0 | J439: =(1-C439)*Assumptions!$B$41+(1-D439)*Assumptions!$B$33+(1-E439)*Assumptions!$B$32+(1-F439)*Assumptions!$B$31+(1-G439)*Assumptions!$B$30+(1-H439)*Assumptions!$B$29+(1-I439)*Assumptions!$B$28 | K439: =C439*Assumptions!$B$141+D439*Assumptions!$B$128+E439*Assumptions!$B$129+F439*Assumptions!$B$14+G439*Assumptions!$B$13+H439*Assumptions!$B$12+I439*Assumptions!$B$11+Assumptions!$B$133+Assumptions!$B$137+Assumptions!$B$9 | L439: =B439-J439 | M439: =IF(K439>0,IF(L439/K439>=Assumptions!$B$37,1,0),0) | N439: =K439+M439*Assumptions!$B$153 | O439: =L439+M439*Assumptions!$B$153*Assumptions!$B$37 | P439: =IF(N439>0,O439/N439,0) | Q439: =IF(C439=1,P439*Assumptions!$B$141,Assumptions!$B$41) | R439: =IF(D439=1,P439*Assumptions!$B$128,Assumptions!$B$33) | S439: =IF(E439=1,P439*Assumptions!$B$129,Assumptions!$B$32) | T439: =IF(F439=1,P439*Assumptions!$B$14,Assumptions!$B$31) | U439: =IF(G439=1,P439*Assumptions!$B$13,Assumptions!$B$30) | V439: =IF(H439=1,P439*Assumptions!$B$12,Assumptions!$B$29) | W439: =IF(I439=1,P439*Assumptions!$B$11,Assumptions!$B$28) | X439: =P439*(Assumptions!$B$133+Assumptions!$B$137) | Y439: =P439*Assumptions!$B$9 | Z439: =IF(M439=1,(P439-Assumptions!$B$37)*Assumptions!$B$153,0) | AA439: =Q439+R439+S439+T439+U439+V439+W439+X439+Y439+Z439 | AB439: 4 | AC439: 68 | AD439: 36 | AE439: 20 | AF439: 12 | AG439: 0 | AH439: 6 | AI439: 5 | AJ439: =INDEX($Q$435:$Q$562,AC439+1) | AK439: =INDEX($R$435:$R$562,AD439+1) | AL439: =INDEX($S$435:$S$562,AE439+1) | AM439: =INDEX($T$435:$T$562,AF439+1) | AN439: =INDEX($U$435:$U$562,AG439+1) | AO439: =INDEX($V$435:$V$562,AH439+1) | AP439: =INDEX($W$435:$W$562,AI439+1) | AQ439: =IF(Q439>=AJ439-0.01,1,0) | AR439: =IF(R439>=AK439-0.01,1,0) | AS439: =IF(S439>=AL439-0.01,1,0) | AT439: =IF(T439>=AM439-0.01,1,0) | AU439: =IF(U439>=AN439-0.01,1,0) | AV439: =IF(V439>=AO439-0.01,1,0) | AW439: =IF(W439>=AP439-0.01,1,0) | AX439: =AQ439*AR439*AS439*AT439*AU439*AV439*AW439 | AY439: =Assumptions!$B$41 | AZ439: =Assumptions!$B$33 | BA439: =Assumptions!$B$32 | BB439: =Assumptions!$B$31 | BC439: =Assumptions!$B$30 | BD439: =Assumptions!$B$29 | BE439: =Assumptions!$B$28 | BF439: =P439*Assumptions!$B$141 | BG439: =P439*Assumptions!$B$128 | BH439: =P439*Assumptions!$B$129 | BI439: =P439*Assumptions!$B$14 | BJ439: =P439*Assumptions!$B$13 | BK439: =P439*Assumptions!$B$12 | BL439: =P439*Assumptions!$B$11
A440: 4000M | B440: =Assumptions!$B$61 | C440: 0 | D440: 0 | E440: 0 | F440: 0 | G440: 1 | H440: 0 | I440: 1 | J440: =(1-C440)*Assumptions!$B$41+(1-D440)*Assumptions!$B$33+(1-E440)*Assumptions!$B$32+(1-F440)*Assumptions!$B$31+(1-G440)*Assumptions!$B$30+(1-H440)*Assumptions!$B$29+(1-I440)*Assumptions!$B$28 | K440: =C440*Assumptions!$B$141+D440*Assumptions!$B$128+E440*Assumptions!$B$129+F440*Assumptions!$B$14+G440*Assumptions!$B$13+H440*Assumptions!$B$12+I440*Assumptions!$B$11+Assumptions!$B$133+Assumptions!$B$137+Assumptions!$B$9 | L440: =B440-J440 | M440: =IF(K440>0,IF(L440/K440>=Assumptions!$B$37,1,0),0) | N440: =K440+M440*Assumptions!$B$153 | O440: =L440+M440*Assumptions!$B$153*Assumptions!$B$37 | P440: =IF(N440>0,O440/N440,0) | Q440: =IF(C440=1,P440*Assumptions!$B$141,Assumptions!$B$41) | R440: =IF(D440=1,P440*Assumptions!$B$128,Assumptions!$B$33) | S440: =IF(E440=1,P440*Assumptions!$B$129,Assumptions!$B$32) | T440: =IF(F440=1,P440*Assumptions!$B$14,Assumptions!$B$31) | U440: =IF(G440=1,P440*Assumptions!$B$13,Assumptions!$B$30) | V440: =IF(H440=1,P440*Assumptions!$B$12,Assumptions!$B$29) | W440: =IF(I440=1,P440*Assumptions!$B$11,Assumptions!$B$28) | X440: =P440*(Assumptions!$B$133+Assumptions!$B$137) | Y440: =P440*Assumptions!$B$9 | Z440: =IF(M440=1,(P440-Assumptions!$B$37)*Assumptions!$B$153,0) | AA440: =Q440+R440+S440+T440+U440+V440+W440+X440+Y440+Z440 | AB440: 5 | AC440: 69 | AD440: 37 | AE440: 21 | AF440: 13 | AG440: 1 | AH440: 7 | AI440: 4 | AJ440: =INDEX($Q$435:$Q$562,AC440+1) | AK440: =INDEX($R$435:$R$562,AD440+1) | AL440: =INDEX($S$435:$S$562,AE440+1) | AM440: =INDEX($T$435:$T$562,AF440+1) | AN440: =INDEX($U$435:$U$562,AG440+1) | AO440: =INDEX($V$435:$V$562,AH440+1) | AP440: =INDEX($W$435:$W$562,AI440+1) | AQ440: =IF(Q440>=AJ440-0.01,1,0) | AR440: =IF(R440>=AK440-0.01,1,0) | AS440: =IF(S440>=AL440-0.01,1,0) | AT440: =IF(T440>=AM440-0.01,1,0) | AU440: =IF(U440>=AN440-0.01,1,0) | AV440: =IF(V440>=AO440-0.01,1,0) | AW440: =IF(W440>=AP440-0.01,1,0) | AX440: =AQ440*AR440*AS440*AT440*AU440*AV440*AW440 | AY440: =Assumptions!$B$41 | AZ440: =Assumptions!$B$33 | BA440: =Assumptions!$B$32 | BB440: =Assumptions!$B$31 | BC440: =Assumptions!$B$30 | BD440: =Assumptions!$B$29 | BE440: =Assumptions!$B$28 | BF440: =P440*Assumptions!$B$141 | BG440: =P440*Assumptions!$B$128 | BH440: =P440*Assumptions!$B$129 | BI440: =P440*Assumptions!$B$14 | BJ440: =P440*Assumptions!$B$13 | BK440: =P440*Assumptions!$B$12 | BL440: =P440*Assumptions!$B$11
A441: 4000M | B441: =Assumptions!$B$61 | C441: 0 | D441: 0 | E441: 0 | F441: 0 | G441: 1 | H441: 1 | I441: 0 | J441: =(1-C441)*Assumptions!$B$41+(1-D441)*Assumptions!$B$33+(1-E441)*Assumptions!$B$32+(1-F441)*Assumptions!$B$31+(1-G441)*Assumptions!$B$30+(1-H441)*Assumptions!$B$29+(1-I441)*Assumptions!$B$28 | K441: =C441*Assumptions!$B$141+D441*Assumptions!$B$128+E441*Assumptions!$B$129+F441*Assumptions!$B$14+G441*Assumptions!$B$13+H441*Assumptions!$B$12+I441*Assumptions!$B$11+Assumptions!$B$133+Assumptions!$B$137+Assumptions!$B$9 | L441: =B441-J441 | M441: =IF(K441>0,IF(L441/K441>=Assumptions!$B$37,1,0),0) | N441: =K441+M441*Assumptions!$B$153 | O441: =L441+M441*Assumptions!$B$153*Assumptions!$B$37 | P441: =IF(N441>0,O441/N441,0) | Q441: =IF(C441=1,P441*Assumptions!$B$141,Assumptions!$B$41) | R441: =IF(D441=1,P441*Assumptions!$B$128,Assumptions!$B$33) | S441: =IF(E441=1,P441*Assumptions!$B$129,Assumptions!$B$32) | T441: =IF(F441=1,P441*Assumptions!$B$14,Assumptions!$B$31) | U441: =IF(G441=1,P441*Assumptions!$B$13,Assumptions!$B$30) | V441: =IF(H441=1,P441*Assumptions!$B$12,Assumptions!$B$29) | W441: =IF(I441=1,P441*Assumptions!$B$11,Assumptions!$B$28) | X441: =P441*(Assumptions!$B$133+Assumptions!$B$137) | Y441: =P441*Assumptions!$B$9 | Z441: =IF(M441=1,(P441-Assumptions!$B$37)*Assumptions!$B$153,0) | AA441: =Q441+R441+S441+T441+U441+V441+W441+X441+Y441+Z441 | AB441: 6 | AC441: 70 | AD441: 38 | AE441: 22 | AF441: 14 | AG441: 2 | AH441: 4 | AI441: 7 | AJ441: =INDEX($Q$435:$Q$562,AC441+1) | AK441: =INDEX($R$435:$R$562,AD441+1) | AL441: =INDEX($S$435:$S$562,AE441+1) | AM441: =INDEX($T$435:$T$562,AF441+1) | AN441: =INDEX($U$435:$U$562,AG441+1) | AO441: =INDEX($V$435:$V$562,AH441+1) | AP441: =INDEX($W$435:$W$562,AI441+1) | AQ441: =IF(Q441>=AJ441-0.01,1,0) | AR441: =IF(R441>=AK441-0.01,1,0) | AS441: =IF(S441>=AL441-0.01,1,0) | AT441: =IF(T441>=AM441-0.01,1,0) | AU441: =IF(U441>=AN441-0.01,1,0) | AV441: =IF(V441>=AO441-0.01,1,0) | AW441: =IF(W441>=AP441-0.01,1,0) | AX441: =AQ441*AR441*AS441*AT441*AU441*AV441*AW441 | AY441: =Assumptions!$B$41 | AZ441: =Assumptions!$B$33 | BA441: =Assumptions!$B$32 | BB441: =Assumptions!$B$31 | BC441: =Assumptions!$B$30 | BD441: =Assumptions!$B$29 | BE441: =Assumptions!$B$28 | BF441: =P441*Assumptions!$B$141 | BG441: =P441*Assumptions!$B$128 | BH441: =P441*Assumptions!$B$129 | BI441: =P441*Assumptions!$B$14 | BJ441: =P441*Assumptions!$B$13 | BK441: =P441*Assumptions!$B$12 | BL441: =P441*Assumptions!$B$11
A442: 4000M | B442: =Assumptions!$B$61 | C442: 0 | D442: 0 | E442: 0 | F442: 0 | G442: 1 | H442: 1 | I442: 1 | J442: =(1-C442)*Assumptions!$B$41+(1-D442)*Assumptions!$B$33+(1-E442)*Assumptions!$B$32+(1-F442)*Assumptions!$B$31+(1-G442)*Assumptions!$B$30+(1-H442)*Assumptions!$B$29+(1-I442)*Assumptions!$B$28 | K442: =C442*Assumptions!$B$141+D442*Assumptions!$B$128+E442*Assumptions!$B$129+F442*Assumptions!$B$14+G442*Assumptions!$B$13+H442*Assumptions!$B$12+I442*Assumptions!$B$11+Assumptions!$B$133+Assumptions!$B$137+Assumptions!$B$9 | L442: =B442-J442 | M442: =IF(K442>0,IF(L442/K442>=Assumptions!$B$37,1,0),0) | N442: =K442+M442*Assumptions!$B$153 | O442: =L442+M442*Assumptions!$B$153*Assumptions!$B$37 | P442: =IF(N442>0,O442/N442,0) | Q442: =IF(C442=1,P442*Assumptions!$B$141,Assumptions!$B$41) | R442: =IF(D442=1,P442*Assumptions!$B$128,Assumptions!$B$33) | S442: =IF(E442=1,P442*Assumptions!$B$129,Assumptions!$B$32) | T442: =IF(F442=1,P442*Assumptions!$B$14,Assumptions!$B$31) | U442: =IF(G442=1,P442*Assumptions!$B$13,Assumptions!$B$30) | V442: =IF(H442=1,P442*Assumptions!$B$12,Assumptions!$B$29) | W442: =IF(I442=1,P442*Assumptions!$B$11,Assumptions!$B$28) | X442: =P442*(Assumptions!$B$133+Assumptions!$B$137) | Y442: =P442*Assumptions!$B$9 | Z442: =IF(M442=1,(P442-Assumptions!$B$37)*Assumptions!$B$153,0) | AA442: =Q442+R442+S442+T442+U442+V442+W442+X442+Y442+Z442 | AB442: 7 | AC442: 71 | AD442: 39 | AE442: 23 | AF442: 15 | AG442: 3 | AH442: 5 | AI442: 6 | AJ442: =INDEX($Q$435:$Q$562,AC442+1) | AK442: =INDEX($R$435:$R$562,AD442+1) | AL442: =INDEX($S$435:$S$562,AE442+1) | AM442: =INDEX($T$435:$T$562,AF442+1) | AN442: =INDEX($U$435:$U$562,AG442+1) | AO442: =INDEX($V$435:$V$562,AH442+1) | AP442: =INDEX($W$435:$W$562,AI442+1) | AQ442: =IF(Q442>=AJ442-0.01,1,0) | AR442: =IF(R442>=AK442-0.01,1,0) | AS442: =IF(S442>=AL442-0.01,1,0) | AT442: =IF(T442>=AM442-0.01,1,0) | AU442: =IF(U442>=AN442-0.01,1,0) | AV442: =IF(V442>=AO442-0.01,1,0) | AW442: =IF(W442>=AP442-0.01,1,0) | AX442: =AQ442*AR442*AS442*AT442*AU442*AV442*AW442 | AY442: =Assumptions!$B$41 | AZ442: =Assumptions!$B$33 | BA442: =Assumptions!$B$32 | BB442: =Assumptions!$B$31 | BC442: =Assumptions!$B$30 | BD442: =Assumptions!$B$29 | BE442: =Assumptions!$B$28 | BF442: =P442*Assumptions!$B$141 | BG442: =P442*Assumptions!$B$128 | BH442: =P442*Assumptions!$B$129 | BI442: =P442*Assumptions!$B$14 | BJ442: =P442*Assumptions!$B$13 | BK442: =P442*Assumptions!$B$12 | BL442: =P442*Assumptions!$B$11
A443: 4000M | B443: =Assumptions!$B$61 | C443: 0 | D443: 0 | E443: 0 | F443: 1 | G443: 0 | H443: 0 | I443: 0 | J443: =(1-C443)*Assumptions!$B$41+(1-D443)*Assumptions!$B$33+(1-E443)*Assumptions!$B$32+(1-F443)*Assumptions!$B$31+(1-G443)*Assumptions!$B$30+(1-H443)*Assumptions!$B$29+(1-I443)*Assumptions!$B$28 | K443: =C443*Assumptions!$B$141+D443*Assumptions!$B$128+E443*Assumptions!$B$129+F443*Assumptions!$B$14+G443*Assumptions!$B$13+H443*Assumptions!$B$12+I443*Assumptions!$B$11+Assumptions!$B$133+Assumptions!$B$137+Assumptions!$B$9 | L443: =B443-J443 | M443: =IF(K443>0,IF(L443/K443>=Assumptions!$B$37,1,0),0) | N443: =K443+M443*Assumptions!$B$153 | O443: =L443+M443*Assumptions!$B$153*Assumptions!$B$37 | P443: =IF(N443>0,O443/N443,0) | Q443: =IF(C443=1,P443*Assumptions!$B$141,Assumptions!$B$41) | R443: =IF(D443=1,P443*Assumptions!$B$128,Assumptions!$B$33) | S443: =IF(E443=1,P443*Assumptions!$B$129,Assumptions!$B$32) | T443: =IF(F443=1,P443*Assumptions!$B$14,Assumptions!$B$31) | U443: =IF(G443=1,P443*Assumptions!$B$13,Assumptions!$B$30) | V443: =IF(H443=1,P443*Assumptions!$B$12,Assumptions!$B$29) | W443: =IF(I443=1,P443*Assumptions!$B$11,Assumptions!$B$28) | X443: =P443*(Assumptions!$B$133+Assumptions!$B$137) | Y443: =P443*Assumptions!$B$9 | Z443: =IF(M443=1,(P443-Assumptions!$B$37)*Assumptions!$B$153,0) | AA443: =Q443+R443+S443+T443+U443+V443+W443+X443+Y443+Z443 | AB443: 8 | AC443: 72 | AD443: 40 | AE443: 24 | AF443: 0 | AG443: 12 | AH443: 10 | AI443: 9 | AJ443: =INDEX($Q$435:$Q$562,AC443+1) | AK443: =INDEX($R$435:$R$562,AD443+1) | AL443: =INDEX($S$435:$S$562,AE443+1) | AM443: =INDEX($T$435:$T$562,AF443+1) | AN443: =INDEX($U$435:$U$562,AG443+1) | AO443: =INDEX($V$435:$V$562,AH443+1) | AP443: =INDEX($W$435:$W$562,AI443+1) | AQ443: =IF(Q443>=AJ443-0.01,1,0) | AR443: =IF(R443>=AK443-0.01,1,0) | AS443: =IF(S443>=AL443-0.01,1,0) | AT443: =IF(T443>=AM443-0.01,1,0) | AU443: =IF(U443>=AN443-0.01,1,0) | AV443: =IF(V443>=AO443-0.01,1,0) | AW443: =IF(W443>=AP443-0.01,1,0) | AX443: =AQ443*AR443*AS443*AT443*AU443*AV443*AW443 | AY443: =Assumptions!$B$41 | AZ443: =Assumptions!$B$33 | BA443: =Assumptions!$B$32 | BB443: =Assumptions!$B$31 | BC443: =Assumptions!$B$30 | BD443: =Assumptions!$B$29 | BE443: =Assumptions!$B$28 | BF443: =P443*Assumptions!$B$141 | BG443: =P443*Assumptions!$B$128 | BH443: =P443*Assumptions!$B$129 | BI443: =P443*Assumptions!$B$14 | BJ443: =P443*Assumptions!$B$13 | BK443: =P443*Assumptions!$B$12 | BL443: =P443*Assumptions!$B$11
A444: 4000M | B444: =Assumptions!$B$61 | C444: 0 | D444: 0 | E444: 0 | F444: 1 | G444: 0 | H444: 0 | I444: 1 | J444: =(1-C444)*Assumptions!$B$41+(1-D444)*Assumptions!$B$33+(1-E444)*Assumptions!$B$32+(1-F444)*Assumptions!$B$31+(1-G444)*Assumptions!$B$30+(1-H444)*Assumptions!$B$29+(1-I444)*Assumptions!$B$28 | K444: =C444*Assumptions!$B$141+D444*Assumptions!$B$128+E444*Assumptions!$B$129+F444*Assumptions!$B$14+G444*Assumptions!$B$13+H444*Assumptions!$B$12+I444*Assumptions!$B$11+Assumptions!$B$133+Assumptions!$B$137+Assumptions!$B$9 | L444: =B444-J444 | M444: =IF(K444>0,IF(L444/K444>=Assumptions!$B$37,1,0),0) | N444: =K444+M444*Assumptions!$B$153 | O444: =L444+M444*Assumptions!$B$153*Assumptions!$B$37 | P444: =IF(N444>0,O444/N444,0) | Q444: =IF(C444=1,P444*Assumptions!$B$141,Assumptions!$B$41) | R444: =IF(D444=1,P444*Assumptions!$B$128,Assumptions!$B$33) | S444: =IF(E444=1,P444*Assumptions!$B$129,Assumptions!$B$32) | T444: =IF(F444=1,P444*Assumptions!$B$14,Assumptions!$B$31) | U444: =IF(G444=1,P444*Assumptions!$B$13,Assumptions!$B$30) | V444: =IF(H444=1,P444*Assumptions!$B$12,Assumptions!$B$29) | W444: =IF(I444=1,P444*Assumptions!$B$11,Assumptions!$B$28) | X444: =P444*(Assumptions!$B$133+Assumptions!$B$137) | Y444: =P444*Assumptions!$B$9 | Z444: =IF(M444=1,(P444-Assumptions!$B$37)*Assumptions!$B$153,0) | AA444: =Q444+R444+S444+T444+U444+V444+W444+X444+Y444+Z444 | AB444: 9 | AC444: 73 | AD444: 41 | AE444: 25 | AF444: 1 | AG444: 13 | AH444: 11 | AI444: 8 | AJ444: =INDEX($Q$435:$Q$562,AC444+1) | AK444: =INDEX($R$435:$R$562,AD444+1) | AL444: =INDEX($S$435:$S$562,AE444+1) | AM444: =INDEX($T$435:$T$562,AF444+1) | AN444: =INDEX($U$435:$U$562,AG444+1) | AO444: =INDEX($V$435:$V$562,AH444+1) | AP444: =INDEX($W$435:$W$562,AI444+1) | AQ444: =IF(Q444>=AJ444-0.01,1,0) | AR444: =IF(R444>=AK444-0.01,1,0) | AS444: =IF(S444>=AL444-0.01,1,0) | AT444: =IF(T444>=AM444-0.01,1,0) | AU444: =IF(U444>=AN444-0.01,1,0) | AV444: =IF(V444>=AO444-0.01,1,0) | AW444: =IF(W444>=AP444-0.01,1,0) | AX444: =AQ444*AR444*AS444*AT444*AU444*AV444*AW444 | AY444: =Assumptions!$B$41 | AZ444: =Assumptions!$B$33 | BA444: =Assumptions!$B$32 | BB444: =Assumptions!$B$31 | BC444: =Assumptions!$B$30 | BD444: =Assumptions!$B$29 | BE444: =Assumptions!$B$28 | BF444: =P444*Assumptions!$B$141 | BG444: =P444*Assumptions!$B$128 | BH444: =P444*Assumptions!$B$129 | BI444: =P444*Assumptions!$B$14 | BJ444: =P444*Assumptions!$B$13 | BK444: =P444*Assumptions!$B$12 | BL444: =P444*Assumptions!$B$11
A445: 4000M | B445: =Assumptions!$B$61 | C445: 0 | D445: 0 | E445: 0 | F445: 1 | G445: 0 | H445: 1 | I445: 0 | J445: =(1-C445)*Assumptions!$B$41+(1-D445)*Assumptions!$B$33+(1-E445)*Assumptions!$B$32+(1-F445)*Assumptions!$B$31+(1-G445)*Assumptions!$B$30+(1-H445)*Assumptions!$B$29+(1-I445)*Assumptions!$B$28 | K445: =C445*Assumptions!$B$141+D445*Assumptions!$B$128+E445*Assumptions!$B$129+F445*Assumptions!$B$14+G445*Assumptions!$B$13+H445*Assumptions!$B$12+I445*Assumptions!$B$11+Assumptions!$B$133+Assumptions!$B$137+Assumptions!$B$9 | L445: =B445-J445 | M445: =IF(K445>0,IF(L445/K445>=Assumptions!$B$37,1,0),0) | N445: =K445+M445*Assumptions!$B$153 | O445: =L445+M445*Assumptions!$B$153*Assumptions!$B$37 | P445: =IF(N445>0,O445/N445,0) | Q445: =IF(C445=1,P445*Assumptions!$B$141,Assumptions!$B$41) | R445: =IF(D445=1,P445*Assumptions!$B$128,Assumptions!$B$33) | S445: =IF(E445=1,P445*Assumptions!$B$129,Assumptions!$B$32) | T445: =IF(F445=1,P445*Assumptions!$B$14,Assumptions!$B$31) | U445: =IF(G445=1,P445*Assumptions!$B$13,Assumptions!$B$30) | V445: =IF(H445=1,P445*Assumptions!$B$12,Assumptions!$B$29) | W445: =IF(I445=1,P445*Assumptions!$B$11,Assumptions!$B$28) | X445: =P445*(Assumptions!$B$133+Assumptions!$B$137) | Y445: =P445*Assumptions!$B$9 | Z445: =IF(M445=1,(P445-Assumptions!$B$37)*Assumptions!$B$153,0) | AA445: =Q445+R445+S445+T445+U445+V445+W445+X445+Y445+Z445 | AB445: 10 | AC445: 74 | AD445: 42 | AE445: 26 | AF445: 2 | AG445: 14 | AH445: 8 | AI445: 11 | AJ445: =INDEX($Q$435:$Q$562,AC445+1) | AK445: =INDEX($R$435:$R$562,AD445+1) | AL445: =INDEX($S$435:$S$562,AE445+1) | AM445: =INDEX($T$435:$T$562,AF445+1) | AN445: =INDEX($U$435:$U$562,AG445+1) | AO445: =INDEX($V$435:$V$562,AH445+1) | AP445: =INDEX($W$435:$W$562,AI445+1) | AQ445: =IF(Q445>=AJ445-0.01,1,0) | AR445: =IF(R445>=AK445-0.01,1,0) | AS445: =IF(S445>=AL445-0.01,1,0) | AT445: =IF(T445>=AM445-0.01,1,0) | AU445: =IF(U445>=AN445-0.01,1,0) | AV445: =IF(V445>=AO445-0.01,1,0) | AW445: =IF(W445>=AP445-0.01,1,0) | AX445: =AQ445*AR445*AS445*AT445*AU445*AV445*AW445 | AY445: =Assumptions!$B$41 | AZ445: =Assumptions!$B$33 | BA445: =Assumptions!$B$32 | BB445: =Assumptions!$B$31 | BC445: =Assumptions!$B$30 | BD445: =Assumptions!$B$29 | BE445: =Assumptions!$B$28 | BF445: =P445*Assumptions!$B$141 | BG445: =P445*Assumptions!$B$128 | BH445: =P445*Assumptions!$B$129 | BI445: =P445*Assumptions!$B$14 | BJ445: =P445*Assumptions!$B$13 | BK445: =P445*Assumptions!$B$12 | BL445: =P445*Assumptions!$B$11
A446: 4000M | B446: =Assumptions!$B$61 | C446: 0 | D446: 0 | E446: 0 | F446: 1 | G446: 0 | H446: 1 | I446: 1 | J446: =(1-C446)*Assumptions!$B$41+(1-D446)*Assumptions!$B$33+(1-E446)*Assumptions!$B$32+(1-F446)*Assumptions!$B$31+(1-G446)*Assumptions!$B$30+(1-H446)*Assumptions!$B$29+(1-I446)*Assumptions!$B$28 | K446: =C446*Assumptions!$B$141+D446*Assumptions!$B$128+E446*Assumptions!$B$129+F446*Assumptions!$B$14+G446*Assumptions!$B$13+H446*Assumptions!$B$12+I446*Assumptions!$B$11+Assumptions!$B$133+Assumptions!$B$137+Assumptions!$B$9 | L446: =B446-J446 | M446: =IF(K446>0,IF(L446/K446>=Assumptions!$B$37,1,0),0) | N446: =K446+M446*Assumptions!$B$153 | O446: =L446+M446*Assumptions!$B$153*Assumptions!$B$37 | P446: =IF(N446>0,O446/N446,0) | Q446: =IF(C446=1,P446*Assumptions!$B$141,Assumptions!$B$41) | R446: =IF(D446=1,P446*Assumptions!$B$128,Assumptions!$B$33) | S446: =IF(E446=1,P446*Assumptions!$B$129,Assumptions!$B$32) | T446: =IF(F446=1,P446*Assumptions!$B$14,Assumptions!$B$31) | U446: =IF(G446=1,P446*Assumptions!$B$13,Assumptions!$B$30) | V446: =IF(H446=1,P446*Assumptions!$B$12,Assumptions!$B$29) | W446: =IF(I446=1,P446*Assumptions!$B$11,Assumptions!$B$28) | X446: =P446*(Assumptions!$B$133+Assumptions!$B$137) | Y446: =P446*Assumptions!$B$9 | Z446: =IF(M446=1,(P446-Assumptions!$B$37)*Assumptions!$B$153,0) | AA446: =Q446+R446+S446+T446+U446+V446+W446+X446+Y446+Z446 | AB446: 11 | AC446: 75 | AD446: 43 | AE446: 27 | AF446: 3 | AG446: 15 | AH446: 9 | AI446: 10 | AJ446: =INDEX($Q$435:$Q$562,AC446+1) | AK446: =INDEX($R$435:$R$562,AD446+1) | AL446: =INDEX($S$435:$S$562,AE446+1) | AM446: =INDEX($T$435:$T$562,AF446+1) | AN446: =INDEX($U$435:$U$562,AG446+1) | AO446: =INDEX($V$435:$V$562,AH446+1) | AP446: =INDEX($W$435:$W$562,AI446+1) | AQ446: =IF(Q446>=AJ446-0.01,1,0) | AR446: =IF(R446>=AK446-0.01,1,0) | AS446: =IF(S446>=AL446-0.01,1,0) | AT446: =IF(T446>=AM446-0.01,1,0) | AU446: =IF(U446>=AN446-0.01,1,0) | AV446: =IF(V446>=AO446-0.01,1,0) | AW446: =IF(W446>=AP446-0.01,1,0) | AX446: =AQ446*AR446*AS446*AT446*AU446*AV446*AW446 | AY446: =Assumptions!$B$41 | AZ446: =Assumptions!$B$33 | BA446: =Assumptions!$B$32 | BB446: =Assumptions!$B$31 | BC446: =Assumptions!$B$30 | BD446: =Assumptions!$B$29 | BE446: =Assumptions!$B$28 | BF446: =P446*Assumptions!$B$141 | BG446: =P446*Assumptions!$B$128 | BH446: =P446*Assumptions!$B$129 | BI446: =P446*Assumptions!$B$14 | BJ446: =P446*Assumptions!$B$13 | BK446: =P446*Assumptions!$B$12 | BL446: =P446*Assumptions!$B$11
... A562: 4000M | B562: =Assumptions!$B$61 | C562: 1 | D562: 1 | E562: 1 | F562: 1 | G562: 1 | H562: 1 | I562: 1 | J562: =(1-C562)*Assumptions!$B$41+(1-D562)*Assumptions!$B$33+(1-E562)*Assumptions!$B$32+(1-F562)*Assumptions!$B$31+(1-G562)*Assumptions!$B$30+(1-H562)*Assumptions!$B$29+(1-I562)*Assumptions!$B$28 | K562: =C562*Assumptions!$B$141+D562*Assumptions!$B$128+E562*Assumptions!$B$129+F562*Assumptions!$B$14+G562*Assumptions!$B$13+H562*Assumptions!$B$12+I562*Assumptions!$B$11+Assumptions!$B$133+Assumptions!$B$137+Assumptions!$B$9 | L562: =B562-J562 | M562: =IF(K562>0,IF(L562/K562>=Assumptions!$B$37,1,0),0) | N562: =K562+M562*Assumptions!$B$153 | O562: =L562+M562*Assumptions!$B$153*Assumptions!$B$37 | P562: =IF(N562>0,O562/N562,0) | Q562: =IF(C562=1,P562*Assumptions!$B$141,Assumptions!$B$41) | R562: =IF(D562=1,P562*Assumptions!$B$128,Assumptions!$B$33) | S562: =IF(E562=1,P562*Assumptions!$B$129,Assumptions!$B$32) | T562: =IF(F562=1,P562*Assumptions!$B$14,Assumptions!$B$31) | U562: =IF(G562=1,P562*Assumptions!$B$13,Assumptions!$B$30) | V562: =IF(H562=1,P562*Assumptions!$B$12,Assumptions!$B$29) | W562: =IF(I562=1,P562*Assumptions!$B$11,Assumptions!$B$28) | X562: =P562*(Assumptions!$B$133+Assumptions!$B$137) | Y562: =P562*Assumptions!$B$9 | Z562: =IF(M562=1,(P562-Assumptions!$B$37)*Assumptions!$B$153,0) | AA562: =Q562+R562+S562+T562+U562+V562+W562+X562+Y562+Z562 | AB562: 127 | AC562: 63 | AD562: 95 | AE562: 111 | AF562: 119 | AG562: 123 | AH562: 125 | AI562: 126 | AJ562: =INDEX($Q$435:$Q$562,AC562+1) | AK562: =INDEX($R$435:$R$562,AD562+1) | AL562: =INDEX($S$435:$S$562,AE562+1) | AM562: =INDEX($T$435:$T$562,AF562+1) | AN562: =INDEX($U$435:$U$562,AG562+1) | AO562: =INDEX($V$435:$V$562,AH562+1) | AP562: =INDEX($W$435:$W$562,AI562+1) | AQ562: =IF(Q562>=AJ562-0.01,1,0) | AR562: =IF(R562>=AK562-0.01,1,0) | AS562: =IF(S562>=AL562-0.01,1,0) | AT562: =IF(T562>=AM562-0.01,1,0) | AU562: =IF(U562>=AN562-0.01,1,0) | AV562: =IF(V562>=AO562-0.01,1,0) | AW562: =IF(W562>=AP562-0.01,1,0) | AX562: =AQ562*AR562*AS562*AT562*AU562*AV562*AW562 | AY562: =Assumptions!$B$41 | AZ562: =Assumptions!$B$33 | BA562: =Assumptions!$B$32 | BB562: =Assumptions!$B$31 | BC562: =Assumptions!$B$30 | BD562: =Assumptions!$B$29 | BE562: =Assumptions!$B$28 | BF562: =P562*Assumptions!$B$141 | BG562: =P562*Assumptions!$B$128 | BH562: =P562*Assumptions!$B$129 | BI562: =P562*Assumptions!$B$14 | BJ562: =P562*Assumptions!$B$13 | BK562: =P562*Assumptions!$B$12 | BL562: =P562*Assumptions!$B$11
A563: 8000M | B563: =Assumptions!$B$62 | C563: 0 | D563: 0 | E563: 0 | F563: 0 | G563: 0 | H563: 0 | I563: 0 | J563: =(1-C563)*Assumptions!$B$41+(1-D563)*Assumptions!$B$33+(1-E563)*Assumptions!$B$32+(1-F563)*Assumptions!$B$31+(1-G563)*Assumptions!$B$30+(1-H563)*Assumptions!$B$29+(1-I563)*Assumptions!$B$28 | K563: =C563*Assumptions!$B$141+D563*Assumptions!$B$128+E563*Assumptions!$B$129+F563*Assumptions!$B$14+G563*Assumptions!$B$13+H563*Assumptions!$B$12+I563*Assumptions!$B$11+Assumptions!$B$133+Assumptions!$B$137+Assumptions!$B$9 | L563: =B563-J563 | M563: =IF(K563>0,IF(L563/K563>=Assumptions!$B$37,1,0),0) | N563: =K563+M563*Assumptions!$B$153 | O563: =L563+M563*Assumptions!$B$153*Assumptions!$B$37 | P563: =IF(N563>0,O563/N563,0) | Q563: =IF(C563=1,P563*Assumptions!$B$141,Assumptions!$B$41) | R563: =IF(D563=1,P563*Assumptions!$B$128,Assumptions!$B$33) | S563: =IF(E563=1,P563*Assumptions!$B$129,Assumptions!$B$32) | T563: =IF(F563=1,P563*Assumptions!$B$14,Assumptions!$B$31) | U563: =IF(G563=1,P563*Assumptions!$B$13,Assumptions!$B$30) | V563: =IF(H563=1,P563*Assumptions!$B$12,Assumptions!$B$29) | W563: =IF(I563=1,P563*Assumptions!$B$11,Assumptions!$B$28) | X563: =P563*(Assumptions!$B$133+Assumptions!$B$137) | Y563: =P563*Assumptions!$B$9 | Z563: =IF(M563=1,(P563-Assumptions!$B$37)*Assumptions!$B$153,0) | AA563: =Q563+R563+S563+T563+U563+V563+W563+X563+Y563+Z563 | AB563: 0 | AC563: 64 | AD563: 32 | AE563: 16 | AF563: 8 | AG563: 4 | AH563: 2 | AI563: 1 | AJ563: =INDEX($Q$563:$Q$690,AC563+1) | AK563: =INDEX($R$563:$R$690,AD563+1) | AL563: =INDEX($S$563:$S$690,AE563+1) | AM563: =INDEX($T$563:$T$690,AF563+1) | AN563: =INDEX($U$563:$U$690,AG563+1) | AO563: =INDEX($V$563:$V$690,AH563+1) | AP563: =INDEX($W$563:$W$690,AI563+1) | AQ563: =IF(Q563>=AJ563-0.01,1,0) | AR563: =IF(R563>=AK563-0.01,1,0) | AS563: =IF(S563>=AL563-0.01,1,0) | AT563: =IF(T563>=AM563-0.01,1,0) | AU563: =IF(U563>=AN563-0.01,1,0) | AV563: =IF(V563>=AO563-0.01,1,0) | AW563: =IF(W563>=AP563-0.01,1,0) | AX563: =AQ563*AR563*AS563*AT563*AU563*AV563*AW563 | AY563: =Assumptions!$B$41 | AZ563: =Assumptions!$B$33 | BA563: =Assumptions!$B$32 | BB563: =Assumptions!$B$31 | BC563: =Assumptions!$B$30 | BD563: =Assumptions!$B$29 | BE563: =Assumptions!$B$28 | BF563: =P563*Assumptions!$B$141 | BG563: =P563*Assumptions!$B$128 | BH563: =P563*Assumptions!$B$129 | BI563: =P563*Assumptions!$B$14 | BJ563: =P563*Assumptions!$B$13 | BK563: =P563*Assumptions!$B$12 | BL563: =P563*Assumptions!$B$11
A564: 8000M | B564: =Assumptions!$B$62 | C564: 0 | D564: 0 | E564: 0 | F564: 0 | G564: 0 | H564: 0 | I564: 1 | J564: =(1-C564)*Assumptions!$B$41+(1-D564)*Assumptions!$B$33+(1-E564)*Assumptions!$B$32+(1-F564)*Assumptions!$B$31+(1-G564)*Assumptions!$B$30+(1-H564)*Assumptions!$B$29+(1-I564)*Assumptions!$B$28 | K564: =C564*Assumptions!$B$141+D564*Assumptions!$B$128+E564*Assumptions!$B$129+F564*Assumptions!$B$14+G564*Assumptions!$B$13+H564*Assumptions!$B$12+I564*Assumptions!$B$11+Assumptions!$B$133+Assumptions!$B$137+Assumptions!$B$9 | L564: =B564-J564 | M564: =IF(K564>0,IF(L564/K564>=Assumptions!$B$37,1,0),0) | N564: =K564+M564*Assumptions!$B$153 | O564: =L564+M564*Assumptions!$B$153*Assumptions!$B$37 | P564: =IF(N564>0,O564/N564,0) | Q564: =IF(C564=1,P564*Assumptions!$B$141,Assumptions!$B$41) | R564: =IF(D564=1,P564*Assumptions!$B$128,Assumptions!$B$33) | S564: =IF(E564=1,P564*Assumptions!$B$129,Assumptions!$B$32) | T564: =IF(F564=1,P564*Assumptions!$B$14,Assumptions!$B$31) | U564: =IF(G564=1,P564*Assumptions!$B$13,Assumptions!$B$30) | V564: =IF(H564=1,P564*Assumptions!$B$12,Assumptions!$B$29) | W564: =IF(I564=1,P564*Assumptions!$B$11,Assumptions!$B$28) | X564: =P564*(Assumptions!$B$133+Assumptions!$B$137) | Y564: =P564*Assumptions!$B$9 | Z564: =IF(M564=1,(P564-Assumptions!$B$37)*Assumptions!$B$153,0) | AA564: =Q564+R564+S564+T564+U564+V564+W564+X564+Y564+Z564 | AB564: 1 | AC564: 65 | AD564: 33 | AE564: 17 | AF564: 9 | AG564: 5 | AH564: 3 | AI564: 0 | AJ564: =INDEX($Q$563:$Q$690,AC564+1) | AK564: =INDEX($R$563:$R$690,AD564+1) | AL564: =INDEX($S$563:$S$690,AE564+1) | AM564: =INDEX($T$563:$T$690,AF564+1) | AN564: =INDEX($U$563:$U$690,AG564+1) | AO564: =INDEX($V$563:$V$690,AH564+1) | AP564: =INDEX($W$563:$W$690,AI564+1) | AQ564: =IF(Q564>=AJ564-0.01,1,0) | AR564: =IF(R564>=AK564-0.01,1,0) | AS564: =IF(S564>=AL564-0.01,1,0) | AT564: =IF(T564>=AM564-0.01,1,0) | AU564: =IF(U564>=AN564-0.01,1,0) | AV564: =IF(V564>=AO564-0.01,1,0) | AW564: =IF(W564>=AP564-0.01,1,0) | AX564: =AQ564*AR564*AS564*AT564*AU564*AV564*AW564 | AY564: =Assumptions!$B$41 | AZ564: =Assumptions!$B$33 | BA564: =Assumptions!$B$32 | BB564: =Assumptions!$B$31 | BC564: =Assumptions!$B$30 | BD564: =Assumptions!$B$29 | BE564: =Assumptions!$B$28 | BF564: =P564*Assumptions!$B$141 | BG564: =P564*Assumptions!$B$128 | BH564: =P564*Assumptions!$B$129 | BI564: =P564*Assumptions!$B$14 | BJ564: =P564*Assumptions!$B$13 | BK564: =P564*Assumptions!$B$12 | BL564: =P564*Assumptions!$B$11
A565: 8000M | B565: =Assumptions!$B$62 | C565: 0 | D565: 0 | E565: 0 | F565: 0 | G565: 0 | H565: 1 | I565: 0 | J565: =(1-C565)*Assumptions!$B$41+(1-D565)*Assumptions!$B$33+(1-E565)*Assumptions!$B$32+(1-F565)*Assumptions!$B$31+(1-G565)*Assumptions!$B$30+(1-H565)*Assumptions!$B$29+(1-I565)*Assumptions!$B$28 | K565: =C565*Assumptions!$B$141+D565*Assumptions!$B$128+E565*Assumptions!$B$129+F565*Assumptions!$B$14+G565*Assumptions!$B$13+H565*Assumptions!$B$12+I565*Assumptions!$B$11+Assumptions!$B$133+Assumptions!$B$137+Assumptions!$B$9 | L565: =B565-J565 | M565: =IF(K565>0,IF(L565/K565>=Assumptions!$B$37,1,0),0) | N565: =K565+M565*Assumptions!$B$153 | O565: =L565+M565*Assumptions!$B$153*Assumptions!$B$37 | P565: =IF(N565>0,O565/N565,0) | Q565: =IF(C565=1,P565*Assumptions!$B$141,Assumptions!$B$41) | R565: =IF(D565=1,P565*Assumptions!$B$128,Assumptions!$B$33) | S565: =IF(E565=1,P565*Assumptions!$B$129,Assumptions!$B$32) | T565: =IF(F565=1,P565*Assumptions!$B$14,Assumptions!$B$31) | U565: =IF(G565=1,P565*Assumptions!$B$13,Assumptions!$B$30) | V565: =IF(H565=1,P565*Assumptions!$B$12,Assumptions!$B$29) | W565: =IF(I565=1,P565*Assumptions!$B$11,Assumptions!$B$28) | X565: =P565*(Assumptions!$B$133+Assumptions!$B$137) | Y565: =P565*Assumptions!$B$9 | Z565: =IF(M565=1,(P565-Assumptions!$B$37)*Assumptions!$B$153,0) | AA565: =Q565+R565+S565+T565+U565+V565+W565+X565+Y565+Z565 | AB565: 2 | AC565: 66 | AD565: 34 | AE565: 18 | AF565: 10 | AG565: 6 | AH565: 0 | AI565: 3 | AJ565: =INDEX($Q$563:$Q$690,AC565+1) | AK565: =INDEX($R$563:$R$690,AD565+1) | AL565: =INDEX($S$563:$S$690,AE565+1) | AM565: =INDEX($T$563:$T$690,AF565+1) | AN565: =INDEX($U$563:$U$690,AG565+1) | AO565: =INDEX($V$563:$V$690,AH565+1) | AP565: =INDEX($W$563:$W$690,AI565+1) | AQ565: =IF(Q565>=AJ565-0.01,1,0) | AR565: =IF(R565>=AK565-0.01,1,0) | AS565: =IF(S565>=AL565-0.01,1,0) | AT565: =IF(T565>=AM565-0.01,1,0) | AU565: =IF(U565>=AN565-0.01,1,0) | AV565: =IF(V565>=AO565-0.01,1,0) | AW565: =IF(W565>=AP565-0.01,1,0) | AX565: =AQ565*AR565*AS565*AT565*AU565*AV565*AW565 | AY565: =Assumptions!$B$41 | AZ565: =Assumptions!$B$33 | BA565: =Assumptions!$B$32 | BB565: =Assumptions!$B$31 | BC565: =Assumptions!$B$30 | BD565: =Assumptions!$B$29 | BE565: =Assumptions!$B$28 | BF565: =P565*Assumptions!$B$141 | BG565: =P565*Assumptions!$B$128 | BH565: =P565*Assumptions!$B$129 | BI565: =P565*Assumptions!$B$14 | BJ565: =P565*Assumptions!$B$13 | BK565: =P565*Assumptions!$B$12 | BL565: =P565*Assumptions!$B$11
A566: 8000M | B566: =Assumptions!$B$62 | C566: 0 | D566: 0 | E566: 0 | F566: 0 | G566: 0 | H566: 1 | I566: 1 | J566: =(1-C566)*Assumptions!$B$41+(1-D566)*Assumptions!$B$33+(1-E566)*Assumptions!$B$32+(1-F566)*Assumptions!$B$31+(1-G566)*Assumptions!$B$30+(1-H566)*Assumptions!$B$29+(1-I566)*Assumptions!$B$28 | K566: =C566*Assumptions!$B$141+D566*Assumptions!$B$128+E566*Assumptions!$B$129+F566*Assumptions!$B$14+G566*Assumptions!$B$13+H566*Assumptions!$B$12+I566*Assumptions!$B$11+Assumptions!$B$133+Assumptions!$B$137+Assumptions!$B$9 | L566: =B566-J566 | M566: =IF(K566>0,IF(L566/K566>=Assumptions!$B$37,1,0),0) | N566: =K566+M566*Assumptions!$B$153 | O566: =L566+M566*Assumptions!$B$153*Assumptions!$B$37 | P566: =IF(N566>0,O566/N566,0) | Q566: =IF(C566=1,P566*Assumptions!$B$141,Assumptions!$B$41) | R566: =IF(D566=1,P566*Assumptions!$B$128,Assumptions!$B$33) | S566: =IF(E566=1,P566*Assumptions!$B$129,Assumptions!$B$32) | T566: =IF(F566=1,P566*Assumptions!$B$14,Assumptions!$B$31) | U566: =IF(G566=1,P566*Assumptions!$B$13,Assumptions!$B$30) | V566: =IF(H566=1,P566*Assumptions!$B$12,Assumptions!$B$29) | W566: =IF(I566=1,P566*Assumptions!$B$11,Assumptions!$B$28) | X566: =P566*(Assumptions!$B$133+Assumptions!$B$137) | Y566: =P566*Assumptions!$B$9 | Z566: =IF(M566=1,(P566-Assumptions!$B$37)*Assumptions!$B$153,0) | AA566: =Q566+R566+S566+T566+U566+V566+W566+X566+Y566+Z566 | AB566: 3 | AC566: 67 | AD566: 35 | AE566: 19 | AF566: 11 | AG566: 7 | AH566: 1 | AI566: 2 | AJ566: =INDEX($Q$563:$Q$690,AC566+1) | AK566: =INDEX($R$563:$R$690,AD566+1) | AL566: =INDEX($S$563:$S$690,AE566+1) | AM566: =INDEX($T$563:$T$690,AF566+1) | AN566: =INDEX($U$563:$U$690,AG566+1) | AO566: =INDEX($V$563:$V$690,AH566+1) | AP566: =INDEX($W$563:$W$690,AI566+1) | AQ566: =IF(Q566>=AJ566-0.01,1,0) | AR566: =IF(R566>=AK566-0.01,1,0) | AS566: =IF(S566>=AL566-0.01,1,0) | AT566: =IF(T566>=AM566-0.01,1,0) | AU566: =IF(U566>=AN566-0.01,1,0) | AV566: =IF(V566>=AO566-0.01,1,0) | AW566: =IF(W566>=AP566-0.01,1,0) | AX566: =AQ566*AR566*AS566*AT566*AU566*AV566*AW566 | AY566: =Assumptions!$B$41 | AZ566: =Assumptions!$B$33 | BA566: =Assumptions!$B$32 | BB566: =Assumptions!$B$31 | BC566: =Assumptions!$B$30 | BD566: =Assumptions!$B$29 | BE566: =Assumptions!$B$28 | BF566: =P566*Assumptions!$B$141 | BG566: =P566*Assumptions!$B$128 | BH566: =P566*Assumptions!$B$129 | BI566: =P566*Assumptions!$B$14 | BJ566: =P566*Assumptions!$B$13 | BK566: =P566*Assumptions!$B$12 | BL566: =P566*Assumptions!$B$11
A567: 8000M | B567: =Assumptions!$B$62 | C567: 0 | D567: 0 | E567: 0 | F567: 0 | G567: 1 | H567: 0 | I567: 0 | J567: =(1-C567)*Assumptions!$B$41+(1-D567)*Assumptions!$B$33+(1-E567)*Assumptions!$B$32+(1-F567)*Assumptions!$B$31+(1-G567)*Assumptions!$B$30+(1-H567)*Assumptions!$B$29+(1-I567)*Assumptions!$B$28 | K567: =C567*Assumptions!$B$141+D567*Assumptions!$B$128+E567*Assumptions!$B$129+F567*Assumptions!$B$14+G567*Assumptions!$B$13+H567*Assumptions!$B$12+I567*Assumptions!$B$11+Assumptions!$B$133+Assumptions!$B$137+Assumptions!$B$9 | L567: =B567-J567 | M567: =IF(K567>0,IF(L567/K567>=Assumptions!$B$37,1,0),0) | N567: =K567+M567*Assumptions!$B$153 | O567: =L567+M567*Assumptions!$B$153*Assumptions!$B$37 | P567: =IF(N567>0,O567/N567,0) | Q567: =IF(C567=1,P567*Assumptions!$B$141,Assumptions!$B$41) | R567: =IF(D567=1,P567*Assumptions!$B$128,Assumptions!$B$33) | S567: =IF(E567=1,P567*Assumptions!$B$129,Assumptions!$B$32) | T567: =IF(F567=1,P567*Assumptions!$B$14,Assumptions!$B$31) | U567: =IF(G567=1,P567*Assumptions!$B$13,Assumptions!$B$30) | V567: =IF(H567=1,P567*Assumptions!$B$12,Assumptions!$B$29) | W567: =IF(I567=1,P567*Assumptions!$B$11,Assumptions!$B$28) | X567: =P567*(Assumptions!$B$133+Assumptions!$B$137) | Y567: =P567*Assumptions!$B$9 | Z567: =IF(M567=1,(P567-Assumptions!$B$37)*Assumptions!$B$153,0) | AA567: =Q567+R567+S567+T567+U567+V567+W567+X567+Y567+Z567 | AB567: 4 | AC567: 68 | AD567: 36 | AE567: 20 | AF567: 12 | AG567: 0 | AH567: 6 | AI567: 5 | AJ567: =INDEX($Q$563:$Q$690,AC567+1) | AK567: =INDEX($R$563:$R$690,AD567+1) | AL567: =INDEX($S$563:$S$690,AE567+1) | AM567: =INDEX($T$563:$T$690,AF567+1) | AN567: =INDEX($U$563:$U$690,AG567+1) | AO567: =INDEX($V$563:$V$690,AH567+1) | AP567: =INDEX($W$563:$W$690,AI567+1) | AQ567: =IF(Q567>=AJ567-0.01,1,0) | AR567: =IF(R567>=AK567-0.01,1,0) | AS567: =IF(S567>=AL567-0.01,1,0) | AT567: =IF(T567>=AM567-0.01,1,0) | AU567: =IF(U567>=AN567-0.01,1,0) | AV567: =IF(V567>=AO567-0.01,1,0) | AW567: =IF(W567>=AP567-0.01,1,0) | AX567: =AQ567*AR567*AS567*AT567*AU567*AV567*AW567 | AY567: =Assumptions!$B$41 | AZ567: =Assumptions!$B$33 | BA567: =Assumptions!$B$32 | BB567: =Assumptions!$B$31 | BC567: =Assumptions!$B$30 | BD567: =Assumptions!$B$29 | BE567: =Assumptions!$B$28 | BF567: =P567*Assumptions!$B$141 | BG567: =P567*Assumptions!$B$128 | BH567: =P567*Assumptions!$B$129 | BI567: =P567*Assumptions!$B$14 | BJ567: =P567*Assumptions!$B$13 | BK567: =P567*Assumptions!$B$12 | BL567: =P567*Assumptions!$B$11
A568: 8000M | B568: =Assumptions!$B$62 | C568: 0 | D568: 0 | E568: 0 | F568: 0 | G568: 1 | H568: 0 | I568: 1 | J568: =(1-C568)*Assumptions!$B$41+(1-D568)*Assumptions!$B$33+(1-E568)*Assumptions!$B$32+(1-F568)*Assumptions!$B$31+(1-G568)*Assumptions!$B$30+(1-H568)*Assumptions!$B$29+(1-I568)*Assumptions!$B$28 | K568: =C568*Assumptions!$B$141+D568*Assumptions!$B$128+E568*Assumptions!$B$129+F568*Assumptions!$B$14+G568*Assumptions!$B$13+H568*Assumptions!$B$12+I568*Assumptions!$B$11+Assumptions!$B$133+Assumptions!$B$137+Assumptions!$B$9 | L568: =B568-J568 | M568: =IF(K568>0,IF(L568/K568>=Assumptions!$B$37,1,0),0) | N568: =K568+M568*Assumptions!$B$153 | O568: =L568+M568*Assumptions!$B$153*Assumptions!$B$37 | P568: =IF(N568>0,O568/N568,0) | Q568: =IF(C568=1,P568*Assumptions!$B$141,Assumptions!$B$41) | R568: =IF(D568=1,P568*Assumptions!$B$128,Assumptions!$B$33) | S568: =IF(E568=1,P568*Assumptions!$B$129,Assumptions!$B$32) | T568: =IF(F568=1,P568*Assumptions!$B$14,Assumptions!$B$31) | U568: =IF(G568=1,P568*Assumptions!$B$13,Assumptions!$B$30) | V568: =IF(H568=1,P568*Assumptions!$B$12,Assumptions!$B$29) | W568: =IF(I568=1,P568*Assumptions!$B$11,Assumptions!$B$28) | X568: =P568*(Assumptions!$B$133+Assumptions!$B$137) | Y568: =P568*Assumptions!$B$9 | Z568: =IF(M568=1,(P568-Assumptions!$B$37)*Assumptions!$B$153,0) | AA568: =Q568+R568+S568+T568+U568+V568+W568+X568+Y568+Z568 | AB568: 5 | AC568: 69 | AD568: 37 | AE568: 21 | AF568: 13 | AG568: 1 | AH568: 7 | AI568: 4 | AJ568: =INDEX($Q$563:$Q$690,AC568+1) | AK568: =INDEX($R$563:$R$690,AD568+1) | AL568: =INDEX($S$563:$S$690,AE568+1) | AM568: =INDEX($T$563:$T$690,AF568+1) | AN568: =INDEX($U$563:$U$690,AG568+1) | AO568: =INDEX($V$563:$V$690,AH568+1) | AP568: =INDEX($W$563:$W$690,AI568+1) | AQ568: =IF(Q568>=AJ568-0.01,1,0) | AR568: =IF(R568>=AK568-0.01,1,0) | AS568: =IF(S568>=AL568-0.01,1,0) | AT568: =IF(T568>=AM568-0.01,1,0) | AU568: =IF(U568>=AN568-0.01,1,0) | AV568: =IF(V568>=AO568-0.01,1,0) | AW568: =IF(W568>=AP568-0.01,1,0) | AX568: =AQ568*AR568*AS568*AT568*AU568*AV568*AW568 | AY568: =Assumptions!$B$41 | AZ568: =Assumptions!$B$33 | BA568: =Assumptions!$B$32 | BB568: =Assumptions!$B$31 | BC568: =Assumptions!$B$30 | BD568: =Assumptions!$B$29 | BE568: =Assumptions!$B$28 | BF568: =P568*Assumptions!$B$141 | BG568: =P568*Assumptions!$B$128 | BH568: =P568*Assumptions!$B$129 | BI568: =P568*Assumptions!$B$14 | BJ568: =P568*Assumptions!$B$13 | BK568: =P568*Assumptions!$B$12 | BL568: =P568*Assumptions!$B$11
A569: 8000M | B569: =Assumptions!$B$62 | C569: 0 | D569: 0 | E569: 0 | F569: 0 | G569: 1 | H569: 1 | I569: 0 | J569: =(1-C569)*Assumptions!$B$41+(1-D569)*Assumptions!$B$33+(1-E569)*Assumptions!$B$32+(1-F569)*Assumptions!$B$31+(1-G569)*Assumptions!$B$30+(1-H569)*Assumptions!$B$29+(1-I569)*Assumptions!$B$28 | K569: =C569*Assumptions!$B$141+D569*Assumptions!$B$128+E569*Assumptions!$B$129+F569*Assumptions!$B$14+G569*Assumptions!$B$13+H569*Assumptions!$B$12+I569*Assumptions!$B$11+Assumptions!$B$133+Assumptions!$B$137+Assumptions!$B$9 | L569: =B569-J569 | M569: =IF(K569>0,IF(L569/K569>=Assumptions!$B$37,1,0),0) | N569: =K569+M569*Assumptions!$B$153 | O569: =L569+M569*Assumptions!$B$153*Assumptions!$B$37 | P569: =IF(N569>0,O569/N569,0) | Q569: =IF(C569=1,P569*Assumptions!$B$141,Assumptions!$B$41) | R569: =IF(D569=1,P569*Assumptions!$B$128,Assumptions!$B$33) | S569: =IF(E569=1,P569*Assumptions!$B$129,Assumptions!$B$32) | T569: =IF(F569=1,P569*Assumptions!$B$14,Assumptions!$B$31) | U569: =IF(G569=1,P569*Assumptions!$B$13,Assumptions!$B$30) | V569: =IF(H569=1,P569*Assumptions!$B$12,Assumptions!$B$29) | W569: =IF(I569=1,P569*Assumptions!$B$11,Assumptions!$B$28) | X569: =P569*(Assumptions!$B$133+Assumptions!$B$137) | Y569: =P569*Assumptions!$B$9 | Z569: =IF(M569=1,(P569-Assumptions!$B$37)*Assumptions!$B$153,0) | AA569: =Q569+R569+S569+T569+U569+V569+W569+X569+Y569+Z569 | AB569: 6 | AC569: 70 | AD569: 38 | AE569: 22 | AF569: 14 | AG569: 2 | AH569: 4 | AI569: 7 | AJ569: =INDEX($Q$563:$Q$690,AC569+1) | AK569: =INDEX($R$563:$R$690,AD569+1) | AL569: =INDEX($S$563:$S$690,AE569+1) | AM569: =INDEX($T$563:$T$690,AF569+1) | AN569: =INDEX($U$563:$U$690,AG569+1) | AO569: =INDEX($V$563:$V$690,AH569+1) | AP569: =INDEX($W$563:$W$690,AI569+1) | AQ569: =IF(Q569>=AJ569-0.01,1,0) | AR569: =IF(R569>=AK569-0.01,1,0) | AS569: =IF(S569>=AL569-0.01,1,0) | AT569: =IF(T569>=AM569-0.01,1,0) | AU569: =IF(U569>=AN569-0.01,1,0) | AV569: =IF(V569>=AO569-0.01,1,0) | AW569: =IF(W569>=AP569-0.01,1,0) | AX569: =AQ569*AR569*AS569*AT569*AU569*AV569*AW569 | AY569: =Assumptions!$B$41 | AZ569: =Assumptions!$B$33 | BA569: =Assumptions!$B$32 | BB569: =Assumptions!$B$31 | BC569: =Assumptions!$B$30 | BD569: =Assumptions!$B$29 | BE569: =Assumptions!$B$28 | BF569: =P569*Assumptions!$B$141 | BG569: =P569*Assumptions!$B$128 | BH569: =P569*Assumptions!$B$129 | BI569: =P569*Assumptions!$B$14 | BJ569: =P569*Assumptions!$B$13 | BK569: =P569*Assumptions!$B$12 | BL569: =P569*Assumptions!$B$11
A570: 8000M | B570: =Assumptions!$B$62 | C570: 0 | D570: 0 | E570: 0 | F570: 0 | G570: 1 | H570: 1 | I570: 1 | J570: =(1-C570)*Assumptions!$B$41+(1-D570)*Assumptions!$B$33+(1-E570)*Assumptions!$B$32+(1-F570)*Assumptions!$B$31+(1-G570)*Assumptions!$B$30+(1-H570)*Assumptions!$B$29+(1-I570)*Assumptions!$B$28 | K570: =C570*Assumptions!$B$141+D570*Assumptions!$B$128+E570*Assumptions!$B$129+F570*Assumptions!$B$14+G570*Assumptions!$B$13+H570*Assumptions!$B$12+I570*Assumptions!$B$11+Assumptions!$B$133+Assumptions!$B$137+Assumptions!$B$9 | L570: =B570-J570 | M570: =IF(K570>0,IF(L570/K570>=Assumptions!$B$37,1,0),0) | N570: =K570+M570*Assumptions!$B$153 | O570: =L570+M570*Assumptions!$B$153*Assumptions!$B$37 | P570: =IF(N570>0,O570/N570,0) | Q570: =IF(C570=1,P570*Assumptions!$B$141,Assumptions!$B$41) | R570: =IF(D570=1,P570*Assumptions!$B$128,Assumptions!$B$33) | S570: =IF(E570=1,P570*Assumptions!$B$129,Assumptions!$B$32) | T570: =IF(F570=1,P570*Assumptions!$B$14,Assumptions!$B$31) | U570: =IF(G570=1,P570*Assumptions!$B$13,Assumptions!$B$30) | V570: =IF(H570=1,P570*Assumptions!$B$12,Assumptions!$B$29) | W570: =IF(I570=1,P570*Assumptions!$B$11,Assumptions!$B$28) | X570: =P570*(Assumptions!$B$133+Assumptions!$B$137) | Y570: =P570*Assumptions!$B$9 | Z570: =IF(M570=1,(P570-Assumptions!$B$37)*Assumptions!$B$153,0) | AA570: =Q570+R570+S570+T570+U570+V570+W570+X570+Y570+Z570 | AB570: 7 | AC570: 71 | AD570: 39 | AE570: 23 | AF570: 15 | AG570: 3 | AH570: 5 | AI570: 6 | AJ570: =INDEX($Q$563:$Q$690,AC570+1) | AK570: =INDEX($R$563:$R$690,AD570+1) | AL570: =INDEX($S$563:$S$690,AE570+1) | AM570: =INDEX($T$563:$T$690,AF570+1) | AN570: =INDEX($U$563:$U$690,AG570+1) | AO570: =INDEX($V$563:$V$690,AH570+1) | AP570: =INDEX($W$563:$W$690,AI570+1) | AQ570: =IF(Q570>=AJ570-0.01,1,0) | AR570: =IF(R570>=AK570-0.01,1,0) | AS570: =IF(S570>=AL570-0.01,1,0) | AT570: =IF(T570>=AM570-0.01,1,0) | AU570: =IF(U570>=AN570-0.01,1,0) | AV570: =IF(V570>=AO570-0.01,1,0) | AW570: =IF(W570>=AP570-0.01,1,0) | AX570: =AQ570*AR570*AS570*AT570*AU570*AV570*AW570 | AY570: =Assumptions!$B$41 | AZ570: =Assumptions!$B$33 | BA570: =Assumptions!$B$32 | BB570: =Assumptions!$B$31 | BC570: =Assumptions!$B$30 | BD570: =Assumptions!$B$29 | BE570: =Assumptions!$B$28 | BF570: =P570*Assumptions!$B$141 | BG570: =P570*Assumptions!$B$128 | BH570: =P570*Assumptions!$B$129 | BI570: =P570*Assumptions!$B$14 | BJ570: =P570*Assumptions!$B$13 | BK570: =P570*Assumptions!$B$12 | BL570: =P570*Assumptions!$B$11
A571: 8000M | B571: =Assumptions!$B$62 | C571: 0 | D571: 0 | E571: 0 | F571: 1 | G571: 0 | H571: 0 | I571: 0 | J571: =(1-C571)*Assumptions!$B$41+(1-D571)*Assumptions!$B$33+(1-E571)*Assumptions!$B$32+(1-F571)*Assumptions!$B$31+(1-G571)*Assumptions!$B$30+(1-H571)*Assumptions!$B$29+(1-I571)*Assumptions!$B$28 | K571: =C571*Assumptions!$B$141+D571*Assumptions!$B$128+E571*Assumptions!$B$129+F571*Assumptions!$B$14+G571*Assumptions!$B$13+H571*Assumptions!$B$12+I571*Assumptions!$B$11+Assumptions!$B$133+Assumptions!$B$137+Assumptions!$B$9 | L571: =B571-J571 | M571: =IF(K571>0,IF(L571/K571>=Assumptions!$B$37,1,0),0) | N571: =K571+M571*Assumptions!$B$153 | O571: =L571+M571*Assumptions!$B$153*Assumptions!$B$37 | P571: =IF(N571>0,O571/N571,0) | Q571: =IF(C571=1,P571*Assumptions!$B$141,Assumptions!$B$41) | R571: =IF(D571=1,P571*Assumptions!$B$128,Assumptions!$B$33) | S571: =IF(E571=1,P571*Assumptions!$B$129,Assumptions!$B$32) | T571: =IF(F571=1,P571*Assumptions!$B$14,Assumptions!$B$31) | U571: =IF(G571=1,P571*Assumptions!$B$13,Assumptions!$B$30) | V571: =IF(H571=1,P571*Assumptions!$B$12,Assumptions!$B$29) | W571: =IF(I571=1,P571*Assumptions!$B$11,Assumptions!$B$28) | X571: =P571*(Assumptions!$B$133+Assumptions!$B$137) | Y571: =P571*Assumptions!$B$9 | Z571: =IF(M571=1,(P571-Assumptions!$B$37)*Assumptions!$B$153,0) | AA571: =Q571+R571+S571+T571+U571+V571+W571+X571+Y571+Z571 | AB571: 8 | AC571: 72 | AD571: 40 | AE571: 24 | AF571: 0 | AG571: 12 | AH571: 10 | AI571: 9 | AJ571: =INDEX($Q$563:$Q$690,AC571+1) | AK571: =INDEX($R$563:$R$690,AD571+1) | AL571: =INDEX($S$563:$S$690,AE571+1) | AM571: =INDEX($T$563:$T$690,AF571+1) | AN571: =INDEX($U$563:$U$690,AG571+1) | AO571: =INDEX($V$563:$V$690,AH571+1) | AP571: =INDEX($W$563:$W$690,AI571+1) | AQ571: =IF(Q571>=AJ571-0.01,1,0) | AR571: =IF(R571>=AK571-0.01,1,0) | AS571: =IF(S571>=AL571-0.01,1,0) | AT571: =IF(T571>=AM571-0.01,1,0) | AU571: =IF(U571>=AN571-0.01,1,0) | AV571: =IF(V571>=AO571-0.01,1,0) | AW571: =IF(W571>=AP571-0.01,1,0) | AX571: =AQ571*AR571*AS571*AT571*AU571*AV571*AW571 | AY571: =Assumptions!$B$41 | AZ571: =Assumptions!$B$33 | BA571: =Assumptions!$B$32 | BB571: =Assumptions!$B$31 | BC571: =Assumptions!$B$30 | BD571: =Assumptions!$B$29 | BE571: =Assumptions!$B$28 | BF571: =P571*Assumptions!$B$141 | BG571: =P571*Assumptions!$B$128 | BH571: =P571*Assumptions!$B$129 | BI571: =P571*Assumptions!$B$14 | BJ571: =P571*Assumptions!$B$13 | BK571: =P571*Assumptions!$B$12 | BL571: =P571*Assumptions!$B$11
A572: 8000M | B572: =Assumptions!$B$62 | C572: 0 | D572: 0 | E572: 0 | F572: 1 | G572: 0 | H572: 0 | I572: 1 | J572: =(1-C572)*Assumptions!$B$41+(1-D572)*Assumptions!$B$33+(1-E572)*Assumptions!$B$32+(1-F572)*Assumptions!$B$31+(1-G572)*Assumptions!$B$30+(1-H572)*Assumptions!$B$29+(1-I572)*Assumptions!$B$28 | K572: =C572*Assumptions!$B$141+D572*Assumptions!$B$128+E572*Assumptions!$B$129+F572*Assumptions!$B$14+G572*Assumptions!$B$13+H572*Assumptions!$B$12+I572*Assumptions!$B$11+Assumptions!$B$133+Assumptions!$B$137+Assumptions!$B$9 | L572: =B572-J572 | M572: =IF(K572>0,IF(L572/K572>=Assumptions!$B$37,1,0),0) | N572: =K572+M572*Assumptions!$B$153 | O572: =L572+M572*Assumptions!$B$153*Assumptions!$B$37 | P572: =IF(N572>0,O572/N572,0) | Q572: =IF(C572=1,P572*Assumptions!$B$141,Assumptions!$B$41) | R572: =IF(D572=1,P572*Assumptions!$B$128,Assumptions!$B$33) | S572: =IF(E572=1,P572*Assumptions!$B$129,Assumptions!$B$32) | T572: =IF(F572=1,P572*Assumptions!$B$14,Assumptions!$B$31) | U572: =IF(G572=1,P572*Assumptions!$B$13,Assumptions!$B$30) | V572: =IF(H572=1,P572*Assumptions!$B$12,Assumptions!$B$29) | W572: =IF(I572=1,P572*Assumptions!$B$11,Assumptions!$B$28) | X572: =P572*(Assumptions!$B$133+Assumptions!$B$137) | Y572: =P572*Assumptions!$B$9 | Z572: =IF(M572=1,(P572-Assumptions!$B$37)*Assumptions!$B$153,0) | AA572: =Q572+R572+S572+T572+U572+V572+W572+X572+Y572+Z572 | AB572: 9 | AC572: 73 | AD572: 41 | AE572: 25 | AF572: 1 | AG572: 13 | AH572: 11 | AI572: 8 | AJ572: =INDEX($Q$563:$Q$690,AC572+1) | AK572: =INDEX($R$563:$R$690,AD572+1) | AL572: =INDEX($S$563:$S$690,AE572+1) | AM572: =INDEX($T$563:$T$690,AF572+1) | AN572: =INDEX($U$563:$U$690,AG572+1) | AO572: =INDEX($V$563:$V$690,AH572+1) | AP572: =INDEX($W$563:$W$690,AI572+1) | AQ572: =IF(Q572>=AJ572-0.01,1,0) | AR572: =IF(R572>=AK572-0.01,1,0) | AS572: =IF(S572>=AL572-0.01,1,0) | AT572: =IF(T572>=AM572-0.01,1,0) | AU572: =IF(U572>=AN572-0.01,1,0) | AV572: =IF(V572>=AO572-0.01,1,0) | AW572: =IF(W572>=AP572-0.01,1,0) | AX572: =AQ572*AR572*AS572*AT572*AU572*AV572*AW572 | AY572: =Assumptions!$B$41 | AZ572: =Assumptions!$B$33 | BA572: =Assumptions!$B$32 | BB572: =Assumptions!$B$31 | BC572: =Assumptions!$B$30 | BD572: =Assumptions!$B$29 | BE572: =Assumptions!$B$28 | BF572: =P572*Assumptions!$B$141 | BG572: =P572*Assumptions!$B$128 | BH572: =P572*Assumptions!$B$129 | BI572: =P572*Assumptions!$B$14 | BJ572: =P572*Assumptions!$B$13 | BK572: =P572*Assumptions!$B$12 | BL572: =P572*Assumptions!$B$11
A573: 8000M | B573: =Assumptions!$B$62 | C573: 0 | D573: 0 | E573: 0 | F573: 1 | G573: 0 | H573: 1 | I573: 0 | J573: =(1-C573)*Assumptions!$B$41+(1-D573)*Assumptions!$B$33+(1-E573)*Assumptions!$B$32+(1-F573)*Assumptions!$B$31+(1-G573)*Assumptions!$B$30+(1-H573)*Assumptions!$B$29+(1-I573)*Assumptions!$B$28 | K573: =C573*Assumptions!$B$141+D573*Assumptions!$B$128+E573*Assumptions!$B$129+F573*Assumptions!$B$14+G573*Assumptions!$B$13+H573*Assumptions!$B$12+I573*Assumptions!$B$11+Assumptions!$B$133+Assumptions!$B$137+Assumptions!$B$9 | L573: =B573-J573 | M573: =IF(K573>0,IF(L573/K573>=Assumptions!$B$37,1,0),0) | N573: =K573+M573*Assumptions!$B$153 | O573: =L573+M573*Assumptions!$B$153*Assumptions!$B$37 | P573: =IF(N573>0,O573/N573,0) | Q573: =IF(C573=1,P573*Assumptions!$B$141,Assumptions!$B$41) | R573: =IF(D573=1,P573*Assumptions!$B$128,Assumptions!$B$33) | S573: =IF(E573=1,P573*Assumptions!$B$129,Assumptions!$B$32) | T573: =IF(F573=1,P573*Assumptions!$B$14,Assumptions!$B$31) | U573: =IF(G573=1,P573*Assumptions!$B$13,Assumptions!$B$30) | V573: =IF(H573=1,P573*Assumptions!$B$12,Assumptions!$B$29) | W573: =IF(I573=1,P573*Assumptions!$B$11,Assumptions!$B$28) | X573: =P573*(Assumptions!$B$133+Assumptions!$B$137) | Y573: =P573*Assumptions!$B$9 | Z573: =IF(M573=1,(P573-Assumptions!$B$37)*Assumptions!$B$153,0) | AA573: =Q573+R573+S573+T573+U573+V573+W573+X573+Y573+Z573 | AB573: 10 | AC573: 74 | AD573: 42 | AE573: 26 | AF573: 2 | AG573: 14 | AH573: 8 | AI573: 11 | AJ573: =INDEX($Q$563:$Q$690,AC573+1) | AK573: =INDEX($R$563:$R$690,AD573+1) | AL573: =INDEX($S$563:$S$690,AE573+1) | AM573: =INDEX($T$563:$T$690,AF573+1) | AN573: =INDEX($U$563:$U$690,AG573+1) | AO573: =INDEX($V$563:$V$690,AH573+1) | AP573: =INDEX($W$563:$W$690,AI573+1) | AQ573: =IF(Q573>=AJ573-0.01,1,0) | AR573: =IF(R573>=AK573-0.01,1,0) | AS573: =IF(S573>=AL573-0.01,1,0) | AT573: =IF(T573>=AM573-0.01,1,0) | AU573: =IF(U573>=AN573-0.01,1,0) | AV573: =IF(V573>=AO573-0.01,1,0) | AW573: =IF(W573>=AP573-0.01,1,0) | AX573: =AQ573*AR573*AS573*AT573*AU573*AV573*AW573 | AY573: =Assumptions!$B$41 | AZ573: =Assumptions!$B$33 | BA573: =Assumptions!$B$32 | BB573: =Assumptions!$B$31 | BC573: =Assumptions!$B$30 | BD573: =Assumptions!$B$29 | BE573: =Assumptions!$B$28 | BF573: =P573*Assumptions!$B$141 | BG573: =P573*Assumptions!$B$128 | BH573: =P573*Assumptions!$B$129 | BI573: =P573*Assumptions!$B$14 | BJ573: =P573*Assumptions!$B$13 | BK573: =P573*Assumptions!$B$12 | BL573: =P573*Assumptions!$B$11
A574: 8000M | B574: =Assumptions!$B$62 | C574: 0 | D574: 0 | E574: 0 | F574: 1 | G574: 0 | H574: 1 | I574: 1 | J574: =(1-C574)*Assumptions!$B$41+(1-D574)*Assumptions!$B$33+(1-E574)*Assumptions!$B$32+(1-F574)*Assumptions!$B$31+(1-G574)*Assumptions!$B$30+(1-H574)*Assumptions!$B$29+(1-I574)*Assumptions!$B$28 | K574: =C574*Assumptions!$B$141+D574*Assumptions!$B$128+E574*Assumptions!$B$129+F574*Assumptions!$B$14+G574*Assumptions!$B$13+H574*Assumptions!$B$12+I574*Assumptions!$B$11+Assumptions!$B$133+Assumptions!$B$137+Assumptions!$B$9 | L574: =B574-J574 | M574: =IF(K574>0,IF(L574/K574>=Assumptions!$B$37,1,0),0) | N574: =K574+M574*Assumptions!$B$153 | O574: =L574+M574*Assumptions!$B$153*Assumptions!$B$37 | P574: =IF(N574>0,O574/N574,0) | Q574: =IF(C574=1,P574*Assumptions!$B$141,Assumptions!$B$41) | R574: =IF(D574=1,P574*Assumptions!$B$128,Assumptions!$B$33) | S574: =IF(E574=1,P574*Assumptions!$B$129,Assumptions!$B$32) | T574: =IF(F574=1,P574*Assumptions!$B$14,Assumptions!$B$31) | U574: =IF(G574=1,P574*Assumptions!$B$13,Assumptions!$B$30) | V574: =IF(H574=1,P574*Assumptions!$B$12,Assumptions!$B$29) | W574: =IF(I574=1,P574*Assumptions!$B$11,Assumptions!$B$28) | X574: =P574*(Assumptions!$B$133+Assumptions!$B$137) | Y574: =P574*Assumptions!$B$9 | Z574: =IF(M574=1,(P574-Assumptions!$B$37)*Assumptions!$B$153,0) | AA574: =Q574+R574+S574+T574+U574+V574+W574+X574+Y574+Z574 | AB574: 11 | AC574: 75 | AD574: 43 | AE574: 27 | AF574: 3 | AG574: 15 | AH574: 9 | AI574: 10 | AJ574: =INDEX($Q$563:$Q$690,AC574+1) | AK574: =INDEX($R$563:$R$690,AD574+1) | AL574: =INDEX($S$563:$S$690,AE574+1) | AM574: =INDEX($T$563:$T$690,AF574+1) | AN574: =INDEX($U$563:$U$690,AG574+1) | AO574: =INDEX($V$563:$V$690,AH574+1) | AP574: =INDEX($W$563:$W$690,AI574+1) | AQ574: =IF(Q574>=AJ574-0.01,1,0) | AR574: =IF(R574>=AK574-0.01,1,0) | AS574: =IF(S574>=AL574-0.01,1,0) | AT574: =IF(T574>=AM574-0.01,1,0) | AU574: =IF(U574>=AN574-0.01,1,0) | AV574: =IF(V574>=AO574-0.01,1,0) | AW574: =IF(W574>=AP574-0.01,1,0) | AX574: =AQ574*AR574*AS574*AT574*AU574*AV574*AW574 | AY574: =Assumptions!$B$41 | AZ574: =Assumptions!$B$33 | BA574: =Assumptions!$B$32 | BB574: =Assumptions!$B$31 | BC574: =Assumptions!$B$30 | BD574: =Assumptions!$B$29 | BE574: =Assumptions!$B$28 | BF574: =P574*Assumptions!$B$141 | BG574: =P574*Assumptions!$B$128 | BH574: =P574*Assumptions!$B$129 | BI574: =P574*Assumptions!$B$14 | BJ574: =P574*Assumptions!$B$13 | BK574: =P574*Assumptions!$B$12 | BL574: =P574*Assumptions!$B$11
... A690: 8000M | B690: =Assumptions!$B$62 | C690: 1 | D690: 1 | E690: 1 | F690: 1 | G690: 1 | H690: 1 | I690: 1 | J690: =(1-C690)*Assumptions!$B$41+(1-D690)*Assumptions!$B$33+(1-E690)*Assumptions!$B$32+(1-F690)*Assumptions!$B$31+(1-G690)*Assumptions!$B$30+(1-H690)*Assumptions!$B$29+(1-I690)*Assumptions!$B$28 | K690: =C690*Assumptions!$B$141+D690*Assumptions!$B$128+E690*Assumptions!$B$129+F690*Assumptions!$B$14+G690*Assumptions!$B$13+H690*Assumptions!$B$12+I690*Assumptions!$B$11+Assumptions!$B$133+Assumptions!$B$137+Assumptions!$B$9 | L690: =B690-J690 | M690: =IF(K690>0,IF(L690/K690>=Assumptions!$B$37,1,0),0) | N690: =K690+M690*Assumptions!$B$153 | O690: =L690+M690*Assumptions!$B$153*Assumptions!$B$37 | P690: =IF(N690>0,O690/N690,0) | Q690: =IF(C690=1,P690*Assumptions!$B$141,Assumptions!$B$41) | R690: =IF(D690=1,P690*Assumptions!$B$128,Assumptions!$B$33) | S690: =IF(E690=1,P690*Assumptions!$B$129,Assumptions!$B$32) | T690: =IF(F690=1,P690*Assumptions!$B$14,Assumptions!$B$31) | U690: =IF(G690=1,P690*Assumptions!$B$13,Assumptions!$B$30) | V690: =IF(H690=1,P690*Assumptions!$B$12,Assumptions!$B$29) | W690: =IF(I690=1,P690*Assumptions!$B$11,Assumptions!$B$28) | X690: =P690*(Assumptions!$B$133+Assumptions!$B$137) | Y690: =P690*Assumptions!$B$9 | Z690: =IF(M690=1,(P690-Assumptions!$B$37)*Assumptions!$B$153,0) | AA690: =Q690+R690+S690+T690+U690+V690+W690+X690+Y690+Z690 | AB690: 127 | AC690: 63 | AD690: 95 | AE690: 111 | AF690: 119 | AG690: 123 | AH690: 125 | AI690: 126 | AJ690: =INDEX($Q$563:$Q$690,AC690+1) | AK690: =INDEX($R$563:$R$690,AD690+1) | AL690: =INDEX($S$563:$S$690,AE690+1) | AM690: =INDEX($T$563:$T$690,AF690+1) | AN690: =INDEX($U$563:$U$690,AG690+1) | AO690: =INDEX($V$563:$V$690,AH690+1) | AP690: =INDEX($W$563:$W$690,AI690+1) | AQ690: =IF(Q690>=AJ690-0.01,1,0) | AR690: =IF(R690>=AK690-0.01,1,0) | AS690: =IF(S690>=AL690-0.01,1,0) | AT690: =IF(T690>=AM690-0.01,1,0) | AU690: =IF(U690>=AN690-0.01,1,0) | AV690: =IF(V690>=AO690-0.01,1,0) | AW690: =IF(W690>=AP690-0.01,1,0) | AX690: =AQ690*AR690*AS690*AT690*AU690*AV690*AW690 | AY690: =Assumptions!$B$41 | AZ690: =Assumptions!$B$33 | BA690: =Assumptions!$B$32 | BB690: =Assumptions!$B$31 | BC690: =Assumptions!$B$30 | BD690: =Assumptions!$B$29 | BE690: =Assumptions!$B$28 | BF690: =P690*Assumptions!$B$141 | BG690: =P690*Assumptions!$B$128 | BH690: =P690*Assumptions!$B$129 | BI690: =P690*Assumptions!$B$14 | BJ690: =P690*Assumptions!$B$13 | BK690: =P690*Assumptions!$B$12 | BL690: =P690*Assumptions!$B$11

Sheet Sensitivity
A1: Sensitivity (3x3 grid: ESOP refresh x pre-money F)
A3: label | B3: esop | C3: pre_M | D3: our_pct | E3: dollars_at_2000M_exit
A4: esop_11_pre_1200M | B4: 0.11 | C4: 1200 | D4: =(Assumptions!$B$47/H157)/I157 | E4: =INDEX($Q$5000:$Q$5127,MATCH(1,$AX$5000:$AX$5127,0))*Assumptions!$B$47/Assumptions!$B$41
A5: esop_11_pre_1400M | B5: 0.11 | C5: 1400 | D5: =(Assumptions!$B$47/H232)/I232 | E5: =INDEX($Q$5128:$Q$5255,MATCH(1,$AX$5128:$AX$5255,0))*Assumptions!$B$47/Assumptions!$B$41
A6: esop_11_pre_1800M | B6: 0.11 | C6: 1800 | D6: =(Assumptions!$B$47/H307)/I307 | E6: =INDEX($Q$5256:$Q$5383,MATCH(1,$AX$5256:$AX$5383,0))*Assumptions!$B$47/Assumptions!$B$41
A7: esop_13_pre_1200M | B7: 0.13 | C7: 1200 | D7: =(Assumptions!$B$47/H382)/I382 | E7: =INDEX($Q$5384:$Q$5511,MATCH(1,$AX$5384:$AX$5511,0))*Assumptions!$B$47/Assumptions!$B$41
A8: esop_13_pre_1400M | B8: 0.13 | C8: 1400 | D8: =(Assumptions!$B$47/H457)/I457 | E8: =INDEX($Q$5512:$Q$5639,MATCH(1,$AX$5512:$AX$5639,0))*Assumptions!$B$47/Assumptions!$B$41
A9: esop_13_pre_1800M | B9: 0.13 | C9: 1800 | D9: =(Assumptions!$B$47/H532)/I532 | E9: =INDEX($Q$5640:$Q$5767,MATCH(1,$AX$5640:$AX$5767,0))*Assumptions!$B$47/Assumptions!$B$41
A10: esop_15_pre_1200M | B10: 0.15 | C10: 1200 | D10: =(Assumptions!$B$47/H607)/I607 | E10: =INDEX($Q$5768:$Q$5895,MATCH(1,$AX$5768:$AX$5895,0))*Assumptions!$B$47/Assumptions!$B$41
A11: esop_15_pre_1400M | B11: 0.15 | C11: 1400 | D11: =(Assumptions!$B$47/H682)/I682 | E11: =INDEX($Q$5896:$Q$6023,MATCH(1,$AX$5896:$AX$6023,0))*Assumptions!$B$47/Assumptions!$B$41
A12: esop_15_pre_1800M | B12: 0.15 | C12: 1800 | D12: =(Assumptions!$B$47/H757)/I757 | E12: =INDEX($Q$6024:$Q$6151,MATCH(1,$AX$6024:$AX$6151,0))*Assumptions!$B$47/Assumptions!$B$41
A100: Cell esop_11_pre_1200M
A101: esop | B101: 0.11
A102: pre_M ($M) | B102: 1200
A103: pre_money $ | B103: =B102*1000000
A104: post_money $ | B104: =B103+Assumptions!$B$41
A105: primary raise $ | B105: =Assumptions!$B$41
A107: iter | B107: r_E_p | C107: r_D_p | D107: N_A_p | E107: N_B_p | F107: E_adj | G107: D_adj | H107: F_PPS | I107: T_F | J107: new_F | K107: pre_FD | L107: capA | M107: discA | N107: cpA | O107: NA | P107: capB | Q107: discB | R107: cpB | S107: NB | T107: NCP_E | U107: r_E_n | V107: NCP_D | W107: r_D_n
A108: 0 | B108: 1 | C108: 1 | D108: 0 | E108: 0 | F108: =Assumptions!$B$16*B108 | G108: =Assumptions!$B$15*C108 | H108: =IF($B$101*($B$104/(($B$104*(1-$B$101)-$B$105)/((Assumptions!$B$9+Assumptions!$B$11+Assumptions!$B$12+Assumptions!$B$13+Assumptions!$B$14)+G108+F108+D108+E108)))<Assumptions!$B$65,($B$104-$B$105)/(((Assumptions!$B$9+Assumptions!$B$11+Assumptions!$B$12+Assumptions!$B$13+Assumptions!$B$14)+G108+F108+D108+E108)+Assumptions!$B$65),($B$104*(1-$B$101)-$B$105)/((Assumptions!$B$9+Assumptions!$B$11+Assumptions!$B$12+Assumptions!$B$13+Assumptions!$B$14)+G108+F108+D108+E108)) | I108: =$B$104/H108 | J108: =$B$105/H108 | K108: =I108-J108 | L108: =Assumptions!$B$51/K108 | M108: =H108*(1-Assumptions!$B$52) | N108: =MIN(L108,M108) | O108: =Assumptions!$B$50/N108 | P108: =Assumptions!$B$54/K108 | Q108: =H108*(1-Assumptions!$B$55) | R108: =MIN(P108,Q108) | S108: =Assumptions!$B$53/R108 | T108: =Assumptions!$B$27*(Assumptions!$B$64+$B$105/Assumptions!$B$27)/(Assumptions!$B$64+J108) | U108: =IF(H108<Assumptions!$B$27,Assumptions!$B$27/T108,1) | V108: =Assumptions!$B$26*(Assumptions!$B$64+$B$105/Assumptions!$B$26)/(Assumptions!$B$64+J108) | W108: =IF(H108<Assumptions!$B$26,Assumptions!$B$26/V108,1)
A109: 1 | B109: =U108 | C109: =W108 | D109: =O108 | E109: =S108 | F109: =Assumptions!$B$16*B109 | G109: =Assumptions!$B$15*C109 | H109: =IF($B$101*($B$104/(($B$104*(1-$B$101)-$B$105)/((Assumptions!$B$9+Assumptions!$B$11+Assumptions!$B$12+Assumptions!$B$13+Assumptions!$B$14)+G109+F109+D109+E109)))<Assumptions!$B$65,($B$104-$B$105)/(((Assumptions!$B$9+Assumptions!$B$11+Assumptions!$B$12+Assumptions!$B$13+Assumptions!$B$14)+G109+F109+D109+E109)+Assumptions!$B$65),($B$104*(1-$B$101)-$B$105)/((Assumptions!$B$9+Assumptions!$B$11+Assumptions!$B$12+Assumptions!$B$13+Assumptions!$B$14)+G109+F109+D109+E109)) | I109: =$B$104/H109 | J109: =$B$105/H109 | K109: =I109-J109 | L109: =Assumptions!$B$51/K109 | M109: =H109*(1-Assumptions!$B$52) | N109: =MIN(L109,M109) | O109: =Assumptions!$B$50/N109 | P109: =Assumptions!$B$54/K109 | Q109: =H109*(1-Assumptions!$B$55) | R109: =MIN(P109,Q109) | S109: =Assumptions!$B$53/R109 | T109: =Assumptions!$B$27*(Assumptions!$B$64+$B$105/Assumptions!$B$27)/(Assumptions!$B$64+J109) | U109: =IF(H109<Assumptions!$B$27,Assumptions!$B$27/T109,1) | V109: =Assumptions!$B$26*(Assumptions!$B$64+$B$105/Assumptions!$B$26)/(Assumptions!$B$64+J109) | W109: =IF(H109<Assumptions!$B$26,Assumptions!$B$26/V109,1)
A110: 2 | B110: =U109 | C110: =W109 | D110: =O109 | E110: =S109 | F110: =Assumptions!$B$16*B110 | G110: =Assumptions!$B$15*C110 | H110: =IF($B$101*($B$104/(($B$104*(1-$B$101)-$B$105)/((Assumptions!$B$9+Assumptions!$B$11+Assumptions!$B$12+Assumptions!$B$13+Assumptions!$B$14)+G110+F110+D110+E110)))<Assumptions!$B$65,($B$104-$B$105)/(((Assumptions!$B$9+Assumptions!$B$11+Assumptions!$B$12+Assumptions!$B$13+Assumptions!$B$14)+G110+F110+D110+E110)+Assumptions!$B$65),($B$104*(1-$B$101)-$B$105)/((Assumptions!$B$9+Assumptions!$B$11+Assumptions!$B$12+Assumptions!$B$13+Assumptions!$B$14)+G110+F110+D110+E110)) | I110: =$B$104/H110 | J110: =$B$105/H110 | K110: =I110-J110 | L110: =Assumptions!$B$51/K110 | M110: =H110*(1-Assumptions!$B$52) | N110: =MIN(L110,M110) | O110: =Assumptions!$B$50/N110 | P110: =Assumptions!$B$54/K110 | Q110: =H110*(1-Assumptions!$B$55) | R110: =MIN(P110,Q110) | S110: =Assumptions!$B$53/R110 | T110: =Assumptions!$B$27*(Assumptions!$B$64+$B$105/Assumptions!$B$27)/(Assumptions!$B$64+J110) | U110: =IF(H110<Assumptions!$B$27,Assumptions!$B$27/T110,1) | V110: =Assumptions!$B$26*(Assumptions!$B$64+$B$105/Assumptions!$B$26)/(Assumptions!$B$64+J110) | W110: =IF(H110<Assumptions!$B$26,Assumptions!$B$26/V110,1)
A111: 3 | B111: =U110 | C111: =W110 | D111: =O110 | E111: =S110 | F111: =Assumptions!$B$16*B111 | G111: =Assumptions!$B$15*C111 | H111: =IF($B$101*($B$104/(($B$104*(1-$B$101)-$B$105)/((Assumptions!$B$9+Assumptions!$B$11+Assumptions!$B$12+Assumptions!$B$13+Assumptions!$B$14)+G111+F111+D111+E111)))<Assumptions!$B$65,($B$104-$B$105)/(((Assumptions!$B$9+Assumptions!$B$11+Assumptions!$B$12+Assumptions!$B$13+Assumptions!$B$14)+G111+F111+D111+E111)+Assumptions!$B$65),($B$104*(1-$B$101)-$B$105)/((Assumptions!$B$9+Assumptions!$B$11+Assumptions!$B$12+Assumptions!$B$13+Assumptions!$B$14)+G111+F111+D111+E111)) | I111: =$B$104/H111 | J111: =$B$105/H111 | K111: =I111-J111 | L111: =Assumptions!$B$51/K111 | M111: =H111*(1-Assumptions!$B$52) | N111: =MIN(L111,M111) | O111: =Assumptions!$B$50/N111 | P111: =Assumptions!$B$54/K111 | Q111: =H111*(1-Assumptions!$B$55) | R111: =MIN(P111,Q111) | S111: =Assumptions!$B$53/R111 | T111: =Assumptions!$B$27*(Assumptions!$B$64+$B$105/Assumptions!$B$27)/(Assumptions!$B$64+J111) | U111: =IF(H111<Assumptions!$B$27,Assumptions!$B$27/T111,1) | V111: =Assumptions!$B$26*(Assumptions!$B$64+$B$105/Assumptions!$B$26)/(Assumptions!$B$64+J111) | W111: =IF(H111<Assumptions!$B$26,Assumptions!$B$26/V111,1)
A112: 4 | B112: =U111 | C112: =W111 | D112: =O111 | E112: =S111 | F112: =Assumptions!$B$16*B112 | G112: =Assumptions!$B$15*C112 | H112: =IF($B$101*($B$104/(($B$104*(1-$B$101)-$B$105)/((Assumptions!$B$9+Assumptions!$B$11+Assumptions!$B$12+Assumptions!$B$13+Assumptions!$B$14)+G112+F112+D112+E112)))<Assumptions!$B$65,($B$104-$B$105)/(((Assumptions!$B$9+Assumptions!$B$11+Assumptions!$B$12+Assumptions!$B$13+Assumptions!$B$14)+G112+F112+D112+E112)+Assumptions!$B$65),($B$104*(1-$B$101)-$B$105)/((Assumptions!$B$9+Assumptions!$B$11+Assumptions!$B$12+Assumptions!$B$13+Assumptions!$B$14)+G112+F112+D112+E112)) | I112: =$B$104/H112 | J112: =$B$105/H112 | K112: =I112-J112 | L112: =Assumptions!$B$51/K112 | M112: =H112*(1-Assumptions!$B$52) | N112: =MIN(L112,M112) | O112: =Assumptions!$B$50/N112 | P112: =Assumptions!$B$54/K112 | Q112: =H112*(1-Assumptions!$B$55) | R112: =MIN(P112,Q112) | S112: =Assumptions!$B$53/R112 | T112: =Assumptions!$B$27*(Assumptions!$B$64+$B$105/Assumptions!$B$27)/(Assumptions!$B$64+J112) | U112: =IF(H112<Assumptions!$B$27,Assumptions!$B$27/T112,1) | V112: =Assumptions!$B$26*(Assumptions!$B$64+$B$105/Assumptions!$B$26)/(Assumptions!$B$64+J112) | W112: =IF(H112<Assumptions!$B$26,Assumptions!$B$26/V112,1)
A113: 5 | B113: =U112 | C113: =W112 | D113: =O112 | E113: =S112 | F113: =Assumptions!$B$16*B113 | G113: =Assumptions!$B$15*C113 | H113: =IF($B$101*($B$104/(($B$104*(1-$B$101)-$B$105)/((Assumptions!$B$9+Assumptions!$B$11+Assumptions!$B$12+Assumptions!$B$13+Assumptions!$B$14)+G113+F113+D113+E113)))<Assumptions!$B$65,($B$104-$B$105)/(((Assumptions!$B$9+Assumptions!$B$11+Assumptions!$B$12+Assumptions!$B$13+Assumptions!$B$14)+G113+F113+D113+E113)+Assumptions!$B$65),($B$104*(1-$B$101)-$B$105)/((Assumptions!$B$9+Assumptions!$B$11+Assumptions!$B$12+Assumptions!$B$13+Assumptions!$B$14)+G113+F113+D113+E113)) | I113: =$B$104/H113 | J113: =$B$105/H113 | K113: =I113-J113 | L113: =Assumptions!$B$51/K113 | M113: =H113*(1-Assumptions!$B$52) | N113: =MIN(L113,M113) | O113: =Assumptions!$B$50/N113 | P113: =Assumptions!$B$54/K113 | Q113: =H113*(1-Assumptions!$B$55) | R113: =MIN(P113,Q113) | S113: =Assumptions!$B$53/R113 | T113: =Assumptions!$B$27*(Assumptions!$B$64+$B$105/Assumptions!$B$27)/(Assumptions!$B$64+J113) | U113: =IF(H113<Assumptions!$B$27,Assumptions!$B$27/T113,1) | V113: =Assumptions!$B$26*(Assumptions!$B$64+$B$105/Assumptions!$B$26)/(Assumptions!$B$64+J113) | W113: =IF(H113<Assumptions!$B$26,Assumptions!$B$26/V113,1)
A114: 6 | B114: =U113 | C114: =W113 | D114: =O113 | E114: =S113 | F114: =Assumptions!$B$16*B114 | G114: =Assumptions!$B$15*C114 | H114: =IF($B$101*($B$104/(($B$104*(1-$B$101)-$B$105)/((Assumptions!$B$9+Assumptions!$B$11+Assumptions!$B$12+Assumptions!$B$13+Assumptions!$B$14)+G114+F114+D114+E114)))<Assumptions!$B$65,($B$104-$B$105)/(((Assumptions!$B$9+Assumptions!$B$11+Assumptions!$B$12+Assumptions!$B$13+Assumptions!$B$14)+G114+F114+D114+E114)+Assumptions!$B$65),($B$104*(1-$B$101)-$B$105)/((Assumptions!$B$9+Assumptions!$B$11+Assumptions!$B$12+Assumptions!$B$13+Assumptions!$B$14)+G114+F114+D114+E114)) | I114: =$B$104/H114 | J114: =$B$105/H114 | K114: =I114-J114 | L114: =Assumptions!$B$51/K114 | M114: =H114*(1-Assumptions!$B$52) | N114: =MIN(L114,M114) | O114: =Assumptions!$B$50/N114 | P114: =Assumptions!$B$54/K114 | Q114: =H114*(1-Assumptions!$B$55) | R114: =MIN(P114,Q114) | S114: =Assumptions!$B$53/R114 | T114: =Assumptions!$B$27*(Assumptions!$B$64+$B$105/Assumptions!$B$27)/(Assumptions!$B$64+J114) | U114: =IF(H114<Assumptions!$B$27,Assumptions!$B$27/T114,1) | V114: =Assumptions!$B$26*(Assumptions!$B$64+$B$105/Assumptions!$B$26)/(Assumptions!$B$64+J114) | W114: =IF(H114<Assumptions!$B$26,Assumptions!$B$26/V114,1)
A115: 7 | B115: =U114 | C115: =W114 | D115: =O114 | E115: =S114 | F115: =Assumptions!$B$16*B115 | G115: =Assumptions!$B$15*C115 | H115: =IF($B$101*($B$104/(($B$104*(1-$B$101)-$B$105)/((Assumptions!$B$9+Assumptions!$B$11+Assumptions!$B$12+Assumptions!$B$13+Assumptions!$B$14)+G115+F115+D115+E115)))<Assumptions!$B$65,($B$104-$B$105)/(((Assumptions!$B$9+Assumptions!$B$11+Assumptions!$B$12+Assumptions!$B$13+Assumptions!$B$14)+G115+F115+D115+E115)+Assumptions!$B$65),($B$104*(1-$B$101)-$B$105)/((Assumptions!$B$9+Assumptions!$B$11+Assumptions!$B$12+Assumptions!$B$13+Assumptions!$B$14)+G115+F115+D115+E115)) | I115: =$B$104/H115 | J115: =$B$105/H115 | K115: =I115-J115 | L115: =Assumptions!$B$51/K115 | M115: =H115*(1-Assumptions!$B$52) | N115: =MIN(L115,M115) | O115: =Assumptions!$B$50/N115 | P115: =Assumptions!$B$54/K115 | Q115: =H115*(1-Assumptions!$B$55) | R115: =MIN(P115,Q115) | S115: =Assumptions!$B$53/R115 | T115: =Assumptions!$B$27*(Assumptions!$B$64+$B$105/Assumptions!$B$27)/(Assumptions!$B$64+J115) | U115: =IF(H115<Assumptions!$B$27,Assumptions!$B$27/T115,1) | V115: =Assumptions!$B$26*(Assumptions!$B$64+$B$105/Assumptions!$B$26)/(Assumptions!$B$64+J115) | W115: =IF(H115<Assumptions!$B$26,Assumptions!$B$26/V115,1)
A116: 8 | B116: =U115 | C116: =W115 | D116: =O115 | E116: =S115 | F116: =Assumptions!$B$16*B116 | G116: =Assumptions!$B$15*C116 | H116: =IF($B$101*($B$104/(($B$104*(1-$B$101)-$B$105)/((Assumptions!$B$9+Assumptions!$B$11+Assumptions!$B$12+Assumptions!$B$13+Assumptions!$B$14)+G116+F116+D116+E116)))<Assumptions!$B$65,($B$104-$B$105)/(((Assumptions!$B$9+Assumptions!$B$11+Assumptions!$B$12+Assumptions!$B$13+Assumptions!$B$14)+G116+F116+D116+E116)+Assumptions!$B$65),($B$104*(1-$B$101)-$B$105)/((Assumptions!$B$9+Assumptions!$B$11+Assumptions!$B$12+Assumptions!$B$13+Assumptions!$B$14)+G116+F116+D116+E116)) | I116: =$B$104/H116 | J116: =$B$105/H116 | K116: =I116-J116 | L116: =Assumptions!$B$51/K116 | M116: =H116*(1-Assumptions!$B$52) | N116: =MIN(L116,M116) | O116: =Assumptions!$B$50/N116 | P116: =Assumptions!$B$54/K116 | Q116: =H116*(1-Assumptions!$B$55) | R116: =MIN(P116,Q116) | S116: =Assumptions!$B$53/R116 | T116: =Assumptions!$B$27*(Assumptions!$B$64+$B$105/Assumptions!$B$27)/(Assumptions!$B$64+J116) | U116: =IF(H116<Assumptions!$B$27,Assumptions!$B$27/T116,1) | V116: =Assumptions!$B$26*(Assumptions!$B$64+$B$105/Assumptions!$B$26)/(Assumptions!$B$64+J116) | W116: =IF(H116<Assumptions!$B$26,Assumptions!$B$26/V116,1)
A117: 9 | B117: =U116 | C117: =W116 | D117: =O116 | E117: =S116 | F117: =Assumptions!$B$16*B117 | G117: =Assumptions!$B$15*C117 | H117: =IF($B$101*($B$104/(($B$104*(1-$B$101)-$B$105)/((Assumptions!$B$9+Assumptions!$B$11+Assumptions!$B$12+Assumptions!$B$13+Assumptions!$B$14)+G117+F117+D117+E117)))<Assumptions!$B$65,($B$104-$B$105)/(((Assumptions!$B$9+Assumptions!$B$11+Assumptions!$B$12+Assumptions!$B$13+Assumptions!$B$14)+G117+F117+D117+E117)+Assumptions!$B$65),($B$104*(1-$B$101)-$B$105)/((Assumptions!$B$9+Assumptions!$B$11+Assumptions!$B$12+Assumptions!$B$13+Assumptions!$B$14)+G117+F117+D117+E117)) | I117: =$B$104/H117 | J117: =$B$105/H117 | K117: =I117-J117 | L117: =Assumptions!$B$51/K117 | M117: =H117*(1-Assumptions!$B$52) | N117: =MIN(L117,M117) | O117: =Assumptions!$B$50/N117 | P117: =Assumptions!$B$54/K117 | Q117: =H117*(1-Assumptions!$B$55) | R117: =MIN(P117,Q117) | S117: =Assumptions!$B$53/R117 | T117: =Assumptions!$B$27*(Assumptions!$B$64+$B$105/Assumptions!$B$27)/(Assumptions!$B$64+J117) | U117: =IF(H117<Assumptions!$B$27,Assumptions!$B$27/T117,1) | V117: =Assumptions!$B$26*(Assumptions!$B$64+$B$105/Assumptions!$B$26)/(Assumptions!$B$64+J117) | W117: =IF(H117<Assumptions!$B$26,Assumptions!$B$26/V117,1)
A118: 10 | B118: =U117 | C118: =W117 | D118: =O117 | E118: =S117 | F118: =Assumptions!$B$16*B118 | G118: =Assumptions!$B$15*C118 | H118: =IF($B$101*($B$104/(($B$104*(1-$B$101)-$B$105)/((Assumptions!$B$9+Assumptions!$B$11+Assumptions!$B$12+Assumptions!$B$13+Assumptions!$B$14)+G118+F118+D118+E118)))<Assumptions!$B$65,($B$104-$B$105)/(((Assumptions!$B$9+Assumptions!$B$11+Assumptions!$B$12+Assumptions!$B$13+Assumptions!$B$14)+G118+F118+D118+E118)+Assumptions!$B$65),($B$104*(1-$B$101)-$B$105)/((Assumptions!$B$9+Assumptions!$B$11+Assumptions!$B$12+Assumptions!$B$13+Assumptions!$B$14)+G118+F118+D118+E118)) | I118: =$B$104/H118 | J118: =$B$105/H118 | K118: =I118-J118 | L118: =Assumptions!$B$51/K118 | M118: =H118*(1-Assumptions!$B$52) | N118: =MIN(L118,M118) | O118: =Assumptions!$B$50/N118 | P118: =Assumptions!$B$54/K118 | Q118: =H118*(1-Assumptions!$B$55) | R118: =MIN(P118,Q118) | S118: =Assumptions!$B$53/R118 | T118: =Assumptions!$B$27*(Assumptions!$B$64+$B$105/Assumptions!$B$27)/(Assumptions!$B$64+J118) | U118: =IF(H118<Assumptions!$B$27,Assumptions!$B$27/T118,1) | V118: =Assumptions!$B$26*(Assumptions!$B$64+$B$105/Assumptions!$B$26)/(Assumptions!$B$64+J118) | W118: =IF(H118<Assumptions!$B$26,Assumptions!$B$26/V118,1)
